Id,Name,Description,Professional_Role_Id,Professional_Role
127999885,Оператор приемки молока,"<p><strong>Молочный комбинат «Самаралакто» </strong>обеспечивает население продуктами, известными под такими брендами, как «Простоквашино», «Bio Баланс», «Для всей семьи», «Актуаль», «АктиБио», «Растишка», «Даниссимо». Основанный в 1932 году, несмотря на свой возраст он является одним из самых современных и инновационных заводов компании!</p> <p><strong>В индустриальном отделе </strong>мы создаем новые инструменты производства, внедряем лучшие практики в постоянном стремлении к совершенству и эффективности, а также создаем продукты, которые любят миллионы семей по всей стране!</p> <p><strong>В этой роли ты будешь:</strong></p> <ul> <li>Наводить моющие растворы</li> <li>Проверять участок приемки на предмет целостности оборудования; (работа по чек-листу)</li> <li>Вести документацию, журналы (в электронном и бумажном виде)</li> <li>Производить сверку документов на соответствие требования нормативным документам</li> <li>Заниматься приемкой молока в системе SAP и Меркурий</li> </ul> <p><strong>Мы ищем именно тебя, если:</strong></p> <ul> <li>У тебя есть высшее или средне профессиональное образование (профильное техническое образование, связанное с пищевой промышленностью)</li> <li>У тебя есть опыт работ в производстве(будет являться преимуществом)</li> <li>Тебе подходит сменный график работы (смена с 10:00 до 02:00/2 выходных)</li> <li>Ты уверенный пользователь ПК(знание Excel, желательно знание программ SAP и Меркурий)</li> <li>Ты хочешь работать в производстве пищевой продукции и развиваться в этом направление</li> <li>Ты готов к обучению</li> <li>Ты готов соблюдать санитарно-гигиенические требования при проведении работ</li> </ul> <p><strong>Мы предлагаем:</strong></p> <ul> <li>Официальное оформление с первого рабочего дня (белая заработная плата, оплата больничных листов, ежегодные отпуска), повышенная оплата за работу в выходные и праздничные дни</li> <li>ДМС со стоматологией с первого месяца работы, страхование жизни, льготное страхование близких, медицинский осмотр за счет компании. Доплата по больничному листу до 100% заработной платы (10 дней в году)</li> <li>Работа в команде профессионалов и возможности карьерного роста</li> <li>Программа признания заслуг по различным номинациям (подарочные сертификаты, памятные призы)</li> <li>Денежный бонус по программе «Приведи друга» - от 23 000 рублей</li> <li>Регулярная выдача продукции, производимой в компании</li> <li>Доставка корпоративным транспортом до места работы и обратно</li> <li>Специальная одежда и обувь за счет компании, современные средства защиты для безопасной работы</li> <li>Неформальная корпоративная жизнь: встречи команд, развитое волонтерское движение, поддержка спорта и семейные мероприятия</li> <li>Гарантированные условия выплаты ежемесячной премии в первые 3 месяца работы, далее размер премии зависит от ваших результатов</li> <li>Льготное горячее питание, комфортные комнаты для отдыха и приема пищи</li> </ul>",84,"Оператор ПК, оператор базы данных"
128692715,Системный аналитик,"<p>Наша компания POWWWER разрабатывает облачные системы автоматизации и управления бизнесом. Мы ищем в свою команду Системного Аналитика для новых интересных проектов.</p> <p><strong>Обязанности:</strong></p> <p>• Сбор функциональных требований</p> <p>• Классический анализ для заказной разработки клиент-серверных приложений (бэк/фронт)</p> <p>• Сопровождение процесса разработки;</p> <p>• Описание Use Case и User Story</p> <p>• Моделирование BPMN диаграмм для описания процессов</p> <p>• Описание функциональных алгоритмов в виде блок-схем</p> <p>• Постановка ТЗ, ЧТЗ для разработки</p> <p>• Проработка новых и изменение существующих бизнес-процессов;</p> <p>• Проработка технических решений, интеграций, описание API;</p> <p>• Разработка новых и поддержание существующих спецификаций продукта;</p> <p>• Декомпозиция и описание задач для разработки;</p> <p>• Анализ логов и разбор нестандартных инцидентов;</p> <p>• Участие в планировании релизов и формировании продуктового backlog.</p> <p> </p> <p> </p> <p><strong>Требования</strong>:</p> <p>• Опыт работы в роли Системного аналитика от 3,5 лет;</p> <p>• Опыт написания ТЗ для разработчиков;</p> <p>• Знание технологий интеграции систем (REST, SOAP);</p> <p>• Опыт документирования REST API, проектирование REST API;</p> <p>• Понимание форматов XML/XSD, JSON;</p> <p>• Навыки описания API;</p> <p>• Понимание принципов проектирования реляционных баз данных;</p> <p>• Опыт проектирования предметных областей и структуры БД;</p> <p>• Опыт работы с проектной документацией;</p> <p>• Навыки описания бизнес-процессов в различных нотациях (BPMN, ERD, UML);</p> <p>• Понимание принципов клиент-серверной и микросервисной архитектуры;</p> <p>• Опыт работы с брокерами сообщений (rabbit);</p> <p>• Умение работать с инструментами тестирования web-сервисов (SoapUI, Postman);</p> <p>• SQL на уровне простых запросов;</p> <p>• Опыт работы с Jirа/Confluence;</p> <p>• Готовность работать с кодом, инструментами для моделирования бизнес-процессов.</p> <p> </p> <p><strong>Дополнительные навыки (будет преимуществом):</strong></p> <ul> <li>Опыт работы в банках от 3 лет</li> <li>Знание сетевого стека TCP/IP</li> <li>Технические навыки:</li> </ul> <p>REST/gRPC, OpenAPI, версионирование, очереди/шины (Kafka), управление схемами.</p> <p>PostgreSQL/Oracle, ER-модели, индексы, кэширование (Redis), миграции (Flyway/Liquibase), практики DQ/MDM, Data Lineage.</p> <p>JUnit 5, Testcontainers, Pact/WireMock, нагрузочное тестирование (Gatling/JMeter), формулирование NFR и SLO.</p> <p> </p> <p><strong>Условия:</strong></p> <p>● Интересные проекты и задачи;</p> <p>● Официальное трудоустройство;</p> <p>● График работы 5/2, возможность гибкого графика и удаленной работы;</p> <p>● Удобный офис в Нижней зоне Академгородка;</p> <p>● ДМС.</p>",148,Системный аналитик
128973523,Ведущий программист 1С (Senior),"<p>Аккредитованная ИТ-компания, входящая в Группу компаний &quot;Содружество&quot;, ищет <em><strong>Ведущего программиста 1С (Senior)</strong></em>, который станет частью нашей профессиональной команды Отдела технологического проектирования и разработки программных решений на платформе 1С 8.3 и будет готов развиваться вместе с нами.</p> <p><strong>МЕСТО РАБОТЫ: </strong>удаленный формат работы из любой точки с синхронизацией рабочего времени по Калининграду или Москве.</p> <p><strong>ВАШИ БУДУЩИЕ ЗАДАЧИ</strong></p> <ul> <li>Участие в проектировании архитектуры решений на платформе 1С;</li> <li>Адаптация типовых блоков конфигураций 1С под потребности бизнеса;</li> <li>Проектирование, разработка собственных решений для бизнеса на платформе 1С под ключ;</li> <li>Проектирование и разработка интеграций как между системами 1С, так и между системами 1С и Не 1С ( Directum,RX, внешние сервисы);</li> <li>Создание технической документации к разрабатываемому ПО;</li> <li>Контроль качества разрабатываемого программного кода, проведение code review;</li> <li>Рзработка отчетов на СКД.;</li> <li>Создание механизмов обмена данными на платформе 1С (1С: Конвертация данных 2.0 и 3.0);</li> <li>Реализация интеграций через механизмы xml, json, o-data, опыт написания web-сервисов.</li> </ul> <p><strong>НАШИ ПОЖЕЛАНИЯ К УСПЕШНОМУ КАНДИДАТУ</strong></p> <ul> <li>Опыт разработки на платформе 1С:8.3, в том числе разработки на управляемых формах;</li> <li>Знание клиент-серверной архитектуры 1С;</li> <li>Опыт разработки отчетов на СКД;</li> <li>Знание механизмов обмена данными на платформе 1С (1С: Конвертация данных 2.0 и 3.0 будет большим плюсом);</li> <li>Умение применять в работе механизм расширений;</li> <li>Опыт успешных интеграций через механизмы xml, json, o-data, опыт написания web-сервисов;</li> <li>Опыт работы с хранилищем конфигураций 1С.</li> </ul> <p><em>Будет преимуществом:</em></p> <ul> <li>Понимание принципов Agile;</li> <li>Сертификат &quot;1С: Специалист&quot; или желание получить его;</li> <li>Опыт работы с 1C:Enterprise Development Tools, GitLab, Jenkins, Docker, Jira, Confluence, Gherkin, RabbitMQ, Elasticsearch.</li> </ul> <p><strong>МЫ ПРЕДЛАГАЕМ:</strong></p> <p><em><strong>График работы:</strong></em> 5/2 (понедельник - пятница с 9:00 до 18:00);</p> <p><em><strong>Конкурентный и достойный уровень заработной платы</strong></em><strong> </strong><em>(просьба указать в резюме или в сопроводительном письме Ваши финансовые ожидания)</em>;</p> <p><em><strong>Удаленный формат работы</strong></em> из любой точки с синхронизацией рабочего времени по Калининграду или Москве;</p> <p><em><strong>Мощное «железо» и софт</strong></em>, которые позволят Вам эффективно решать поставленные задачи;</p> <p><em><strong>Индивидуальный путь профессионального развития</strong></em> в команде единомышленников и под руководством опытных специалистов;</p> <p><em><strong>Расширенную корпоративную программу ДМС</strong></em>, которая включает услуги стоматолога;</p> <p><em><strong>Поддержку семьи</strong></em>: частичную компенсацию расходов на детский отдых, ежегодные новогодние подарки, а для первоклассников — корпоративный портфель;</p> <p><em><strong>Ежегодный пересмотр заработной платы</strong></em>, чтобы Ваш доход соответствовал рыночному уровню;</p> <p><strong><em>Участие в проектах</em></strong><strong>, </strong>обеспечивающих продовольственную безопасность и технологический суверенитет России.</p>",96,"Программист, разработчик"
127656173,DevOps,"<p>В <strong>ГК Русагро</strong> открыта вакансия<strong> DevOps</strong></p> <p><strong>Что нужно делать?</strong></p> <ul> <li>Поддержка и развитие инфраструктуры, включая серверные технологии и сетевые протоколы;</li> <li>Разработка и реализация алгоритмов автоматизации для повышения эффективности работы компании;</li> <li>Доработка существующих систем для улучшения производственных процессов;</li> <li>Конфигурация операционных систем и сервисов для обеспечения функционирования информационных систем;</li> <li>Настройка и использование систем мониторинга (Zabbix, Prometheus, Grafana, Loki) для обеспечения высокой доступности и производительности;</li> <li>Обеспечение безопасности и масштабируемости баз данных (PostgreSQL, MySQL, MongoDB, Cassandra);</li> <li>Реализация практик непрерывной интеграции и доставки, а также инфраструктуры как кода;</li> <li>Работа с Istio Service Mesh для управления трафиком, обеспечения безопасности и наблюдаемости;</li> <li>Использование и настройка прокси-серверов (Envoy Proxy, Nginx);</li> <li>Настройка VPN-серверов и клиентов (OpenVPN, Wireguard, OpenConnect).</li> </ul> <p><strong>Что для этого требуется?</strong></p> <ul> <li>Опыт работы на аналогичной должности от 3х лет;</li> <li>Знания в области инфраструктуры и системного администрирования, сетевых технологий и протоколов, а также серверных технологий;</li> <li>Умение писать код на скриптовых языках (Python, Bash), понимать принципы разработки ПО и владеть инструментами контроля версий, прежде всего Git;</li> <li>Опыт работы с Docker и Kubernetes;</li> <li>Знание практик и инструментов непрерывной интеграции и доставки (CI/CD), инфраструктуры как кода (IaC), а также мониторинга и обсервабельности (OpenSearch, Graylog, ElasticSearch, Loki, Promtail);</li> <li>Понимание принципов работы как реляционных (PostgreSQL, MySQL), так и NoSQL (MongoDB, Cassandra) баз данных, а также знать, как обеспечивать их масштабируемость, безопасность и отказоустойчивость;</li> <li>Знание и умение использовать и настраивать стек системы мониторинга Zabbix, Prometheus + Grafana + Loki;</li> <li>Умение использовать в качестве прокси envoy proxy, nginx;</li> <li>Опыт использования PowerShell в CI/CD;</li> <li>Опыт настройки Gitlab CI/CD + Gitlab runners (Linux, Windows, Kubernetes) + Registry + Kubernetes.</li> </ul> <p><strong>Желательно:</strong></p> <ul> <li>Опыт работы с облачными платформами Yandex, VK Cloud;</li> <li>Знание Airflow, Kubeflow;</li> <li>Знание Istio Service Mesh - наблюдаемость, управление трафиком и безопасность;</li> <li> <p>Опыт настройки VPN серверов и клиентов (OpenVPN, Wireguard, OpenConnect).</p> <p> </p> </li> </ul> <p><strong>Что готовы предложить?</strong></p> <ul> <li>Официальное трудоустройство в соответствии с ТК РФ в аккредитованную IT‑компанию;</li> <li>Белая заработная плата: оклад + бонус;</li> <li>Широкий пакет ДМС с ведущими клиниками города. Стоматология включена в пакет ДМС!</li> <li>Компания осуществляет бронирование сотрудников в рамках норм действующего законодательства;</li> <li>Работа в команде профессионалов с возможностью роста;</li> <li>Программа наставничества, которая помогает адаптироваться новым сотрудникам;</li> <li>Компания предоставляет возможность обучать других сотрудников и стать самому наставником;</li> <li>Семинары и корпоративная библиотека курсов;</li> <li>Работа с современными цифровыми системами и возможность принять участие в проектах автоматизации функций;</li> <li>Насыщенная корпоративная жизнь: Ежегодные &quot;Честные игры&quot; (спортивно-интеллектуальный турнир, различные квизы, программа Амбассадорства и другие мероприятия).</li> <li>График работы 5/2, 40 часовая рабочая неделя;</li> <li>Работа в офисе, ул. Валовая 35.</li> </ul>",160,DevOps-инженер
121719040,Ведущий инженер-программист АСУ ТП,"<strong>Обязанности:</strong> <p>- Разработка прикладного программного обеспечения и интерфейса оператора (SCADA) для автоматизации опытных и промышленных установок различного назначения</p> <p>- Оформление результатов своей деятельности согласно ГОСТ 34.201, ЕСКД</p> <p>- Участие в проведении пусконаладочных работ</p> <p>- Осуществление руководства и организации отдельных стадий или направлений проектных работ в части программного обеспечения (ПО), участие в решении всех связанных с этим научно-технических вопросов</p> <p>- Планирование и координирование работы исполнителей, участвующих в разработке отдельных элементов или частей проекта</p> <p>- Разработка и согласование с заказчиком технических заданий на разработку программного обеспечения</p> <p>- Изучение и анализ поступающего от других предприятий ПО в целях его использования при проектировании и конструировании</p> <p><strong>Требования:</strong></p> <p>- Высшее техническое образование в области автоматизации, электротехники, или смежной специальности</p> <p>- Опыт работы в области АСУ ТП, желательно от 5 лет</p> <p>- Знания в области разработки прикладного ПО на языках программирования МЭК 61131-3</p> <p>- Знание среды разработки CODESYS и наличие реализованных проектов в данной среде</p> <p>- Знание среды разработки MasterSCADA и наличие реализованных проектов в данной среде</p> <p>- Опыт работы с пакетом SoftMotion (желателен)</p> <p>- Знание принципов функционирования и построения промышленных сетей и протоколов (Ethernet, Profibus DP, Profinet, Modbus RTU, Modbus TCP, CANopen, EtherCAT, OPC.)</p> <p>- Знание современной аппаратной базы отечественных и зарубежных производителей, используемой для создания АСУ ТП (RealLab, ОВЕН, ProSoft, SIEMENS, Schneider Electric, ABB, и др.)</p> <p>- Умение читать принципиальные электрические схемы оборудования, в т.ч. на силовые шкафы и шкафы управления</p> <p>- Умение оформлять результаты своей деятельности согласно требований ГОСТ34.201, ЕСКД - Умение творчески подходить к решению задач</p> <strong>Условия:</strong> <ul> <li> <p><strong>Комфортные условия работы</strong></p> </li> <li>Современные рабочие места</li> <li>Цифровые сервисы для сотрудников</li> <li> <p><strong>Обучение и развитие</strong></p> </li> <li>Собственная онлайн-платформа с программами профессионального и личностного роста – от инженерных курсов до изучения иностранных языков</li> <li>Участие в конференциях, тренингах и конкурсах профессионального мастерства</li> <li> <p><strong>Карьерные возможности</strong></p> </li> <li>Карьерные консультации для построения экспертной или управленческой траектории роста</li> <li>Поддержка карьерного развития сотрудников</li> <li> <p><strong>Социальные программы</strong></p> </li> <li>ДМС со стоматологией и госпитализацией</li> <li>Страхование несчастных случаев на производстве</li> <li>Линия психологической поддержки</li> <li>Финансовая помощь в особых жизненных ситуациях</li> <li> <p><strong>Корпоративная жизнь</strong></p> </li> <li>Тимбилдинги</li> <li>Спортивные активности и отраслевые соревнования</li> <li>Волонтерские движения</li> <li>Мероприятия для сотрудников и их семей</li> </ul>",96,"Программист, разработчик"
128937519,Программист,"<strong>Обязанности:</strong> <ul> <li> <p>HTML / CSS / PHP / JSON (вёрстка)</p> </li> <li> <p>Работа с базами данных MySQL</p> </li> <li> <p>Работа с телеграм ботами (разной сложности)</p> </li> <li> <p>Построение сети внутри организации</p> </li> <li> <p>Обслуживание сервера и техники организации</p> </li> <li> <p>Уверенная работа с продуктами WINDOWS, Linux, Apple</p> </li> </ul> <strong>Требования:</strong> <ul> <li>Пунктуальность</li> <li>Стрессоустойчивость</li> <li>Грамотность</li> <li>Уверенная работа с ПК</li> <li>Умение работать с оборудованием</li> </ul> <strong>Условия:</strong> <ul> <li>График работы с понедельника по пятницу с 10:00 до 16:00, при высокой загруженности до 18:00</li> <li>Заработная плата от 65.000 рублей</li> </ul>",96,"Программист, разработчик"
129038557,Специалист технической поддержки,"<p>Ищем специалистов <strong>БЕЗ ОПЫТА</strong> на проекты от известных брендов в РФ, которым будет интересна сфера клиентского обслуживания.</p> <p>А ещё мы можем предложить тебе в будущем карьеру в IT, HR и других направлениях.</p> <p>Сейчас открыта вакансия <strong>Специалиста технической поддержки клиентов. </strong>Стабильный проект федерального значения без продаж. Не чаты и не фриланс, всё официально. Всему научим, опыт не нужен!</p> <p><strong>Для тебя у нас есть:</strong></p> <ul> <li>Стабильный доход <strong>от 50 000 ₽</strong> (оклад + премия, растут от стажа работы)</li> <li>График работы:<strong> </strong>2/2, время работы выбираешь самостоятельно <strong>(все перерывы включены!)</strong></li> <li><strong>Удаленный формат</strong></li> <li><strong>Официальное трудоустройство в аккредитованную IT-компанию с первого дня</strong></li> <li>Работа на выделенном стабильном проекте в команде профессионалов</li> <li>Оплата обучения с первого дня. Всему научим и заплатим за это!</li> <li>Реальный карьерный рост, благодаря корпоративной Академии карьеры</li> <li><strong>10 000 рублей и корпоративная валюта за каждого приведенного друга</strong></li> <li>Корпоративное медицинское сопровождение и подарки за год работы</li> <li>Полный пакет поддержки персонала: Экологичная адаптация, Банк идей, Отдел заботы, корпоративные форумы, челленджи и многое другое</li> <li>Корпоративные скидки для сотрудников от школы иностранных языков, фитнес-клубов и интернет-провайдера</li> <li>Портал «Вселенная Игрофикации»: после работы можно играть с коллегами в различные игры (Мафия, Угадай Мелодию, турниры по DOTA 2/CS 2 и многое другое) и получать за это корпоративную валюту</li> </ul> <p><strong>Что будешь делать:</strong></p> <ul> <li>Принимать входящие звонки клиентов известного интернет-провайдера</li> <li>Отвечать на вопросы по скрипту с заботой и пониманием</li> <li>Разбираться в продукте (всему научим!)</li> </ul> <p><strong>Мы ждём от тебя:</strong></p> <ul> <li>Грамотная устная речь</li> <li>Уверенное владение русским языком</li> <li>Базовые навыки работы с ПК</li> <li>Готовность консультировать клиентов по техническим вопросам</li> <li>Своевременное предоставление документов для оформления</li> <li>Обязательное прохождение технического теста</li> </ul> <p><strong>Оставляй отклик прямо сейчас, если чувствуешь мэтч!</strong></p> <p><strong>Пригласим на собеседование сегодня, а завтра уже начнешь зарабатывать!</strong></p> <p><em>Будет здорово, если у тебя есть опыт работы в таких компаниях, как: Смартер, Voxys, INFOTELL, Телеперфоманс, Аудиотеле, CallTraffic, Телеконтакт, Voolna, Ростелеком, ВТБ, Neovox, IQLINE, РТС Глобал, Билайн, МТС, Сбер, Яндекс, Тинькофф, Авито, Ростелеком, РТК, Neovox, РТС Глобал, Билайн, а также опыт работы на позициях: менеджер, продавец-консультант, оператор по работе с входящими звонками, специалист банка, специалист службы техподдержки, менеджер контакт (call)-центра, специалист интернет-магазина, специалист чат-ботов, менеджер страхования, а также начинающий специалист без опыта, который ищет удаленную работу со сменным или гибким графиком, подработку, вакансии контактного центра, частичная занятость, подработка, менеджер по работе с клиентами, менеджер по продажам, начало работы, без опыта, гибкий график. Если нет, всему научим!</em></p>",121,Специалист технической поддержки
128960677,Python-разработчик,"<p><strong>Мы - команда опытных специалистов, которые занимаются продвижением и созданием продуктов в IT сфере.</strong></p> <p><strong>Наша компания проделала длинный путь, от группы единомышленников до международной компании, которая помогла развиться большому числу проектов-стартапов вырасти в самостоятельный и успешный бизнес, который присутствует на рынках России, СНГ, Латинской Америки, Азии.</strong></p> <p><strong>Наши проекты развиваются и становятся крупнее, а это значит, нам нужны новые люди.</strong></p> <p><strong>Сейчас, в связи с расширением команды, мы в поисках Python-разработчика</strong></p> <p><strong>Обязанности:</strong></p> <ul> <li> <p>Разработка асинхронной микросервисной архитектуры на FastAPI. Высокие требования к отказоустойчивости платформы;</p> </li> <li> <p>Тесное взаимодействие с командами тестирования и аналитики.</p> </li> </ul> <p><strong>Требования:</strong></p> <ul> <li>Уверенное владение от Python 3.8+;</li> <li>Опыт работы с CУБД (MySQL\Postgres\Mongo);</li> <li>Опыт работы с Redis;</li> <li>Опыт использования очередей сообщений (RabbitMQ, Kafka);</li> <li>Опыт работы с Django, FastAPI, Flask, etc.;</li> <li>Уверенное владение Git (опыт работы с gitlab);</li> <li>Опыт использования Docker(создание dockerfile и запуск контейнера), docker-compose;</li> <li>Опыт построения многопоточных приложений c замками и флагами, опыт работы с системой библиотек aio-libs;</li> <li>Опыт работы с библиотекой celery, библиотекой socketio;</li> <li>Опыт работы с сабпроцессами и систем-юнитами;</li> <li>Умение проектировать логику задач / выбирать подходящие для решения задачи технологии.</li> </ul> <p><strong>Будет плюсом:</strong></p> <ul> <li>Опыт работы с инструментами Atlassian: Jira, Confluence;</li> <li>Опыт работы с kubernetes и helm-конфигами;</li> <li>Опыт работы с newSQL решениями для хранения и обработки BigData (TIDB).</li> </ul> <p><strong>Условия:</strong></p> <ul> <li> <p>Удаленка или офис в Казани (ИТ-парк или БЦ Сфера). Команда отлично работает распределенно;</p> </li> <li> <p>Гибкий график работы;</p> </li> <li> <p>Супер-приятный коллектив, здоровая атмосфера и взаимная поддержка;</p> </li> <li> <p>Возможность принимать прямое участие в создании продукта на миллионы пользователей;</p> </li> <li> <p>Перспективы вырасти в рамках компании;</p> </li> <li> <p>Корпоративные мероприятия: спорт, обучение;</p> </li> <li>2 Day-off в год на важные мероприятия и премия сотрудникам по значимым событиям (день рождения, заключение брака и др);</li> <li> <p>ДМС после 3х месяцев работы.</p> </li> </ul>",96,"Программист, разработчик"
128981925,Менеджер по техническому надзору за безопасностью Центра безопасности.,"<p><strong>Обязанности:</strong></p> <p>Организация и проведение проверок по безопасности, выявление потенциальных опасностей и контроль устранения нарушений.</p> <p>− Организация внедрения системы управления рисками, включая их классификацию по уровням и контроль мероприятий по устранению.</p> <p>− Организация и развитие системы управления пожарной безопасностью, контроль выполнения требований и поручений вышестоящих органов.</p> <p>− Управление и контроль выполнения опасных видов работ.</p> <p>− Организация контроля соблюдения принципа «три одновременно» (одновременное проектирование, строительство и ввод в эксплуатацию мер безопасности), а также надзор за безопасностью новых и реконструируемых объектов.</p> <p>− Организация расследования инцидентов и происшествий с соблюдением принципа «четырёх не оставлять без внимания» (причины, меры, ответственные, контроль исполнения).</p> <p>− Пресечение нарушений требований безопасности и распространение передового опыта в области управления безопасностью.</p> <p>− Выполнение иных поручений вышестоящего руководства в рамках компетенции.</p> <p><strong>Требования:</strong></p> <p><strong>- </strong>Высшее техническое образование по специальностям;</p> <p>- Более 2 лет опыта в соответствующей отрасли.</p> <p> </p>",116,Специалист по информационной безопасности
128227107,Специалист технической поддержки 1С:ЗУП,"<p><strong>Ракетно-космическая корпорация «Энергия»</strong> — это флагманское предприятие отечественной космонавтики, занимающееся проектированием и созданием передовых космических систем, в число которых входят модули для Международной космической станции, пилотируемые корабли серии «Союз», грузовые корабли серии «Прогресс», а также самые новейшие разработки – пилотируемый транспортный корабль нового поколения и проект Российской орбитальной станции (РОС).<br /><br />Приглашаем в нашу команду <strong>Специалиста технической поддержки 1С</strong>!</p> <h2> </h2> <h2>Наши условия:</h2> <p> </p> <ul> <li>Официальное трудоустройство в соответствии с ТК РФ;</li> <li>Стабильная белая заработная плата 2 раза в месяц: оклад + ежеквартальные премии, (оговаривается с финальным кандидатом на собеседовании в соответствии с его опытом);</li> <li>Возможности для профессионального и личного роста;</li> <li>Корпоративное обучение.</li> </ul> <p> </p> <h2>Что требуется от вас:</h2> <p> </p> <ul> <li>Высшее или среднее специальное (специальности ИТ профиля, экономическая группа специальностей);</li> <li>Хорошие знания конфигураций 1С: Предприятие 8.3, конфигурация ЗУП КОРП;</li> <li>Знание предметной области;</li> <li>Опыт документирования;</li> <li>Умение говорить с заказчиком и программистом на одном языке.</li> </ul> <p> </p> <h2>Ваши задачи:</h2> <p> </p> <ul> <li>Анализ обращений пользователей, консультирование пользователей по следующим вопросам:<br />• Кадровый учет (прием, перевод, увольнение сотрудников, ведение плановых, разовых начислений, премий, командировок, отпусков, отсутствий, премий, БЛ, командировок, табелей, сверхурочных, работы в выходные и праздники, 1С-Отчетность);<br />• Расчет заработной платы (начисления, удержания, больничные листы, надбавки, отпуска, натуральные доходы, мат.помощь, командировки, договора ГПХ, компенсации, разовые начисления), страховые взносы, резервы по оплате труда;<br />• Отчеты: 6НДФЛ, 2НДФЛ, СЗВ-Стаж, ЕФС-1.</li> <li>Тестирование и участие во внедрении нового функционала;</li> <li>Разработка руководств пользователей, ведение базы знаний (локальная wiki организации).</li> </ul> <p><br />Место работы: Московская область, г. Королев, ул. Ленина, 4А (15 мин от ж/д станции &quot;Подлипки-Дачные&quot;).<br /><br />Оставляйте отклик на вакансию и становитесь частью космической команды РКК «Энергия»!</p>",121,Специалист технической поддержки
126970744,SRE инженер / Эксперт по обеспечению надежности,"<p><strong>МТС </strong><strong>Финтех</strong> – одно из ключевых направлений экосистемы МТС.<br />Мы используем современные цифровые решения и развиваем технологичные банковские сервисы, доступные каждому.</p> <p>Наши команды совершенствуют финтех-продукты для В2В и В2С. Создают сайты на TypeScript + React + Next.js с SSR. И реализуют проекты в Kubernetes-среде, чтобы обеспечивать надёжность для миллионов клиентов МТС Финтех.</p> <p><strong>Наш стек:</strong></p> <ul> <li>Linux, PostgreSQL, RDBMS Oracle, ELK, Grafana, Zabbix, BCP/DRP, RTO, RPO, SLA/SLO/SLI, Bash, OSI.</li> </ul> <p><strong>Что для нас важно:</strong></p> <ul> <li>опыт внедрения практик и инструментов SRE</li> <li>знание принципов формирования SLA/SLI/SLO</li> <li>умение работать с высоконагруженными сервисами</li> <li>знание принципов и методов обеспечения качества и надёжности ИТ сервисов</li> <li>навыки работы в Grafana – создание дашбордов, настройка Alerting</li> <li>опыт работы с ELK (запросы, визуализация, дашборды)</li> <li>навыки работы в ОС Linux, в том числе опыт написания bash-скриптов</li> <li>опыт участия в ИТ-проектах или работы в продуктовых командах (взаимодействие с аналитиками, разработчиками, QA)</li> <li>высшее техническое образование</li> </ul> <p><strong>Ты будешь:</strong></p> <ul> <li>внедрять практики SRE на уровне продуктов и систем Банка</li> <li>формировать и контролировать реализации нефункциональных требований к доработкам</li> <li>прорабатывать и описывать методики диагностики, подготовку эксплуатационных инструкций, обучений L1 и L2</li> <li>улучшать метрики надежности, наблюдаемости в продуктах/системах совместно с продуктовыми командами или администраторами систем</li> <li>выстраивать процессы управления уровнем сервиса на основе SLA/SLO/SLI</li> <li>обеспечивать формирование планов и мероприятий по обеспечению непрерывности (DRP/DRT, катастрофоустойчивость, подтверждению заявленных RTO/RPO)</li> <li>проактивно выявлять проблемы и дефекты функционала по продуктовым метрикам, логам, БД</li> <li>устранять аварии и нештатные ситуации, выявлять причины, прорабатывать меры, подготавливать Postmortem-отчёты</li> <li>проводить анализ ИТ-решений, взаимодействовать с командами и подразделениями в рамках анализа ИТ-решений и интеграций</li> </ul> <p> </p> <ul> </ul>",160,DevOps-инженер
128942373,2D Motion designer / Моушн дизайнер,"<p><strong>NinjaPromo</strong><strong> </strong>(со студийным подразделением DuckDesign) – это ведущая digital-компания с 8-летней экспертизой. Мы продвигаем бренды на международном рынке <strong>(работаем с: США, Европой, Азией, ОАЭ)</strong> с помощью многоканальных маркетинговых решений и креативного дизайна.</p> <p>Мы глубоко понимаем отраслевые принципы и особенности, развиваем крупные IT компании, помогаем Web2, а также Web3-проектам (DeFi, NFT, DAO, GameFi.) выходить на международные рынки и завоёвывать их.</p> <p><em>В связи с увеличением количества клиентов мы расширяем нашу команду и сейчас ищем внимательного​​ <strong>Моушн Дизайнера по 2D направлению</strong>, который станет частью нашей креативной команды.<br /><br />Запланированная вакансия, рабочее место, планируемое к созданию и замещению, возможность начать работу с января 2026 г. или даже позже.</em></p> <p><strong>Наши ценности:</strong></p> <p>1) <strong>Надежность и ответственность</strong>: мы держим свои обещания. Не важно - перед коллегами, клиентами или руководителями. Мы не срываем сроки и делом подтверждаем данные ранее гарантии.</p> <p>2) <strong>Достоинство</strong>: у нас свобода выражения мнений и взглядов, профессиональная этика и честность, уважение вне зависимости от должности или статуса со стороны коллег и руководства. В нашей компании к твоему мнению действительно будут прислушиваться.</p> <p>3) <strong>Дисциплина</strong>: мы любим порядок во всем, постоянно и системно обмениваемся ключевой информацией, стремимся держать коллег в курсе всех новостей и апдеитов - ведь чем больше информации мы даем друг другу, тем проще и быстрее решить и даже предотвратить любую проблему.</p> <p><strong>Чем мы вместе будем заниматься:</strong></p> <ul> <li>Созданием коротких видеороликов с учетом пожеланий и предпочтений целевой аудитории и клиента;</li> <li> <p>Разработкой креативных концепций, подбором референсов, созданием раскадровок;</p> </li> <li>Соблюдением последовательности пайплайна и внутренних процессов;</li> <li>Презентациями дизайн-проектов, обоснование правильности принимаемых дизайнерских решений;</li> <li><strong>Векторной анимацией;</strong></li> <li>Общением с клиентами, проектными менеджерами и Тим Лидом на этапе сдачи этапов работ.</li> </ul> <strong>Мы будем рады, если у тебя:</strong> <ul> <li>Релевантный опыт работы и коммерческое портфолио;</li> <li>Владение программами Adobe After Effects \ Encoder \ Adobe Illustrator, Figma;</li> <li>Чувство ритма и тайминга, умение собрать композицию и подобрать цвета / стиль, понимание режиссуры;</li> <li><strong>Английский язык от A2</strong>, т.к будет коммуникация с клиентом;</li> <li>Креативность и любовь к анимации.</li> </ul> <strong>Условия:</strong> <ul> <li> <p>Удобный удаленный или гибридный формат работы с графиком 10:00 - 19:00 и часовым перерывом на обед;</p> </li> <li> <p>У нас ежегодный отпуск в 25 календарных дней, который нам удобно делить на несколько частей и отдыхать в разные месяца года по выбору самого сотрудника;</p> </li> <li>Привязку заработной платы к валюте, авансовый платеж;</li> <li> <p>Наши сотрудники участвуют в международных конференциях, представляют компанию в длительных командировках в других странах (в этом году это Дубай);</p> </li> <li> <p>У нас топовые тулы (Hubspot, Clickup, Slack, Trello, notion и тд.), что значительно автоматизирует и упрощает нашу работу, добавляет прозрачности процессов;</p> </li> <li> <p>Компания компенсирует обучение по профильным сторонним курсам, мы также проводим курсы и обучения внутри компании с приглашением экспертов извне;</p> </li> <li>Мы приветствуем и поддерживаем собственные идеи наших сотрудников, их таланты и энергию – и даем возможность реализовывать внутри компании и с финансированием компании достойные идеи сайд-проектов;</li> <li> <p>Наша компания - резидент Парка Высоких Технологий и наша компания занимается благотворительностью (в этом году с помощью ПВТ мы помогали слабовидящим детям);</p> </li> <li> <p>Дог и пет френдли офис в центре Минска с удобным транспортным сообщением (минута ходьбы от метро), парковка, рядом парк и плошадка стрит фуда, в офисе огромная кофемашина, чаи на выбор, игровая зона с минифутболом, чтобы размяться, возможность расположиться на бескаркасных креслах, если затекла спина, огромная ухоженная крыша с лавочками и газоном для общения, пополнения запасов витамина D или уютных обедов.</p> </li> </ul> <p><strong>Работа в нашей команде это возможность быть в эпицентре инноваций цифрового маркетинга и дизайна и участие в запуске и долгосрочном развитии масштабных мировых проектов.</strong></p> <p><strong>Если вы мотивированы, умны, увлечены и ищете достойную рабочую среду, наша компания может оказаться последним местом, куда вы отправите свое резюме ♥</strong></p> <div> </div>",34,"Дизайнер, художник"
129144693,Ведущий системный администратор,"<strong>Обязанности:</strong> <ul> <li>Администрирование серверной инфраструктуры на базе ОС Windows/Linux, распределенной файловой системы, систем виртуализации, криптографических средств;</li> <li>Обеспечение работы серверного и периферийного оборудования;</li> <li>Внедрение и сопровождение средств защиты информации, мониторинг защищенности системы;</li> <li>Участие в разработке технических решений и контроль их внедрения, участие в пусконаладочных работах;</li> <li>Администрирование систем виртуализации, резервного копирования и мониторинга;</li> <li>Администрирование криптографических средств;</li> <li>Участие в разработке и реализации политики информационной безопасности компании;</li> <li>Администрирование учётных записей, доступов и прав пользователей. ​​​​​</li> </ul> <strong>Требования:</strong> <ul> <li>ОБЯЗАТЕЛЬНО уверенное администрирование Astra Linux, Alt Linux;</li> <li>Знание сетей, опыт балансировки нагрузки на уровне L3;</li> <li>Желательно профильное высшее образование в сфере информационных систем.</li> <li>Опыт администрирования серверного и периферийного оборудования не менее 3 лет.</li> <li>Опыт работы с системами виртуализации (Hyper-V, ProxMox, VMware и др.);</li> <li>Опыт работы с docker/docker-compose;</li> <li>Опыт настройки средств мониторинга (Grafana, Zabbix, Prometheus и др.)</li> <li>Опыт работы с СУБД PostgreSQL, MySQL, Redis;</li> <li>Опыт работы с отечественными антивирусными корпоративного сектора;</li> <li>Опыт работы с СКЗИ (VipNet, Континент и др.);</li> <li>Опыт работы с сетевым оборудованием (Mikrotik, Qtech, Eltex и др);</li> <li>Опыт работы с СХД;</li> <li>Грамотность, способности к анализу, системный подход к решению проблем;</li> <li>Будет плюсом опыт работы с инструментами и системами обеспечения безопасности.</li> </ul> <ul> </ul>",113,Системный администратор
127876999,Инженер-тестировщик ПАК (программно-аппаратных комплексов),"<p><strong>Кто мы такие</strong></p> <p>Мы — лидер в создании цифрового рентгеновского оборудования и ИТ-решений для медицины в России. Тот самый рентген-аппарат в вашей районной поликлинике — с большой вероятностью наша разработка.</p> <p>Наша философия — создавать технологии, которые не усложняют, а упрощают работу врачей. Мы автоматизируем рутину, чтобы медик мог сосредоточиться на самом главном — на диагнозе и пациенте.</p> <p>В нашей команде вы пройдете полный цикл создания сложного продукта: от инженерной идеи и 3D-модели до работающего аппарата в больнице. Это уникальный опыт и реальная возможность повлиять на качество медицинской диагностики в стране.</p> <p><strong>На данной должности вам предстоит:</strong></p> <ul> <li>Проведение функционального, регрессионного, интеграционного, исследовательского и иных видов тестирования <strong>программно-аппаратных комплексов</strong> (медицинского рентгенодиагностического оборудования и ПО)</li> <li>Проведение испытаний изделий, с использованием контрольно-измерительного оборудования и, при необходимости, исследований</li> <li>Создание различных тест-планов, используя техники тест-дизайна</li> <li>Создание и настройка программно-аппаратных тестовых окружений</li> <li>Работа с регуляторными, продуктовыми и иными требованиями к разрабатываемой продукции, тестовое покрытие требований</li> <li>Разработка тестовой документации, программ испытаний. Работа с имеющимися тестовыми артефактами (тест-кейсы, тест-планы, бэклоги и пр.)</li> <li>Документирование артефактов своей деятельности (багрепорты, отчёты о тестировании и испытаниях и пр.)</li> </ul> <p><strong>Почему к нам:</strong></p> <ul> <li>Возможность вложить силы и знания в действительно полезный результат - делаем продукты, которые можно потрогать руками и увидеть в реальных больницах;</li> <li>Самоорганизация, а не жесткие рамки: гибкий график;</li> <li>Работа в компании активно развивающейся и при этом стабильной (уже 25 лет в своей отрасли);</li> <li>Возможность работать частично-удаленно после испытательного срока или в современном комфортном офисе с настольным теннисом и бесплатной парковкой;</li> <li>Забота о вашем здоровье - медицинская страховка ДМС со стоматологией;</li> <li>Ежегодный бонус в размере оклада и пересмотр заработной платы в соответствие с рынком;</li> <li>Бесплатные обеды и другие приятные бонусы;</li> </ul> <p><strong>Требования к опыту:</strong></p> <ul> <li>Технический кругозор в аппаратном и программном обеспечении, генерация и проверка тест-идей на основании анализа и понимания функциональности тестируемого изделия</li> <li>Опыт в тестировании &quot;черного\серого ящика&quot; в сложных программно-аппаратных комплексах</li> <li>Навык работы с измерительным оборудованием (мультиметр, осциллограф и т. п.)</li> <li>Опыт работы с TMS-системами (TestIT, Testrail и пр.)</li> <li>Знание, и опыт применения основных техник тест-дизайна</li> <li>Опыт работы с багтрекером и жизненным циклом дефекта\задачи</li> <li>Готовность адаптироваться к культуре компании;</li> </ul> <p><strong>Будет очевидным плюсом, если есть:</strong></p> <ul> <li>Опыт разработки автотестов для ПО (желательно с использованием NUnit) и аппаратуры (Python, UART)</li> <li>Опыт контроля и исследования работы комуникационных интерфейсов (Wireshark и т. п.), базовые знание стека TCP/IP</li> <li>Опыт работы с системой контроля версий, CI/CD конвейерами</li> <li>И, опыт внимательно читать вакансию и откликаться в случае соответствия требованиям.</li> </ul>",124,Тестировщик
128973271,Дизайнер key visual и социальных медиа,"<p><strong>Plan_B Kino </strong>— контент-провайдер оригинальных и эксклюзивных фильмов, сериалов и телешоу, а также учредитель четырех тематических телеканалов: Romance, Suspense, Plan_B, Cartoon Classics.</p> <p><strong>Сейчас мы ищем</strong> дизайнера с ярким современным видением, который будет создавать запоминающийся визуал для наших проектов в социальных сетях.</p> <p><strong>Ключевые обязанности:</strong></p> <ul> <li> <p>Разработка эффектных key visual контента Компании (фильмы, сериалы, мультфильмы) для социальных сетей;</p> </li> <li> <p>Создание цепляющих обложек и превью для видео-контента;</p> </li> <li> <p>Дизайн визуальных материалов: разработка макетов, ретушь, цветокоррекция изображений;</p> </li> <li> <p>Создание уникальных визуальных решений, которые повышают вовлеченность аудитории.</p> </li> </ul> <p><strong>Требования:</strong></p> <ul> <li> <p>Креативное видение и способность создавать трендовый контент;</p> </li> <li> <p><strong>Портфолио</strong> с примерами работ в digital-дизайне;</p> </li> <li> <p><strong>Опыт работы</strong> от 1 года в создании визуальных материалов для соцсетей;</p> </li> <li> <p>Профильное образование;</p> </li> <li> <p>Умение донести идею и привлечь аудиторию через визуальный образ;</p> </li> <li> <p>Уверенное владение Adobe Creative Suite (Photoshop, Illustrator, After Effects);</p> </li> <li> <p>Знание современных трендов в дизайне и SMM;</p> </li> <li> <p>Насмотренность, чувство стиля и композиции.</p> </li> </ul> <p><strong>Мы ожидаем:</strong></p> <ul> <li> <p>Способность создавать яркие, запоминающиеся визуальные решения;</p> </li> <li> <p>Умение работать в команде и принимать правки;</p> </li> <li> <p>Внимательность к деталям;</p> </li> <li> <p>Готовность предлагать собственные креативные идеи;</p> </li> <li> <p>Стремление быть в курсе последних трендов.</p> </li> </ul> <p><strong>Условия:</strong></p> <ul> <li> <p><strong>Формат и график работы:</strong> по договоренности;</p> </li> <li> <p><strong>Оплата:</strong> по результатам собеседования;</p> </li> <li> <p>Возможность работать с эксклюзивным контентом и развивать собственный уникальный стиль в digital-дизайне.</p> </li> </ul> <p>Если вы готовы создавать визуальные решения, которые будут цеплять аудиторию и выделяться среди конкурентов — мы ждем ваше резюме и портфолио!</p>",34,"Дизайнер, художник"
129085066,"Старший менеджер по продукту, Маркетплейс, Учет и ERP","<p>Наша команда занимается реализацией уникальных и разных по своему содержанию ИТ-проектов, связанных с международным развитием Ozon. Например, мы отвечаем за продвижение Ozon в других странах (центральная Азия, Китай, Турция) и его локализацию, а параллельно разрабатываем собственный таможенный брокер и систему международных возвратов в ПВЗ.</p> <p>Помимо координационной работы и контроля сроков, проводим системный анализ, создаем архитектуру решений и проводим тестирование. Мы предлагаем интенсивную, но интересную работу, требующую внимания к деталям, хорошо развитое аналитическое мышление и широкий кругозор.</p> <p><strong>Что предстоит делать:</strong></p> <ul> <li>Валидировать бизнес-требования;</li> <li>В соответствии с бизнес-требованиями ставить задачи командам разработки;</li> <li>Проводить верхнеуровнево системный анализ: от самостоятельного проведения до совместной работы с аналитиком;</li> <li>Совместно с руководителями разработки проектировать целевую архитектуру;</li> <li>Ставить задачи и контролировать сроки и результаты выполнения задач по проекту;</li> <li>Координировать e2e-тестирование и раскатку от IT;</li> <li>Вести несколько проектов одновременно.</li> </ul> <p><strong>Мы ожидаем:</strong></p> <ul> <li>Опыт ведения проектов в IT e-commerce от 7 лет;</li> <li>Участие в проектах полного цикла (end-to-end delivery): от разработки до внедрения и передачи бизнес-ценности;</li> <li>Опыт работы в роли руководителя проекта, несущего единоличную ответственность за конечный результат и ведущего проект от инициации до закрытия;</li> <li>Опыт работы с проектами в сфере учёта и ERP-систем;</li> <li>Опыт отрисовки читаемых и понятных схем (sequence диаграммы, BPMN, и др.);</li> <li>Опыт работы с API;</li> <li>Опыт работы с интеграциями.</li> </ul> <p><strong>Будет плюсом:</strong></p> <ul> <li>Опыт работы c WMS системами или логистики;</li> <li>Опыт ведения кросс-функциональных проектов;</li> <li>Опыт работы системным аналитиком, тестировщиком или разработчиком.</li> </ul> <p><strong>Мы предлагаем:</strong></p> <ul> <li>Удалёнку из любой точки, гибрид или офис — на выбор;</li> <li>Свободу действий в принятии решений. Мы проводим ретроспективы: если есть идея по улучшению продукта или процессов в команде, она обязательно будет услышана;</li> <li>Достойный уровень заработной платы;</li> <li>Возможность расти и развиваться вместе с нашим бизнесом.</li> </ul>",107,Руководитель проектов
128997954,Старший C/C++ разработчик (AI / Real-Time Audio Processing),"<p><strong>Мы создаем коммуникационную платформу нового поколения.</strong></p> <p>Вы присоединитесь к R&amp;D команде в качестве ключевого специалиста для решения сложной и амбициозной задачи: разработки высокопроизводительного сервиса шумоподавления, работающего в режиме реального времени.</p> <p>Мы ищем опытного и самостоятельного инженера, который не боится сложных вызовов и готов взять на себя ответственность за ключевые компоненты системы.</p> <p>— Опыт коммерческой разработки на C/C++ от 5 лет, глубокое знание современных стандартов (C++11/14/17 и выше).<br />— Экспертиза в области сетевого программирования, особенно с протоколами IP, TCP/UDP и RTP<br />— Практический опыт разработки или доработки систем маршрутизации IP-трафика, например, в рамках Media Gateway.<br />— Опыт создания высоконагруженных систем, работающих в режиме реального времени.<br />— Вы обладаете системным мышлением и способны видеть картину в целом, понимая, как ваши решения влияют на всю систему.<br />— Вы самостоятельны, проактивны и способны доводить задачи от идеи до финальной реализации.</p> <p> </p> <p><strong>Будет большим плюсом:</strong></p> <p>— Опыт работы с SIP и/или продуктами, подобными &quot;RTP engine&quot;.<br />— Знакомство с телеком-кодеками (AMR-WB, EVS и др.).<br />— Опыт интеграции ML-моделей в C/C++ приложения.</p> <p><strong>Наш технологический стек: </strong>C/C++, IP, RTP, SIP, телеком-кодеки (AMR-WB, EVS и др.), REST, gRPC.</p> <p> </p> <p><strong>Ключевые задачи:</strong></p> <p>— Проектировать, разрабатывать и оптимизировать высокопроизводительное ядро сервиса на C/C++ для обработки RTP-потоков в реальном времени.<br />— Отвечать за полный цикл маршрутизации IP-трафика внутри Media Gateway, обеспечивая стабильность и минимальные задержки.<br />— Интегрировать и тюнинговать AI-модели шумоподавления для работы в потоковом режиме, находя баланс между качеством и производительностью.<br />— Разрабатывать и поддерживать систему анализа качества RTP-потоков для постоянного мониторинга и улучшения сервиса.<br />— Определять архитектурные решения для масштабирования сервиса и устанавливать критерии производительности системы.<br />— Тесно взаимодействовать с системными аналитиками для проектирования интерфейсов взаимодействия между компонентами системы (REST/gRPC).</p> <p> </p> <ul> <li><strong>Ссылка на вакансию в банке вакансий на gsz.gov.⁣by: </strong>https://gsz.gov.by/registration/employer/vacancy/1724644/detail-public/</li> </ul> <div> </div>",96,"Программист, разработчик"
129150821,ИТ Бизнес партнер / Product Owner (розничный бизнес),"<p><strong>Обязанности:</strong></p> <ul> <li>Синхронизация ИТ-стратегии с бизнес-стратегией.</li> <li>Сбор, консолидация и оркестрация потребностей курируемого бизнеса в части сервисов и ресурсов ИТ.</li> <li>Устранение узких мест во взаимодействии бизнеса и ИТ.</li> <li>Предоставление технологической и процессной экспертизы бизнесу.</li> <li>Подготовка отчетности о результатах деятельности ИТ для курируемого бизнеса.</li> <li>Поддержка ключевых сотрудников бизнес-линий в оперативном решении ИТ-вопросов.</li> <li>Управление ожиданиями и получение обратной связи от сотрудников курируемой бизнес-линии.</li> <li>Обеспечение обмена опытом между бизнес-линиями.</li> <li>Координация процесса планирования и ресурсов команд ИТ, работающих с задачами бизнеса.</li> <li>Контроль бюджета, выделенного на реализацию запросов на изменения по курируемому направлению.</li> </ul> <p><strong>Требования:</strong></p> <ul> <li>Высшее образование.</li> <li> <p>Технологическая экспертиза.</p> </li> <li> <p>Опыт работы в ИТ, в банках/финтех компаниях не менее 3 лет.</p> </li> <li> <p>Опыт работы разработки банковских розничных бизнес-продуктов не менее 3 лет.</p> </li> <li> <p>Управление командами, проектами в гибких и классических методологиях.</p> </li> <li> <p>Знание бизнес-процессов и ИТ систем.</p> </li> <li>Отлично развитые коммуникативные навыки.</li> <li>Высокая ориентация на результат и клиентоориентированность.</li> <li>Умение работать с большим количеством информации в условиях многозадачности.</li> <li>Готовность принимать решения.</li> </ul> <p><strong>Условия:</strong></p> <ul> <li>Работа в крупном <strong>стабильном банке;</strong></li> <li>Официальное оформление в соответствии <strong>с ТК РФ</strong>, полный соц.пакет;</li> <li>График работы <strong>5/2</strong> (гибрид: не менее 2-х дней в неделю в офисе, м. Фрунзенская)<strong>;</strong></li> <li>Материальная помощь в непредвиденных ситуациях;</li> <li>Возможности карьерного и профессионального роста: внутреннее и <strong>внешнее обучение (оплата курсов/конференций), </strong>митапы, треннинги. Доступ к бесплатной корпоративной библиотеке и электронной библиотеке. Есть свой читательский клуб;</li> <li>Забота о здоровье: расширенная медицинская страховка <strong>ДМС со стоматологией и обслуживанием в лучших клиниках города.</strong> Секции: футбол, йога, бег. Скидочные абонементы в спортивный клуб;</li> <li>Корпоративные <strong>скидки </strong>на продукты банка;</li> <li>Насыщенная <strong>корпоративная жизнь</strong> (корпоративы, конкурсы для сотрудников и их детей, квесты и др.)</li> </ul> <p> </p>",73,Менеджер продукта
128113532,DevOps Engineer,"<p><strong>Чем предстоит заниматься:</strong></p> <ul> <li>Внедрение, настройка, интеграция и конфигурирование DevOps-инструментов;</li> <li>Мониторинг работы и повышение стабильности работы инфраструктуры, поиск неисправностей;</li> <li>Сопровождение на всем жизненном цикле разработки ПО (от написания кода до внедрения в прод);</li> <li>Автоматизация CI/CD (конфигурирование, сборка, деплой);</li> <li>Оптимизация pipeline и внедрение новой функциональности;</li> <li>Консультирование, обучение и передача экспертизы коллегам;</li> <li>Разработка документации на проектируемые и внедряемые решения.</li> </ul> <p><strong>Ждем от тебя:</strong></p> <ul> <li>Опыт в DevOps от 2-х лет;</li> <li>Уверенная работа с Linux (Debian/Ubuntu);</li> <li>Знание языка для написания скриптов и автоматизации Bash/Python;</li> <li>Практический опыт работы со стеком: PostgreSQL, Kubernetes (Werf/Helm), Gitlab CI;</li> <li>Знание технологии Docker/Docker Compose;</li> <li>Понимание систем сборки Maven;</li> <li>Опыт работы с OpenSearch, Prometheus/Grafana/Zabbix.</li> </ul> <p><strong>Будет плюсом:</strong></p> <ul> <li>Опыт работы с Yandex Cloud, RabbitMQ, Redis, Haproxy, Ansible;</li> <li>Понимание подходов IaC;</li> <li>Понимание принципов работы SSL/MTLS;</li> <li>Знание протоколов TCP/IP.</li> </ul> <p><strong>Мы предлагаем:</strong></p> <ul> <li><strong>Комфортные условия работы: </strong>конкурентную зарплату, согласно грейдовой системе; гибкое начало и окончание рабочего дня; полная удаленка или гибридный формат работы в офисе в Новосибирске;</li> <li><strong>Поддержку профессионального развития: </strong>участие в профильных конференциях и компенсацию обучения; систему внутреннего развития (ИПР) составленный после прохождения ИС совместно с твоим руководителем.</li> <li><strong>Корпоративные бонусы:</strong> курсы английского языка, занятия спортом, ДМС со стоматологией, корпоративное такси, мобильная связь и многое другое.</li> <li><strong>Развлечения и мероприятия: </strong>регулярные корпоративы, тимбилдинги и пр.</li> <li><strong>Команду профессионалов рядом: </strong>мы любим командную работу. Тебя будут окружать специалисты, которые многому могут научить и готовы чему-то учиться и у тебя. Нам важно, чтобы специалист усиливал команду, а команда - специалиста.</li> </ul>",160,DevOps-инженер
129092016,Дизайнер интерьеров,"<p>Ищем дизайнера интерьеров 🛠✨</p> <p>Того, кто не просто рисует красоту, а понимает ремонт до винтика: узлы, материалы, инженерку, логику стройки и то, как сделать так, чтобы на объекте не было “ой”.</p> <p> </p> <p>Кто нам нужен</p> <p> </p> <p>Дизайнер интерьеров, который:</p> <p> </p> <p>уверенно читает и собирает техническую часть проекта (планы, развертки, узлы, спецификации);</p> <p> </p> <p>знает, как дизайн реально воплощается на ремонте, а не только на рендерах;</p> <p> </p> <p>обладает вкусом и умеет держать стиль без лишнего шума;</p> <p> </p> <p>работает быстро, четко и по делу (без бесконечных “давайте еще 15 вариантов”);</p> <p> </p> <p>умеет договариваться со строителями и говорить с ними на одном языке.</p> <p> </p> <p>Что будете делать:</p> <p> </p> <p>разрабатывать интерьерные решения, которые можно построить;</p> <p> </p> <p>выпускать комплект чертежей и спецификаций;</p> <p> </p> <p>сопровождать проекты по вопросам реализации (без “всё придумал — дальше сами”).</p> <p> </p> <p>Что у нас:</p> <p> </p> <p>молодой, динамичный коллектив (без бюрократии и лишних кругов согласований);</p> <p> </p> <p>проекты, где есть поле для вкуса и роста;</p> <p> </p> <p>достойная оплата (обсуждается по уровню, скорость и качество ценим);</p> <p> </p> <p>уважение к вашему времени и отличная коммуникация.</p> <p> </p> <p>Как откликнуться:</p> <p> </p> <p>Напишите пару слов о себе и пришлите портфолио + 1/2 примера рабочей документации (или фрагменты): планы/развертки/узлы — то, что показывает вашу “технику”.</p> <p> </p> <p>Если вы из тех, кто делает красиво, умно и быстро — нам точно по пути.</p>",34,"Дизайнер, художник"
128947848,Бизнес-аналитик,"<strong>Обязанности:</strong> <ul> <li>участие в управлении ИТ-проектами с применением проектной формы управления на всех этапах жизненного цикла проекта;</li> <li>сбор, анализ и формализация бизнес-требований, а также описание бизнес-процессов в рамках задач бизнес-аналитики;</li> <li>применение методологий описания, моделирования и управления бизнес-процессами при разработке и оптимизации решений;</li> <li>моделирование и документирование бизнес-процессов в нотации BPMN 2.0;</li> <li>выявление, измерение и моделирование бизнес-процессов с целью повышения их эффективности и оптимизации;</li> <li>анализ и обработка больших объёмов информации, подготовка аналитических выводов и рекомендаций для принятия управленческих решений;</li> <li>участие в тестировании информационных систем, включая разработку тест-кейсов и тест-сценариев, а также проведение пользовательского приёмочного тестирования (UAT).</li> </ul> <strong>Требования:</strong> <ul> <li>знания особенностей проектной формы управления и жизненного цикла ИТ‑проектов;</li> <li>знания в области бизнес‑аналитики: построение/описание бизнес‑процессов, сбор и формализация требований;</li> <li>знания методологии описания, моделирования и управления бизнес-процессами;</li> <li>навыки описания бизнес-процессов по стандарту BPMN 2.0;</li> <li>навыки выявления, измерения, моделирование бизнес-процессов;</li> <li>обладание высокими аналитическими способностями и умение работать с большими объемами информации;</li> <li>навыки тестирования информационных систем (тест кейсы/сценарии, UAT).</li> </ul> <strong>Условия:</strong> <ul> <li>Работа в национальной компании;</li> <li>График работы с 09.30 до 19.30 ч., (обеденный перерыв с 13:00ч. до 14:30ч.) пять дней в неделю;</li> <li>Своевременная заработная плата два раза в месяц;</li> <li>Дружный коллектив;</li> <li>Оформление на аутстаффинге по трудовому договору.</li> </ul>",150,Бизнес-аналитик
129162161,Руководитель проекта (ТТУ Нягань),"<div> <div>ГК «Старвей» - многопрофильная, динамично развивающаяся группа компаний. С 2011 года мы предоставляем полный спектр логистических услуг в сфере речных перевозок грузов в бассейне реки Лены, услуг по автотранспортному обслуживанию промышленных предприятий в различных регионах России, услуг по аутсорсингу спецтехники и транспорта, аутсорсингу складского хозяйства, девелопменту.</div> <div>Предприятия Дивизиона спецтехники и транспорта ГК «Старвей» оказывают следующие услуги:</div> <div>Грузовые перевозки</div> <div>Перевозки пассажиров легковым и автобусным транспортом</div> <div>Услуги спецтехники</div> <div>Аутсорсинг транспорта заказчика</div> <div>Предоставление в аренду транспорта с водителем и без водителя</div> <div>Сдача в аренду офисных помещений, баз в г. Нягань, Кирово-Чепецк</div> <div>Работа на месторождениях Крайнего Севера</div> <div> </div> <div> <p><strong>Обязанности:</strong></p> <ul> <li>Комплексное управление транспортным подразделением;</li> <li>Организация бесперебойного технологического процесса по транспортному обслуживанию на участках (часть из которых находится на территории заказчика - нефтегазовых месторождениях);</li> <li>Организация и контроль работы всех подразделений и служб транспортного подразделения</li> <li>Обеспечение исполнения производственных программ Заказчика без нарушений и штрафных санкций;</li> <li>Организация и контроль обеспечения технической исправности автопарка;</li> <li>Эффективное управление персоналом, участие в обеспечении подразделения квалифицированными кадрами. Организация, разработка мероприятий и контроль за социально-бытовыми условиями на участках;</li> <li>Повышение качества, эффективности оказываемых транспортных услуг;</li> <li>Планирование и контроль расходов подразделения, разработка и реализация мероприятий по снижению себестоимости работы автотранспорта;</li> <li>Обеспечение исполнения транспортным подразделением плана по прибыли;</li> <li>Обеспечение выполнения требований заказчиков, надзорных органов и головной компании в части ОТ и ТБ, промышленной и пожарной безопасности, экологии, электробезопасности;</li> <li>Работа с государственными и надзорными органами;</li> <li>Участие в привлечении новых объемов.</li> </ul> <p> </p> <p><strong>Требования к кандидатам:</strong></p> <ul> <li>Практический опыт организации работы подразделения, компании;</li> <li>Опыт работы не менее 3-х лет на руководящей должности (опыт управления АТП);</li> <li>Опыт работы в транспортно-логистических компаниях с филиальной структурой на позициях – директор, главный инженер, директор по производству, операционный директор;</li> <li>Уверенный пользователь MS Оffice (в том числе хорошее владение Excel и желательно знание 1С);</li> <li>Знание основ бюджетирования (БДР, БДДС), финансовой отчетности;</li> <li>Клиентоориентированность</li> </ul> <p> </p> <p><strong>Предложения для комфортной работы:</strong></p> <ul> <li>Трудоустройство по ТК РФ, своевременная оплата труда (уровень дохода обсуждается индивидуально), бонусы по результатам работы;</li> <li>Поддержка профессионального развития и обучения;</li> <li>Корпоративная мобильная связь и транспорт;</li> <li>Возможность карьерного роста и реализации профессионального потенциала в группе компаний «Старвей»</li> </ul> </div> <div> </div> <div> </div> <div> </div> </div> <p> </p>",107,Руководитель проектов
129038559,Специалист технической поддержки,"<p>Ищем специалистов <strong>БЕЗ ОПЫТА</strong> на проекты от известных брендов в РФ, которым будет интересна сфера клиентского обслуживания.</p> <p>А ещё мы можем предложить тебе в будущем карьеру в IT, HR и других направлениях.</p> <p>Сейчас открыта вакансия <strong>Специалиста технической поддержки клиентов. </strong>Стабильный проект федерального значения без продаж. Не чаты и не фриланс, всё официально. Всему научим, опыт не нужен!</p> <p><strong>Для тебя у нас есть:</strong></p> <ul> <li>Стабильный доход <strong>от 50 000 ₽</strong> (оклад + премия, растут от стажа работы)</li> <li>График работы:<strong> </strong>2/2, время работы выбираешь самостоятельно <strong>(все перерывы включены!)</strong></li> <li><strong>Удаленный формат</strong></li> <li><strong>Официальное трудоустройство в аккредитованную IT-компанию с первого дня</strong></li> <li>Работа на выделенном стабильном проекте в команде профессионалов</li> <li>Оплата обучения с первого дня. Всему научим и заплатим за это!</li> <li>Реальный карьерный рост, благодаря корпоративной Академии карьеры</li> <li><strong>10 000 рублей и корпоративная валюта за каждого приведенного друга</strong></li> <li>Корпоративное медицинское сопровождение и подарки за год работы</li> <li>Полный пакет поддержки персонала: Экологичная адаптация, Банк идей, Отдел заботы, корпоративные форумы, челленджи и многое другое</li> <li>Корпоративные скидки для сотрудников от школы иностранных языков, фитнес-клубов и интернет-провайдера</li> <li>Портал «Вселенная Игрофикации»: после работы можно играть с коллегами в различные игры (Мафия, Угадай Мелодию, турниры по DOTA 2/CS 2 и многое другое) и получать за это корпоративную валюту</li> </ul> <p><strong>Что будешь делать:</strong></p> <ul> <li>Принимать входящие звонки клиентов известного интернет-провайдера</li> <li>Отвечать на вопросы по скрипту с заботой и пониманием</li> <li>Разбираться в продукте (всему научим!)</li> </ul> <p><strong>Мы ждём от тебя:</strong></p> <ul> <li>Грамотная устная речь</li> <li>Уверенное владение русским языком</li> <li>Базовые навыки работы с ПК</li> <li>Готовность консультировать клиентов по техническим вопросам</li> <li>Своевременное предоставление документов для оформления</li> <li>Обязательное прохождение технического теста</li> </ul> <p><strong>Оставляй отклик прямо сейчас, если чувствуешь мэтч!</strong></p> <p><strong>Пригласим на собеседование сегодня, а завтра уже начнешь зарабатывать!</strong></p> <p><em>Будет здорово, если у тебя есть опыт работы в таких компаниях, как: Смартер, Voxys, INFOTELL, Телеперфоманс, Аудиотеле, CallTraffic, Телеконтакт, Voolna, Ростелеком, ВТБ, Neovox, IQLINE, РТС Глобал, Билайн, МТС, Сбер, Яндекс, Тинькофф, Авито, Ростелеком, РТК, Neovox, РТС Глобал, Билайн, а также опыт работы на позициях: менеджер, продавец-консультант, оператор по работе с входящими звонками, специалист банка, специалист службы техподдержки, менеджер контакт (call)-центра, специалист интернет-магазина, специалист чат-ботов, менеджер страхования, а также начинающий специалист без опыта, который ищет удаленную работу со сменным или гибким графиком, подработку, вакансии контактного центра, частичная занятость, подработка, менеджер по работе с клиентами, менеджер по продажам, начало работы, без опыта, гибкий график. Если нет, всему научим!</em></p>",121,Специалист технической поддержки
128990952,Специалист поддержки клиентов на входящую линию,"<p>Московский кредитный банк (МКБ) – второй частный банк России. Мы работаем больше 30 лет, входим в список системно значимых банков и в топ-6 банков страны. Мы понимаем, как важно двигаться вперед, поэтому активно развиваем технологии и цифровые сервисы. При этом мы остаемся людьми и заботимся о наших клиентах: создаем выгодные продукты, открываем уютные отделения и помогаем найти эффективные решения финансовых вопросов. Если ты готов развиваться в банковской сфере, ценишь открытость и честность, полон идей и нацелен на результат, мы ждем твое резюме.</p> <p><strong>Чем предстоит заниматься?</strong></p> <ul> <li>Общаться с действующими клиентами по телефону (прием звонков);</li> <li>Решать проблемы клиентов, а если не получается – подключать коллег;</li> <li>Помогать клиентам разобраться в банковских продуктах и выбрать подходящий.</li> </ul> <p><strong>Что мы предлагаем:</strong></p> <ul> <li><strong>Стабильный оклад 42 000₽ и ежемесячные премии от 12 500 до 25 000 до вычета НДФЛ. </strong>Вся зарплата – «белая», никаких конвертов</li> <li> <p>Сниженные планы на последующие 2 месяца работы</p> </li> <li>Оформление в соответствии с трудовым кодексом РФ. Трудовая книжка, официальные отпуска и больничные – все, как положено;</li> <li>Современный удобный офис;</li> <li>Удобный график работы: <strong>5/2 с 11:00 до 20:00</strong>;</li> <li>Программы развития и обучения за счет компании, возможности карьерного роста;</li> <li>Оплачиваемый отпуск, ДМС со стоматологией и полным чекапом, страхование при выезде за рубеж;</li> <li>Круглосуточные бесплатные консультации психолога, юриста, врача;</li> <li>Скидки и бонусы от компаний-партнеров;</li> <li>Программы признания достижений сотрудников;</li> <li>Бесплатные тренировки по волейболу</li> </ul> <p><strong>Вакансия тебе подойдет, если ты:</strong></p> <ul> <li>Помогаешь заблудившемуся прохожему найти дорогу, даже когда сам её не знаешь;</li> <li>Можешь подумать «Да как так-то?!», а сказать «Сейчас мы во всём разберёмся»;</li> <li>Умеешь одним ухом слушать вопрос, а другой рукой искать ответ в интернете;</li> <li>Не любишь останавливаться на достигнутом и хочешь развиваться.<br /><br /><strong>Для этой вакансии не обязательно иметь опыт работы. Если он у тебя есть – хорошо, если нет – это отличная возможность его получить.</strong></li> </ul> <p><strong>Какая команда в МКБ</strong></p> <ul> <li>Бодрая – у нас постоянно что-то происходит: квесты, конкурсы, тематические вечеринки;</li> <li>Неравнодушная – мы помогаем детским домам и приютам для животных;</li> <li>Отзывчивая – всему научим, поможем, покажем, дадим наставника на первое время.</li> </ul>",121,Специалист технической поддержки
128957368,Эксперт по культуре безопасности (охрана труда),"<p>Стабильная, социально-ответственная компания АО &quot;Энергоспецмонтаж&quot; приглашает на работу Эксперта по культуре безопасности.</p> <p><strong>Обязанности:</strong></p> <ul> <li>Анализировать и оценивать состояние Культуры безопасности по итогам проведения самооценки, мониторинга по Культуре безопасности в соответствии с ЛНА.</li> <li>Организовывать обучение работников по культуре безопасности.</li> <li>Координировать работу уполномоченных по Культуре безопасности.</li> <li>Осуществлять контроль за реализацией Программы мероприятий по развитию культуры безопасности.</li> <li>Участвовать в целевых и комплексных проверках состояния безопасности.</li> </ul> <p><strong>Требования:</strong></p> <ul> <li>Образование / специальность - Высшее.</li> <li>Опыт работы - От 3 лет.</li> <li>Знание законодательства РФ в области ОТППБ и ООС.</li> <li>Аттестация в области промышленной безопасности: <strong>А.1, Б.8.3, Б.9.3, Б.9.6.</strong></li> <li><strong>Обязательное наличие сертификата тренера по программе &quot;Безопасное поведение на рабочем месте&quot;.</strong></li> <li>Умение работать с большим количеством информации.</li> <li>Ответственность, нацеленность на результат, коммуникабельность, внимательность, умение работать в команде.</li> </ul> <strong>Мы предлагаем:</strong> <ul> <li> <p>Комфортные условия работы.</p> </li> <li>Современные рабочие места.</li> <li>Цифровые сервисы для сотрудников.</li> </ul> <p><strong>Обучение и развитие:</strong></p> <ul> <li>Собственная онлайн-платформа с программами профессионального и личностного роста – от инженерных курсов до изучения иностранных языков.</li> <li>Участие в конференциях, тренингах и конкурсах профессионального мастерства. <strong>Карьерные возможности:</strong></li> <li>Карьерные консультации для построения экспертной или управленческой траектории роста.</li> <li>Поддержка карьерного развития сотрудников.</li> </ul> <p><strong>Социальные программы:</strong></p> <ul> <li>ДМС со стоматологией и госпитализацией.</li> <li>Страхование несчастных случаев на производстве.</li> <li>Линия психологической поддержки.</li> <li>Финансовая помощь в особых жизненных ситуациях.</li> </ul> <p><strong>Корпоративная жизнь:</strong></p> <ul> <li>Тимбилдинги.</li> <li>Спортивные активности и отраслевые соревнования.</li> <li>Волонтерские движения.</li> <li>Мероприятия для сотрудников и их семей.</li> </ul>",116,Специалист по информационной безопасности
128457188,Аналитик 1С,"<p><strong>&quot;Мир Упаковки&quot;</strong> - это <strong>27 лет</strong> экспертизы в сфере упаковочных и расходных материалов для бизнеса, с принципами, в основе которых лежит прозрачность, открытость и честность с нашими партнерами и сотрудниками.</p> <p><br /><strong>Мы ориентированы</strong> на инновации, эффективность и качество. В нашей работе мы используем передовые технологии, внедряем новые идеи и подходы, чтобы предлагать клиентам лучшие решения. <strong>Команда профессионалов</strong>, креативный подход и стремление к совершенству делают нас гибкими и конкурентоспособными.</p> <p><br />Мы ценим <strong>развитие каждого сотрудника</strong>, создаем <strong>продуктивную рабочую среду</strong> и активно участвуем в формировании будущего Компании.<br /><br />В дружную команду Отдела аналитики данных 1С требуется <strong>Аналитик 1С</strong>. Готовы рассмотреть специалиста с небольшим опытом.​​​​​<br /><br /><strong>Что вы будете делать:</strong></p> <ul> <li>Вести проекты по автоматизации ключевых процессов компании: от первичного анализа до успешного запуска;</li> <li>Собирать, анализировать и формализовать требования пользователей;</li> <li>Описывать бизнес-процессы, составлять спецификации, пользовательские сценарии, правила расчётов, схемы работы модулей;</li> <li>Передавать задачи разработчикам, участвовать в постановке, консультировать по логике, контролировать корректность реализации;</li> <li>Проводить тестирование (функциональное, приёмочное): проверять реализованный функционал на соответствие требованиям, фиксировать замечания, контролировать исправления;</li> <li>Внедрять решения: сопровождать релизы, участвовать в настройке, помогать с вводом в эксплуатацию, обучать пользователей;</li> <li>Вести и актуализировать документацию: ТЗ, спецификации, инструкции, описания процессов, хранить результаты в корпоративной базе знаний.</li> </ul> <p><strong>Мы ожидаем, что вы:</strong></p> <p> </p> <ul> <li>Хорошо разбираетесь в 1С (конфигурации ERP, УТ, бухгалтерия / ЗУП) и принципах автоматизации бизнес-процессов.​​​​​​;</li> <li>Понимаете методы бизнес-анализа: сбор требований, моделирование процессов, декомпозиция задач;</li> <li>Умеете формализовать требования, писать технические задания, спецификации, сценарии, описания;</li> <li>Можете работать с данными, таблицами;</li> <li>Умеете эффективно коммуницировать: выслушать, задать правильные вопросы, структурировать информацию, преподнести решение;</li> <li>Знание языка запросов 1С и SQL будет преимуществом;</li> <li><strong>Живете в часовом поясе г. Владивостока\Хабаровска.</strong></li> </ul> <p><strong>Мы предлагаем сотрудникам:</strong></p> <ul> <li>Условия труда в соответствии с ТК РФ, включая <strong>официальное оформление и соцпакет.</strong></li> <li>График работы 5/2 с <strong>8:30 до 17:30;</strong></li> <li>Возможность перехода на удаленный\гибридный график работы после испытательного срока;</li> <li><strong>Полис ДМС</strong>;</li> <li>Широкие возможности реального карьерного роста;</li> <li><strong>Оплачиваемая парковка </strong>у офиса для всех сотрудников;</li> <li><strong>70% стоимости внешнего обучения за счет Компании;</strong></li> <li>Возмещение <strong>50% стоимости абонемента в спортзал</strong> (до 20 000 рублей в год), а также 50 % взноса за участие в городских и региональных спортивных мероприятиях и соревнованиях;</li> <li><strong>Бонусы</strong> за рекомендацию друга «Реферальная программа»;</li> <li><strong>Дополнительный</strong> оплачиваемый <strong>выходной в День рождения</strong>;</li> <li><strong>Скидка 15%</strong> на приобретение товаров Компании;</li> <li>Ценные подарки за стаж работы в Компании, включая оплату <strong>путешествие </strong>— за 10 лет работы.</li> </ul> <p><strong>Приходи в наш МИР!</strong></p>",10,Аналитик
94387392,Младший инженер технической поддержки,"<p><strong>Компания &quot;ОВЕН&quot; - крупнейший российский разработчик и производитель систем промышленной автоматизации.</strong></p> <p>Мы разрабатываем, производим и внедряем целую линейку оборудования по автоматизации (КИП, КИПиА, АСУТП, АСУ, датчики, контролеры и прочее). Решения, разработанные нашими специалистами, используются во всех отраслях промышленности.</p> <p><strong>ФУНКЦИОНАЛ:</strong></p> <ul> <li>Техническая поддержка, консультирование клиентов компании по подбору и эксплуатации оборудования (датчиков, терморегуляторов, ПЛК и других продуктов компании).</li> </ul> <p><strong>ТРЕБОВАНИЯ:</strong></p> <ul> <li>в том числе Студенты бакалавриата технических специальностей;</li> <li>Базовые знания технических дисциплин (физика, электротехника, электроника);</li> <li>Желание и готовность общаться с клиентами (письменно и устно);</li> <li>Способность быстро усваивать техническую информацию.</li> </ul> <p><strong>Будет плюсом:</strong></p> <ul> <li>Приветствуется опыт публичных выступлений, а также опыт работы с приборами ОВЕН.</li> </ul> <p><strong>ЧТО МЫ ПРЕДЛАГАЕМ:</strong></p> <ul> <li>Мы предлагаем интересную работу для начинающего технического специалиста в одной из наиболее интенсивно развивающихся областей;</li> <li>Офис рядом с м. Авиамоторная или пл. &quot;Авиамоторная&quot; Казанской ж/д и МЦК &quot;Андроновка&quot;. Для авто есть собственная парковка.</li> <li>Гибкий график работы, позволяющий совмещать работу и учёбу;</li> <li>Возможность удалённой работы;</li> <li>Программа обучения на время испытательного срока и для дальнейшей работы;</li> <li>Профессиональный и карьерный рост в рамках компании (в другие отделы в том числе) при успешной работе;</li> <li>Заработную плату, растущую в зависимости от результатов работы;</li> <li>Прохождение производственной практики на базе нашей компании;</li> <li>Официальное трудоустройство.</li> </ul>",121,Специалист технической поддержки
129155800,Руководитель отдела информационных технологий,"<strong>Обязанности:</strong> <ul> <li>Руководство IT отделом, координация работы специалистов: системные администраторы, системные аналитики (сопровождение 1С)</li> <li>Участие в разработке IT стратегии в соответствии с целями компании</li> <li>Оценка и внедрение новых технологий для повышения эффективности бизнеса</li> <li>Управление бюджетом отдела и оптимизация затрат на IT</li> <li>Сопровождение и развитие сетевой инфраструктуры компании</li> <li>Организация сопровождения и развития серверной инфраструктуры компании</li> <li>Организация внедрения и сопровождения 1C:ERP</li> <li>Организация внедрения и сопровождения PLM (Product Lifecycle Management) систем</li> <li>Консультирование по вопросам IT</li> <li>Организация технической поддержки пользователей</li> <li>Взаимодействие с подрядчиками</li> <li>Организация сопровождения и развития систем безопасности Видеонаблюдение и СКУД</li> <li>Сопровождение и развитие систем коммуникации (телефония)</li> </ul> <strong>Требования:</strong> <ul> <li>Высшее образование в сфере информационных технологий</li> <li>Опыт управления IT отделом/командой</li> <li>Опыт внедрения 1С:ERP, 1С:Документооборот</li> <li>Знание 1С на уровне администрирования</li> <li>Умение настраивать сетевое оборудование</li> <li>Понимание принципов IT безопасности</li> <li>Успешный практический опыт разработки и реализации IT решений и автоматизации бизнес-процессов</li> <li>Опыт администрирования Linux/Unix систем будет плюсом.</li> </ul> <strong>Условия:</strong> <ul> <li>Оформление по ТК РФ, полностью белая заработная плата (оклад+KPI)</li> <li>Работа в офисе (удаленки нет)</li> <li>График работы с 08:00 до 17:00, 5-дневная рабочая неделя</li> <li>Корпоративный транспорт</li> <li><strong>Рабочее место - Аксайский район, Новочеркасское шоссе, 79.</strong></li> </ul>",36,Директор по информационным технологиям (CIO)
128957179,Администратор строительного проекта,"<p><strong>ГК &quot;Технотек&quot;</strong> - строительно-монтажная компания, с 2012 года осуществляет деятельность по проектированию, монтажу, пуско-наладке и сервисному обслуживанию инженерных систем, комплексных систем безопасности, а также систем пожаротушения приглашает на вакансию <strong>Администратор строительных проектов.</strong></p> <p><strong>ОБРАЩАЕМ ВНИМАНИЕ! ОБЪЕКТ в Кингисеппе.</strong></p> <p><strong>Выполняет следующие должностные обязанности:</strong></p> <ul> <li>Обеспечение надлежащей коммуникации между участниками проекта - сбор обратной связи, её структуризация и сортировка, преобразование к единому виду.</li> <li>Координация деятельности членов проекта по рабочим вопросам.</li> <li>Коммуникация с представителями заказчика для своевременной реализации поставленных по проекту задач.</li> <li>Организация совещаний и командных встреч для обсуждения рабочих моментов.</li> <li>Контроль и помощь в подготовке документации проекта.</li> <li>Учёт и ведение протоколов встреч - рабочих внутри группы и/или с участием представителей заказчика.</li> <li>Подготовка и оформление аналитической отчётности по проекту в разрезе выбранного периода (год, квартал, месяц, неделя).</li> <li>Загрузка документов и договоров в электронные системы учёта.</li> <li>Выполнение текущих поручений руководителя проекта, технического директора.</li> <li>Помощь в разработке планов, задач, графиков, форм отчётности.</li> <li>Сбор отчётов линейных исполнителей.</li> <li>Выявление проблем и рисков в работе проектной команды.</li> <li>Своевременная коррекция планов, сроков и базы ресурсов.</li> <li>Архивирование документов проекта после его завершения.<br /><br /><strong>Требования:</strong></li> <li>Высшее или средне-специальное образование (приветствуется, профильное строительное, ПГС, техническое);</li> <li><strong>Практический опыт</strong> работы администратором/координатором проекта <strong>в строительных компаниях</strong>;</li> <li>Опыт административной поддержки и ведения документооборота на объектах строительства;</li> <li>Уверенный пользователь ПК, Битрикс 24;</li> <li>Грамотная письменная и устная речь, внимательность к деталям, исполнительность, системность и организованность в работе.</li> <li><strong>Условия:</strong></li> <li>Работа в команде профессионалов;</li> <li>Полный рабочий день;</li> <li> <p>Оформление по ТК РФ, срочный трудовой договор на 1 год (возможна пролонгация) либо СЗ;</p> </li> <li> <p>Официальная з/п 2 раза в месяц.<br /><br /><strong>Просьба в резюме или сопроводительном письме указывать Ваши ожидания по заработной плате.</strong></p> </li> </ul>",107,Руководитель проектов
129083318,Менеджер по продукту,"<p>🎄 <strong>Начните новый год с нового карьерного шага вместе с международной фармацевтической компании! 🎄</strong></p> <p>Если вы хотите в новом году развиваться в стабильной компании, с сильной экспертизой и устойчивыми ценностями компании, влиять на стратегию брендов и работать с сильной профессиональной командой — будем рады принять вас в команду!</p> <p><strong>Основные обязанности:</strong></p> <ul> <li>Управление продуктом;</li> <li>управление жизненным циклом портфеля\продукта;</li> <li>управление бюджетом продукта (планирование, расход, контроль возврата инвестиций и т.п);</li> <li>ценообразование для портфеля\продукта и контроль ценового окружения;</li> <li>анализ релевантного сегмента рынка, отслеживание тенденций, поведения основных конкурентов;</li> <li>создание позиционирования и креативных коммуникационных материалов;</li> <li>проведение обучения по продукту (от медицинской до маркетинговой части) сотрудникам поля;</li> <li>работа с КОЛами по созданию и развитию коммуникационной стратегии;</li> <li>проведение мероприятий с научной целью или с целью промоции продукта для разных целевых групп;</li> <li>прогноз продуктов в каналах первичных и вторичных продаж;</li> <li>разработка активностей бренда для аптечных сетей, дистрибьюторов, отдельных аптек.</li> </ul> <p><strong>Требования:</strong></p> <ul> <li>Опыт работе не менее 3х лет на аналогичной должности;</li> <li>Высшее образование;</li> <li>Знание MS Office на уровне продвинутого пользователя.</li> </ul> <p><strong>Условия:</strong></p> <ul> <li>График 5/2 с 9.00 до 18.00;</li> <li>Команда опытных специалистов, дружный коллектив;</li> <li>Достойный оклад, бонусы;</li> <li>Медицинская страховка;</li> <li>Корпоративный автомобиль пpeдоставляется;</li> <li>Мобильная связь;</li> <li>Возможность карьерного роста.</li> </ul>",73,Менеджер продукта
129149776,Стажер-Тестировщик ПО (Автоматизатор),"<div> <div> <div> <div> <div> <div> <p><strong>Кого мы ищем?</strong></p> <ul> <li>Ты также заканчиваешь учебу в университете?</li> <li>Твоя нынешняя работа не приносит тебе удовольствия, и ты заинтересован в карьере в IT?</li> <li>Ты одержим программированием и ищешь место, где сможешь применить свои навыки в кодинге?</li> </ul> <p> </p> <p><strong>Что мы предлагаем?</strong></p> <p>Возможность стартовать свою карьеру в IT с нуля:</p> <ol> <li>Прими участие в интенсивной трехмесячной бесплатной программе индивидуального обучения с поддержкой наставника.</li> <li>После успешного завершения обучения приглашаем тебя в нашу команду! Тебя ждет трудоустройство и участие в проектах для таких известных компаний, как Mercedes-Benz, Diageo, adidas, Whirpool, Shell и других.</li> </ol> <p> </p> <p><strong>Кто мы?</strong></p> <ul> <li>Опытный игрок на рынке QA с командой из более 1000 специалистов.</li> <li>Каждый сотрудник компании прошел этот путь и все готовы поделиться своим опытом с тобой!</li> </ul> <p> </p> <p><strong>Какие навыки важны для нас?</strong></p> <ul> <li>Базовое понимание Java, C#, Python или JavaScript.</li> <li>Базовые знания объектно-ориентированного программирования (ООП).</li> <li>Уровень английского языка не ниже B1.</li> <li>Готовность полностью погрузиться в обучение и работу – 40 часов в неделю.</li> </ul> <p> </p> <p><strong>Как подать заявку?</strong></p> <ul> <li>Пожалуйста, отправь свое резюме на английском языке.</li> <li>Особое внимание удели своим навыкам программирования, своему текущему местоположению и своему уровню владения английским языком.</li> </ul> </div> </div> </div> </div> </div> </div> <div> </div>",124,Тестировщик
122549287,Оператор ПК/Оператор базы данных,"<div> <p>Торговая компания «ЕвроАзия» основана в 1994 году и является дистрибьютором крупнейших российских и зарубежных производителей, такие как: «Коровка из Кореновки», «Mars», «Froneri», Фабрика мороженого Гроспирон, Фабрика мороженого РосФрост, «4 Сезона», «Мишкинский продукт», «Hortex», «Sibulla» и многие другие.</p> <p>В отношении персонала компания ведет позитивную социальную политику, которая включает регулярное обучение персонала, создание кадрового резерва компании и активную корпоративную жизнь.</p> <p><strong>Торговая компания &quot;ЕвроАзия&quot; приглашает в свою команду Оператора ПК.</strong></p> <p><strong>Условия:</strong></p> <ul> <li><strong>Стабильная и своевременная</strong> заработная плата - почасовая оплата (240 р/час)в среднем выходит <strong>40 000 - 42 000 рублей;</strong></li> <li>Трудоустройство согласно Трудового кодекса;</li> <li><strong>График работы сменный 3/3</strong></li> <li>Возможность профессионально расти и развиваться вместе с успешной компанией, <strong>Карьерный рост;</strong></li> <li><strong>Приятные скидки</strong> на продукцию компании;</li> <li>Дополнительные материальные <strong>бонусы</strong> (подарки к новому году, дню рождения, премии к праздникам, материальная помощь).</li> </ul> <p><strong>Обязанности:</strong></p> <ul> <li>Работа с первичной документацией, составление реестров;</li> <li>Сверка с ТП по количеству заявок;</li> <li>Выпуск на печать накладных и сопроводительных документов;</li> <li>Формирование РНК по путевым листам и передача их водителям, согласно маршрутного листа.</li> </ul> <p><strong>Требования:</strong></p> <ul> <li><strong>Знание ПК;</strong></li> <li>Внимательность, возможность работать с большим объемом информации;</li> </ul> <p><strong>Стань частью высокопрофессиональной и сплоченной команды ТК &quot;ЕвроАзия&quot; в один клик.</strong></p> </div>",84,"Оператор ПК, оператор базы данных"
129033525,Product Manager | Scheduling,"<p>Несколько лет назад YCLIENTS был амбициозным стартапом.<br />Теперь мы – лидер рынка онлайн-записи и автоматизации бизнеса, трендсеттер в своем сегменте. Уже шесть лет количество наших клиентов растет в геометрической прогрессии.</p> <p>Мы – команда, которая меняет то, как предприниматели управляют бизнесом.<br />Присоединяйся к лидеру рынка онлайн-записи – и помоги нам стать не просто платформой, а интеллектуальной операционной системой для бизнеса.</p> <p>Сейчас нам нужен <strong>Product Manager</strong>, который не просто ведёт бэклог, а чувствует, куда должен двигаться продукт — и умеет доказать, почему.</p> <p><strong>Нам нужно чтобы ты:</strong></p> <ul> <li>Участвовал в формировании стратегии для направления «Scheduling» исходя из данных, рынка и реальных потребностей пользователей.</li> <li>Приоритизировал бэклог продукта и формировал роадмап на основе данных и бизнес-целей.</li> <li>Отвечал за сбор и формализацию требований к новым функциям, писал пользовательские истории и технические задания.</li> <li>Анализировал результата запущенных фич: что изменилось, почему и что дальше.</li> <li>Собирал требования через разговоры с пользователями, поддержкой и аналитикой и превращаешь их в понятные задачи.</li> </ul> <p><strong>Требования:</strong></p> <ul> <li>Опыт в роли Product Manager от 4 лет.</li> <li>Умеешь работать с данными, задавать вопросы и находить причинно-следственную связь.</li> <li>Понимаешь UX по тому, как пользователь реально ведёт себя в продукте.</li> <li>Работал в тесной связке с разработкой и дизайном.</li> <li>Не боишься говорить «нет», если задача не имеет смысла или не стоит затрат.</li> </ul> <p><strong>Что мы предлагаем:</strong></p> <ul> <li> <p>Прозрачная и конкурентная ЗП, трудоустройство по ТК РФ;</p> </li> <li> <p>Гибридный график: три дня в неделю работаешь в офисе, остальные – где удобно.</p> </li> <li>Техника для работы;</li> <li>ДМС после испытательного срока;</li> <li>Поддержка в трудных ситуациях – мы не просто компания, мы – сообщество;</li> <li> <p>Корпоративные скидки BestBenefits – спорт, путешествия, рестораны, курсы, даже косметика;</p> </li> <li> <p>Команда, где все на “ты” – нет дресс-кода, нет иерархии, есть доверие.</p> </li> </ul>",73,Менеджер продукта
128956221,Стажер-программист 1С,"<strong>Обязанности:</strong> <ul> <li>разработка программ 1С</li> <li>Участие в проектах по внедрению программ на базе 1С;</li> <li><strong>Требования:</strong></li> <li>высшее образование</li> <li>Ответственность</li> <li><strong>Условия:</strong></li> <li>трудоустройство согласно ТК РФ</li> <li>до места работы предоставляется служебный транспорт</li> <li>своя столовая, подарки к праздникам, премирование по итогам работы за год</li> </ul>",96,"Программист, разработчик"
128968663,Руководитель отдела продаж (IT платформа),"<p>Если вы готовы стать частью команды профессионалов и строить будущее вместе с нами, мы будем рады рассмотреть вашу кандидатуру на позицию &quot;Руководитель отдела продаж&quot;.</p> <p><strong>Зона ответственности:</strong></p> <p> </p> <ul> <li>Построение и управление отделом продаж;</li> <li>Выполнение плана продаж отдела;</li> <li>Участие в формировании стратегии продаж и гипотез;</li> <li>Развитие менеджеров по продажам;</li> <li>Работа с метриками: конверсия, средний чек, цикл сделки, план/факт;</li> <li>Взаимодействие с руководством по результатам и масштабированию.</li> <li>Продажи IT-решений, лицензий, комплексных проектов;</li> <li>Личное участие в ключевых переговорах и закрытии сделок;</li> <li>Контроль воронки, сделок, результатов, анализ звонков и переписок;</li> <li>Работа с ЛПР: собственник, IT-директор, финансовый директор;</li> <li>Выстраивание сложных сделок: партнёрства, долгие циклы.</li> </ul> <p><strong>Ожидания от кандидатов:</strong></p> <p> </p> <ul> <li>Образование высшее техническое приветствуется;</li> <li>Опыт работ от 3-х лет РОПом программных решений и IT оборудования;</li> </ul> <ul> <li>Обязателен опыт продаж с чеками от 3 млн ₽;</li> <li>Понимание сложных IT-сделок, корп-сегмента;</li> <li>Умение выходить на ЛПР не только через звонки, работать через связи, партнёрства, рекомендации;</li> <li>Навыки переговоров, умение выявлять потребности и презентовать IT-продукты;</li> <li>Опыт в IT, софте, интеграции - будет большим плюсом;</li> <li>Сильные переговорные навыки, ориентация на деньги и результат, а не «процессы ради процессов»;</li> <li>Самодисциплина, готовность брать на себя ответственность за результат;</li> <li>Гибкость и ориентация на амбициозные цели.</li> </ul> <p><strong>Мы предлагаем:</strong></p> <ul> <li>Место работы: г. Краснодар, ул. Северная, 450;</li> <li>График работы: 5/2 с 9.00 до 18.00;</li> <li>Оформление согласно ТК РФ с первого дня работы;</li> <li>Стабильная белая заработная плата, выплачиваемая без задержек два раза в месяц;</li> <li>Льготные условия приобретения объектов недвижимости компании и участие в социальных программах, подарки для детей сотрудников компании к праздникам;</li> <li>Корпоративное обучение на собственной платформе AVA Университет и возможность прохождения индивидуального обучения на внешних платформах за наш счет;</li> <li>Система адаптации нового сотрудника и программа наставничества от центра компетенции;</li> <li>Корпоративные скидки от партнеров компании (отели, фитнес-клубы, спортивные события и т.д.);</li> <li>Насыщенная корпоративная жизнь и развитая сеть внутренних комьюнити;</li> <li>Материальная поддержка в различных жизненных ситуациях;</li> <li>Реферальные программы с выплатой бонусов сотрудникам.</li> </ul> <p><em>Присоединяйтесь к нам, чтобы вместе достигать новых высот и создавать<br />будущее, полное успеха и достижений!</em></p>",157,Руководитель отдела аналитики
128680296,Инженер-программист станков с ЧПУ,"<p><strong>Вдохновляй технологии: стань инженером-программистом ЧПУ в Jet-Stone!</strong></p> <p>Ты любишь, когда камень подчиняются точности кода? Хочешь видеть, как твои программы превращаются в уникальные изделия, украшающие элитные интерьеры и фасады? Тогда тебе к нам!</p> <p><strong>Твои задачи:</strong></p> <ul> <li>Разработка, корректировка и оптимизация управляющих программ для станков с ЧПУ (в том числе для обработки камня и сложных форм);</li> <li>Настройка и запуск оборудования, тестирование программ на производстве;</li> <li>Взаимодействие с производственным персоналом для достижения идеального результата;</li> <li>Анализ и устранение ошибок в работе станков, постоянное совершенствование процессов;</li> <li>Ведение технической документации и участие во внедрении новых технологий.</li> </ul> <p><strong>Что важно для успеха:</strong></p> <ul> <li>Опыт работы с ЧПУ-оборудованием от 1 года;</li> <li>Знание принципов программирования станков (G-код)</li> <li>Понимание технологических процессов обработки камня;</li> <li>Умение читать чертежи и работать с технической документацией;</li> <li>Внимательность, ответственность, желание развиваться и внедрять инновации.</li> </ul> <p><strong>Условия и преимущества:</strong></p> <ul> <li>Официальное трудоустройство и стабильная &quot;белая&quot; зарплата;</li> <li>График 5/2, рабочий день с 8:00;</li> <li>Работа на современном высокотехнологичном производстве;</li> <li>Возможности для профессионального роста и обучения;</li> <li>Дружная команда, поддержка наставников и уважение к каждому сотруднику.</li> </ul> <p><strong>О компании</strong> Jet-Stone — лидер камнеобрабатывающей отрасли с 1996 года. Мы реализуем самые смелые архитектурные проекты, ценим качество, инновации и людей, которые любят своё дело. Присоединяйся к нам и воплощай технологии в искусство!</p>",96,"Программист, разработчик"
129130956,Project - менеджер (Менеджер проектов),"<p><strong>О компании:</strong><br />Мы — динамично развивающаяся компания, выросшая из успешного <strong>HR-проекта «Рекруто»</strong>. Наша IT-дочерняя компания <strong>«Deepra</strong>», начавшаяся с автоматизации внутренних процессов, теперь является самостоятельным подразделением, разрабатывающим проекты для внешних заказчиков.<br /><br />Мы ищем начинающего и активного проект-менеджера, готового развиваться и взять на себя ответственность за ведение нескольких проектов в сферах HR и IT. Это отличный старт для карьеры в управлении проектами и шанс внести вклад в топовые направления.<br /><br /><strong>Обязанности:</strong></p> <ul> <li> <p>Коммуникация и координация между компанией и контрагентами.</p> </li> <li> <p>Контроль и работа в CRM-системе.</p> </li> <li> <p>Организация и проведение планерок.</p> </li> <li> <p>Выполнение задач от маркетинга (заказы, организация, составление ТЗ) и HR-отдела.</p> </li> <li> <p>Сбор аналитики и подготовка отчетов.</p> </li> <li>Участие в создании контента: презентации, фото- и видеосъемка.</li> </ul> <p><strong>Требования:</strong></p> <ul> <li>Многозадачность</li> <li>Интерес к обучению и развитию</li> <li>Готовность пробовать для себя новые сферы</li> </ul> <strong>Условия:</strong> <ul> <li> <p>График 5/2 с 9:00 до 18:00.</p> </li> <li> <p>Офис буквально в 10 минутах от ст. м. Александра Невского (Наб. Обводного канала, 21).</p> </li> <li>Дружный коллектив, корпоративные мероприятия и фирменный мерч.</li> </ul> <p><strong>Откликайтесь! </strong>Всем кандидатам мы отправим <strong>видео-интервью</strong> с будущим руководителем с подробным рассказом о компании. Если вы чувствуете, что это вакансия для вас, ждем отклика!</p>",107,Руководитель проектов
129071995,Дизайнер презентаций Senior CRM,"<p>Мы в поиске опытного дизайнера презентаций в CRM в команду Банка топ-5.</p> <p>Удаленный формат работы, с возможностью приезжать в офис банка в г.Москва.</p> <p><strong>Ваша зона ответственности:</strong></p> <ul> <li> <p>Разработка концепций и дизайн презентаций (PowerPoint, Keynote, Google Slides).</p> </li> <li>Подготовка визуальных шаблонов, инфографики, анимации и мультимедийных элементов.</li> <li>Адаптация материалов под требования разных аудиторий и каналов коммуникации.</li> <li>Обеспечение единообразия фирменного стиля во всех презентационных продуктах.</li> <li>Поддержка и обновление библиотеки готовых шаблонов и графических ресурсов.</li> </ul> <p><strong>Необходимые навыки:</strong></p> <ul> <li>Опыт работы дизайнером от 2 лет.</li> <li>Профессиональное владение PowerPoint, Keynote, Google Slides, а также графическими редакторами (Adobe Photoshop, Illustrator, Figma).</li> <li>Понимание принципов визуального сторителлинга и UX/UI.</li> <li>Умение работать с данными, создавать инфографику и анимацию.</li> <li>Высокая внимательность к деталям, чувство эстетики и соблюдение сроков.</li> <li>Отличные коммуникативные навыки, способность работать в команде и принимать обратную связь.</li> </ul>",34,"Дизайнер, художник"
129083804,"Дизайнер по интерьерной графике (фотообои, наклейки) / графический дизайнер (маркетплейсы)","<p><strong>Мы — типография и производитель интерьерного декора</strong>: фотообои, обои-компаньоны, интерьерные наклейки, (в перспективе — новые категории). Работаем с маркетплейсами (WB/Ozon). Ищем дизайнера, который будет усиливать ассортимент и визуал карточек.</p> <p><strong>Чем предстоит заниматься</strong></p> <p><strong>1) Разработка новых принтов и коллекций</strong></p> <ul> <li>Создавать новые рисунки/сюжеты для фотообоев и интерьерных наклеек (сериями/подборками).</li> <li>Генерировать идеи и изображения с помощью нейросетей (prompting, вариации, upscale, исправления артефактов), доводить до коммерческого качества.</li> <li>Делать бесшовные паттерны (если нужно), адаптировать дизайны под разные размеры/форматы.</li> </ul> <p><strong>2) Подготовка макетов к печати</strong></p> <ul> <li>Подготавливать файлы для широкоформатной печати: правильные размеры, разрешение, слои, вылеты/поля, проверка качества.</li> <li>Базовая цветокоррекция/ретушь, чистка артефактов, повышение детализации.</li> <li>Подготовка превью/мокапов интерьера (чтобы рисунок “продавался”).</li> </ul> <p><strong>3) Инфографика и оформление карточек на маркетплейсах</strong></p> <ul> <li>Делать главные обложки, плашки, преимущества, сравнения, размеры/комплектацию.</li> <li>Единый стиль для бренда: шрифты, цвета, композиция, читаемость на мобильном.</li> <li>Доработка текущих карточек: улучшение визуала, обновления под сезон/акции/А/Б варианты.</li> </ul> <p><strong>4) Поддержка текущих дизайнов</strong></p> <ul> <li>Корректировки по ТЗ: заменить элементы, убрать лишнее, подогнать оттенки, собрать новые варианты.</li> <li>Быстрая реакция на задачи производства/маркетинга.</li> </ul> <p><strong>Наши ожидания</strong></p> <ul> <li>Уверенный <strong>Photoshop</strong> (ретушь, коллаж, маски, текст, аккуратная сборка макетов).</li> <li><strong>Illustrator/CorelDRAW</strong> (желательно — для вектора и наклеек).</li> <li>Понимание подготовки к печати: <strong>разрешение, масштаб, цвет, аккуратность файлов</strong> (CMYK/ICC — будет плюсом).</li> <li>Опыт <strong>инфографики для маркетплейсов</strong> (WB/Ozon) — большой плюс.</li> <li>Умение работать с нейросетями <strong>или желание быстро научиться</strong> (генерация, апскейл, правки, стабильное качество).</li> <li>Внимательность к деталям, скорость, системность, умение работать по чек-листам/ТЗ.</li> <li>Наличие портфолио (принты/коллажи/инфографика — идеально).</li> </ul> <p><strong>Будет плюсом</strong></p> <ul> <li>Опыт в интерьерных нишах (обои, текстиль, декор).</li> <li>Навык делать “дорогие” мокапы интерьеров.</li> <li>Figma (для быстрых макетов), After Effects/CapCut (если планируем видео — не обязательно).</li> </ul> <p><strong>Условия</strong></p> <ul> <li>Формат: <strong>офис</strong></li> <li>Загрузка: проектная или полная занятость (обсуждается).</li> <li>Оплата: фикс + KPI за объём</li> <li>Тестовое задание небольшое (1–2 задачи из реальной работы).</li> </ul> <p> </p> <p> </p>",34,"Дизайнер, художник"
127422137,Ночной специалист службы поддержки клиентов (Ozon Travel),"<p>Ozon Travel — это динамично развивающийся продукт в экосистеме Ozon, который помогает клиентам с бронированием авиа- и ж/д билетов, отелей и покупкой туров. В этом году мы ставим перед собой амбициозные цели по привлечению новых клиентов и партнёров, и именно вы поможете нам в их достижении.</p> <p><strong>Вам предстоит:</strong></p> <ul> <li>Консультировать клиентов, оперативно отвечая на вопросы в чатах, по телефону и электронной почте.</li> <li>Помогать клиентам с организацией поездок и путешествий от Авиа/ЖД билетов до комфортного отдыха в отеле.</li> </ul> <p><strong>Мы ожидаем:</strong></p> <ul> <li>Стремление к профессиональному развитию;</li> <li>Готовность много общаться с людьми и облегчать планирование их поездок;</li> <li>Готовность работать энергично в режиме многозадачности;</li> <li>Письменная и устная грамотность;</li> </ul> <p><strong>Мы предлагаем:</strong></p> <ul> <li><strong>Старт с поддержкой:</strong> Полное оплачиваемое обучение с трудоустройством с первого дня вместе с нашими кураторами.</li> <li><strong>Работай с комфортом:</strong> Официальное трудоустройство, «белая» зарплата (оклад + премия) и полностью удалённый формат.</li> <li><strong>Выбирай свой график:</strong> 2/2 с 08:00 до 20:00; с 09:00 до 21:00; с 10:00 до 22:00 и т.д. по Москве</li> <li><strong>Расти вместе с нами:</strong> Семинары, тренинги, корпоративный английский и возможность строить карьеру в крупнейшем e-commerce проекте.</li> <li><strong>Забота о тебе:</strong> <ul> <li>ДМС со стоматологией.</li> <li>Подарок от компании при рождении ребёнка.</li> </ul> </li> <li><strong>Приятные бонусы:</strong> Программы «Рекомендуй друга» и «Откликнись сам», статус IT-компании и сильная команда, которой мы гордимся.</li> </ul>",121,Специалист технической поддержки
128268352,Системный администратор,"<p><strong>Компания Trives – крупный российский разработчик и производитель медицинских ортопедических изделий в России. </strong>Мы —<strong> </strong>компания полного цикла: от исследования потребностей рынка до запуска изделия в серийное производство<em>.</em></p> <p><strong>СИСТЕМНЫЙ АДМИНИСТРАТОР</strong></p> <p><strong>Место работы: </strong>Санкт-Петербург, Шушары, 2-й Бадаевский проезд, д.12 (два км. от ст.м. Шушары)</p> <p><strong>Предлагаем:</strong></p> <ul> <li>работа в группе из 4х системных администраторов, входящей в IT-отдел;</li> <li>удобный график работы: пятидневная рабочая неделя (сб., вс. — выходные дни);</li> <li>рабочий день с 8:20 до 17:20, с возможностью сдвига на полчаса в любую сторону;</li> <li>стабильная оплата труда 90 000 руб. на руки;</li> <li>корпоративная развозка от ст.м. Шушары;</li> <li>бесплатные комплексные обеды в собственной столовой;</li> <li>добровольное медицинское страхование;</li> <li>корпоративные мероприятия и подарки детям сотрудников на праздники.</li> <li>возможности для профессионального развития по желанию сотрудника;</li> <li>поддержка коллектива, доброжелательная атмосфера в отделе.</li> <li>стабильность: официальное оформление с первого рабочего дня и своевременные выплаты заработной платы.</li> </ul> <p><strong>Рабочие задачи:</strong></p> <ul> <li>около 240 рабочих мест (офис, производство, розничные салоны);</li> <li>тестирование, настройка, обслуживание сетевой инфраструктуры, IP-телефонии, серверов виртуальных и физических, рабочих станций;</li> <li>работа с ПО и с железом;</li> <li>обеспечение сетевой безопасности;</li> <li>подбор и закупка оборудования;</li> <li>закупка лицензий и управление лицензированием</li> <li>составление инструкций и схем для пользователей.</li> </ul> <p><strong>Мы ожидаем от кандидатов опыт работы с:</strong></p> <ul> <li>сетями как с несколькими доменами, так и в недоменной структуре;</li> <li>серверами на Windows;</li> <li>сервисами и технологиями: TCP/IP, VLAN, NAT, IP firewall, DNS, SMB, DHCP, AD.</li> <li>сетевым оборудованием;</li> <li>backup;</li> <li>системами виртуализации;</li> </ul> <p><strong>Будет плюсом, если вы работаете с:</strong></p> <ul> <li>оборудованием Mikrotik и туннелированием</li> <li>платформой MS Hyper-V</li> <li>Linux-серверами</li> <li>серверами 1С и MSSQL (базовое администрирование)</li> <li>системами контроля и управления доступом и системами видеонаблюдения</li> </ul> <p><br /><strong>Уважаемые соискатели!</strong></p> <p><strong>Первое собеседование будет проводить руководитель отдела IT!</strong></p> <p><strong>Пожалуйста, присылайте резюме и мы свяжемся с вами в мессенджере или по телефо</strong>ну.</p> <h2> </h2>",113,Системный администратор
129086404,Инженер по тестированию ПО,"<p> </p> <p><strong>Обязанности:</strong></p> <ul> <li> <p>Проведение тестирования: iOS_Android приложений / Серверной логики /</p> </li> <li> <p>Поиск вероятных ошибок и сбоев в функционировании объекта тестирования</p> </li> <li> <p>Моделирование различных ситуации, которые могут возникнуть в процессе использования предмета тестирования, чтобы разработчики смогли исправить обнаруженные ошибки</p> </li> <li> <p>Документировать результаты тестирования</p> </li> <li> <p>Создание тест-кейсов по всем объектам тестирования</p> </li> <li> <p>Создание тикетов с багами в Jira и менеджмент, контроль их исполнения</p> </li> </ul> <p> </p> <p><strong>Требования:</strong></p> <ul> <li> <p><strong>Высшее, обязательно - техническое образование</strong></p> </li> <li> <p>Знание SQL на базовом уровне</p> </li> <li> <p>Знание основ тестирования, жизненного цикла ПО</p> </li> <li> <p>Понимание принципов работы Rest API</p> </li> <li> <p>Практика тестирования</p> </li> <li> <p>Аналитическое мышление</p> </li> <li> <p>Умение обучаться быстро и самостоятельно</p> </li> <li> <p>Высокий уровень ответственности за конечный результат</p> </li> <li> <p>Высокий уровень коммуникабельности</p> </li> </ul> <p>Мы предлагаем:</p> <ul> <li> <p>Карьерный рост, активное обучение;</p> </li> <li> <p>Устройство в штат по ТК РФ;</p> </li> <li> <p>Офис класса &quot;А&quot; в экологически чистом районе Москвы с собственной рекреационной зоной, прекрасными видами из окна, полноценной кухне, зоной отдыха, возможностью занятия физкультурой на свежем воздухе</p> </li> </ul>",124,Тестировщик
128994769,Графический дизайнер (FMCG),"<p>Привет!<br />Компания «Большой мир» — создатель и производитель FMCG-брендов Fancy Rabbit (детская гигиена) и YIOIY (женская гигиена), которые за 5 лет стали частью повседневной жизни десятков тысяч женщин и семей по всей России. Наши продукты представлены в федеральных торговых сетях и на крупнейших маркетплейсах.</p> <p>Сейчас мы ищем <strong>Графического дизайнера</strong>, который станет соавтором визуального мира наших брендов.</p> <p><strong>Чем предстоит заниматься:</strong></p> <p>В зоне вашей ответственности — весь визуальный путь бренда до покупателя:</p> <ul> <li>Создание и обновление карточек товаров на маркетплейсах;</li> <li>Разработка rich-контента и инфографики;</li> <li>Работа с фото-контентом: отбор, ретушь, цветокоррекция, улучшение качества;</li> <li>Дизайн рекламных баннеров для digital-площадок (с фокусом на конверсию и узнаваемость);</li> <li>Разработка POSM (листовки, воблеры, ценники, шелфтокеры, наклейки и др.);</li> <li>Оформление корпоративных презентаций;</li> <li>Участие в запуске новых продуктов: создавать наброски, концептуальные визуалы и финальные макеты от идеи до производства.</li> </ul> <p> </p> <p><strong>При выборе финального кандидата будет преимуществом:</strong></p> <ul> <li>Опыт работы в e-commerce, FMCG, бренде или креативном агентстве;</li> <li>Портфолио с примерами карточек маркетплейсов, POSM или упаковки;</li> <li>Опыт оформления презентаций для бизнес-аудитории;</li> <li>Понимание, как визуал влияет на конверсию и восприятие бренда.</li> </ul> <strong>Мы будем рады, если ты:</strong> <ul> <li>Видишь дизайн не как «красивую картинку», а как инструмент коммуникации;</li> <li>Умеешь создавать единый стиль, даже когда работаешь с десятками SKU;</li> <li>Работаешь в Photoshop и Figma как в родных средах.</li> </ul> <p><strong>Что от нас:</strong></p> <ul> <li>Конкурентная заработная плата, зависящая от опыта и результатов собеседований (прислушиваемся к пожеланиям);</li> <li>График 5/2, работа в комфортном офисе в центре Москвы (м. Парк Культуры), возможно обсуждение гибрида;</li> <li>Вся необходимая техника и доступ к профессиональным инструментам;</li> <li>Возможность влиять на визуальную стратегию бренда с самого начала — от концепции до полки.</li> </ul> <p><strong>Нажми «Откликнуться» и прикрепи в сопроводительном письме ссылку на портфолио.</strong></p> <p><strong>Будем знакомиться!</strong><strong>💛</strong></p>",34,"Дизайнер, художник"
128696964,Руководитель проекта по радиосвязи,"<strong>Обязанности:</strong> <p> </p> <p>Управление проектами по внедрению и развитию систем радиосвязи различного</p> <p>назначения (радиорелейные линии связи, антенно-фидерные системы,</p> <p>производственно-технологическая радиосвязь стандарта DMR Tier III):</p> <ul> <li>Определение целей и задач проекта.</li> <li>Разработка плана проекта, включая график выполнения работ,</li> <li>распределение ресурсов и бюджет.</li> <li>Формулирование критериев успеха проекта и контроль показателей</li> <li>эффективности.</li> <li>Согласование технического задания и договоренностей с заказчиком.</li> <li>Ведение необходимой документации по проекту.</li> <li>Предоставление отчетности руководству организации и заказчику.</li> </ul> <p>Сбор и систематизация данных для анализа итогов проекта.</p> <p>Управление командой проекта:</p> <ul> <li>Распределение обязанностей среди членов команды и делегирование</li> <li>полномочий.</li> <li>Мониторинг производительности и мотивации участников проекта.</li> </ul> <p>Проведение регулярных встреч и обсуждение хода выполнения задач.</p> <p>Управление финансами:</p> <ul> <li>Составление и контроль исполнения бюджета проекта.</li> <li>Управление расходами и оптимизация затрат.</li> <li>Управление рисками проекта.</li> <li>Оценка финансовой целесообразности предложенных изменений в проекте.</li> </ul> <strong>Требования:</strong> <ul> <li>Высшее техническое образование (электроника, телекоммуникации, радиотехника).</li> <li>Опыт управления проектами в области радиосвязи от 3-х лет.</li> <li>Отличное знание стандартов и технологий радиосвязи (например, транкинговая радиосвязь, цифровая радиосвязь стандарта DMR Tier III, Wi-Fi, спутниковые технологии).</li> <li>Навыки разработки, анализа технической документации.</li> <li>Умение организовывать работу команды, эффективно распределять задачи.</li> <li>Хорошее владение ПК</li> <li>Знания моделирования и расчета характеристик радиооборудования.</li> <li>Готовность к командировкам на объекты строительства и монтажа.</li> </ul> <strong>Условия:</strong> <ul> <li> <p>Условия:</p> </li> <li>Оформление по ТК РФ;</li> <li>Своевременная зарплата;</li> <li> <p>Развитие:</p> </li> <li>Корпоративное обучение и повышение квалификации;</li> <li> <p>Комфорт:</p> </li> <li>График работы:<strong> </strong>пн-пт с 08:00 до 17:00, сб и вскр -выходной;</li> <li>Бесплатный чай и кофе для сотрудников;</li> <li>Корпоративная сотовая связь.</li> <li> <p>Заботу о здоровье:</p> </li> <li>ДМС для сотрудников;</li> <li>Посещение спортивных секций;</li> <li> <p>Приятные бонусы:</p> </li> <li>Организация летнего отдыха для детей сотрудников;</li> <li>Уникальная карта лояльности PASS (скидки более чем у 255 партнеров: магазины, кафе, аптеки, развлекательные площадки и многое другое);</li> <li>Детские подарки на Новый год, День знаний.</li> </ul>",107,Руководитель проектов
128546191,Lead Go Developer,"<p>Мы — команда <strong>IDP (Internal Developer Platform)</strong> в онлайн-кинотеатре Okko.</p> <p><strong>Наша миссия — создавать единую, надёжную и автоматизированную платформу разработки, тестирования и доставки сервисов, </strong>на которой работают десятки команд Okko: от витрины и A/B-экспериментов до live-трансляций.</p> <p>Наша платформа уже в продакшене: через неё ежедневно проходят сотни релизов, тысячи сборок и десятки новых сервисов. Это не «внутренний инструмент» — это <strong>фундамент технической культуры всей компании</strong>, и мы отвечаем за то, чтобы разработчики могли <strong>фокусироваться на продукте, а не на инфраструктуре</strong>.</p> <p>Сегодня мы активно развиваем IDP: запускаем <strong>IDM (Identity &amp; Access Management)</strong>, эволюционируем платформу до <strong>IDP v2</strong>, внедряем единые стандарты по безопасности, observability и отказоустойчивости — и делаем всё это <strong>без остановки текущей разработки</strong>.</p> <p>И мы ищем <strong>Lead Go Developer </strong>— человека, который будет <strong>одновременно проектировать архитектуру, писать код и вести команду,</strong> чтобы сделать нашу платформу ещё мощнее, стабильнее и удобнее.</p> <p><strong>Мы предлагаем:</strong></p> <ul> <li>Топовое оборудование и весь необходимый софт;</li> <li>Официальное трудоустройство, достойная и полностью белая заработная плата;</li> <li>ДМС со стоматологией, офисный врач, доплата больничного листа, компенсация мобильной связи, корпоративные скидки;</li> <li>Льготная ипотека по зарплатному проекту;</li> <li>Бесплатные подписки на сервисы наших партнёров;</li> <li>Совместные занятия спортом: йога, футбол, волейбол;</li> <li>Яркая корпоративная жизнь и события для всей команды.</li> </ul> <p><strong>Твои главные миссии в Okko:</strong></p> <ul> <li> <p>Разработка и поддержка <strong>ключевых backend-компонентов платформы</strong>: от микросервисов управления доступом до CI/CD-интеграций;</p> </li> <li> <p>Выстраивание технической стратегии и архитектуры новых модулей (IDM, IDP v2);</p> </li> <li> <p>Личный вклад в код — ты не только будешь принимать решения, но и <strong>писать, ревьюить и деплоить</strong> их в продакшен;</p> </li> <li> <p>Построение команды и процессов: мы в активной фазе роста, и ты закладываешь основы будущего.</p> </li> </ul> <p><strong>Суперсилы, которые ценим:</strong></p> <ul> <li> <p><strong>Уверенное владение Go</strong>: глубокое понимание concurrency, работы с памятью, профилирования и идиоматичного стиля;</p> </li> <li> <p><strong>Опыт построения платформенных решений</strong>: внутренние API, self-service-инструменты, интеграции между системами;</p> </li> <li> <p><strong>Понимание жизненного цикла сервиса «от идеи до продакшена»</strong>: CI/CD, деплой, мониторинг, безопасность;</p> </li> <li> <p><strong>Готовность и желание сочетать лидерство и hands-on разработку</strong>;</p> </li> <li> <p><strong>Навык писать чистый, сопровождаемый и тестируемый код</strong> — ведь ваша платформа будет использоваться сотнями инженеров.</p> </li> </ul> <p><strong>То, что удивит нашу команду:</strong></p> <ul> <li> <p>Опыт проектирования <strong>систем управления доступом (IAM/IDM)</strong>: RBAC, ABAC, SSO, OIDC;</p> </li> <li> <p>Знание <strong>PostgreSQL</strong>: схемы, транзакции, репликация, производительность под нагрузкой;</p> </li> <li> <p>Понимание работы <strong>Kubernetes и Jenkins </strong> «под капотом» — не только как пользователь, но и как разработчик интеграций;</p> </li> <li> <p>Опыт работы в <strong>межкомандных инициативах</strong> — с SRE, Security, Runtime — и умение находить баланс между скоростью и стандартами.</p> </li> </ul> <p> </p>",104,Руководитель группы разработки
129000113,"Старший математик-разработчик, Группа ""Внутренние ML Продукты""","<p>Мы применяем современный ИИ для автоматизации разнообразных процессов внутри компании. Например, мы создаем умных ассистентов для работы с базами знаний, делаем сервисы-копилоты для разработчиков и сотрудников поддержки, а также помогаем автоматизировать кадровый документооборот.</p> <p>Наша ключевая цель - внедрить искусственный интеллект во все те места и процессы, где его использование поможет компании работать более эффективно, и освободит наших коллег от рутинной работы, которую сможет взять на себя ИИ.</p> <p>В команде несколько опытных разработчиков и дата-саентистов, и мы тесно взаимодействуем с другими командами, заинтересованными в применении ИИ в своих задачах.</p> <p>Ищем дата-саентиста, который готов вместе с нами применять ИИ для автоматизации процессов внутри компании.</p> <p><strong>Наш стэк:</strong> PyTorch, transformers, catboost, фреймворки для инференса (vllm, triton), Python, Go, Kubernetes.</p> <p><strong>Вы будете:</strong></p> <ul> <li>Участвовать в разработке полезных сервисов на базе ИИ.</li> <li>Работать с &quot;большими&quot; современными моделями (напр., с такими LLM как DeepSeek и Qwen) и применять их для решения прикладных задач. У вас будет возможность не просто использовать &quot;готовые&quot; LLM &quot;из коробки&quot;, но и дообучать их под конкретные прикладные задачи.</li> <li>Решать интересные задачи из разных областей современного машинного обучения: NLP, CV, обработка видео и звука.</li> </ul> <p><strong>Примеры задач:</strong></p> <p>Пример 1. Зафайнтюнить мультимодальный Qwen2.5-VL под задачу распознавания документов.</p> <p>Пример 2. Обучить модель эмбеддингов, которая будет использоваться в RAG-системе для автоматизации работы техподдержки.</p> <p><strong>Нам важно:</strong></p> <ul> <li>Отличные знания в области машинного обучения: классический ML, DL, NLP и/или CV.</li> <li>Опыт работы с такими библиотеками как pytorch, transformers, фреймворки для градиентного бустинга (напр. catboost или xgboost), sklearn, pandas.</li> <li>Уверенное владение Python.</li> <li>Хорошее знание базовых алгоритмов и структур данных.</li> <li>Понимание принципов работы с большими данными, знакомство с такими инструментами как hadoop, spark, airflow.</li> <li>Опыт работы с Linux на уровне пользователя.</li> </ul> <p><strong>Будет плюсом:</strong></p> <ul> <li>Опыт работы с современными LLM.</li> </ul>",156,"BI-аналитик, аналитик данных"
127582738,"Project Manager / Менеджер проекта (IT, Gamedev)","<p><strong>Playtox</strong> - компания - разработчик мультиплатформенных многопользовательских браузерных игр. Мы создаем игровые миры, в которые удобно играть с любого устройства и на любой ОС.</p> <p>В 2025 году нам исполнилось 16 лет. Сегодня Playtox - это: 45 млн пользователей по всему миру, более 100 млн игровых часов, проведенных игроками в наших играх, нами выпущено более 12 игр, среди которых бестселлеры мобильных браузерных игр.</p> <ul> <li>Тебе предстоит работать с успешнейшими проектами и командами, которым важно делать свой продукт хорошо.</li> <li>У нас продуктовый подход к разработке, поэтому мы уделяем особое внимание к выстраиванию процессов.</li> </ul> <p><strong>Основными задачами будут:</strong></p> <ul> <li> <p>Управление полным циклом разработки игры/продукта;</p> </li> <li> <p>Организация эффективной коммуникации между ролями;</p> </li> <li> <p>Планирование работы команды;</p> </li> <li> <p>Постановка задач и контроль за их выполнением;</p> </li> <li> <p>Управление рисками:<br />- Выявление рисков,<br />- Оценка.</p> </li> </ul> <p><strong>Что должно быть, чтобы успешно работать с нами?</strong></p> <ul> <li> <p>Опыт управления IT проектами;</p> </li> <li> <p>Умение работать в режиме многозадачности;</p> </li> <li> <p>Высокий уровень коммуникации (договариваться, убеждать, решать неоднозначные ситуации, мотивировать команду);</p> </li> <li> <p>Добиваться поставленной цели и получать удовольствие от процесса.</p> </li> </ul> <p><strong>Что ты получишь:</strong></p> <ul> <li>Работу в аккредитованной IT-компании;</li> <li> <p>Своевременные выплаты в соответствии с ТК РФ (больничные, отпускные);</p> </li> <li> <p>Возможность вертикального и горизонтального роста и развития;</p> </li> <li> <p>Программу наставничества. К каждому новому сотруднику прикрепляется наставник, который помогает осваивать задачу и адаптироваться на новом рабочем месте;</p> </li> <li> <p>Уютный офис с лучшим видом на закаты — мы располагаемся на 12 этаже одной из башен Технопарка, а также <strong>возможность удаленной работы</strong>.</p> </li> </ul>",107,Руководитель проектов
129063641,Менеджер по презентации продуктов (IT / Product Demo Manager) в продуктовую IT-компанию,"<p>Привет! Давайте знакомиться.</p> <p>Кто мы? Чем мы занимаемся? Что мы предлагаем?</p> <p><br /><strong>Мы — MedContact</strong><strong>, казахстанская IT-компания</strong>, занимающаяся разработкой построением автоматизированного клиентского сервиса (инновационные контакт-центры с голосовыми роботами с искусственным интеллектом). Работаем с кейсами чат-ботов на базе GPT, тексты и транскрибациию звонков проводим через ИИ. За счет этого анализируем сценарии и создаем отчеты.<br />- Приоритетная сфера - медицина и здравоохранение.</p> <p>География - WORLDWIDE.<br />- Наш годовой оборот порядка $2+ млн. и постоянно растёт.<br />- Наша команда сегодня состоит из +150 человек<br />- Наши цели на 2026 год - увеличить обороты компании 4$ млн. и стать топ-1 в СНГ. А также увеличить долю присутствия на западном рынке. Для этого у нас есть все инструменты и ресурсы. Мы точно знаем куда идти, чтобы за год вырасти не в 1,5-2 раза как обычно, а в 4 раза минимум, но для этого нам нужен толковый руководитель.</p> <p><br />Наши планы: стать лидером рынка технологий автоматизации коммуникаций с клиентами (качество, эффективность и польза для Заказчиков для нас на первом месте).</p> <p><strong>Кого мы ищем?</strong></p> <p>Нам нужен Менеджер по презентации продукта, который:</p> <p>проводит встречи/демо так, что клиент понимает ценность и хочет идти дальше,</p> <p>умеет делать discovery, выявлять реальные задачи клиента,</p> <p>помогает доводить клиента до коммерческого предложения и договора вместе с отделом продаж.</p> <p>Эта роль - стык продукта / коммуникаций / продаж (pre-sales).</p> <p>Задачи (что вы будете делать)</p> <p>Проводить встречи и звонки (в основном онлайн) для презентации и демонстрации решений BP Contact.</p> <p>Делать discovery: выявлять потребности, процессы, боли клиента.</p> <p>Подбирать оптимальное решение под запрос клиента и формировать аргументацию ценности.</p> <p>В связке с менеджером продаж / руководителем сопровождать клиента до договора (переговоры, уточнения, согласования).</p> <p>Вести статусы и отчётность в CRM (коммуникации, встречи, задачи).</p> <p>Анализировать проведённые встречи и улучшать качество презентаций: скрипты, структура, материалы.</p> <p>Поддерживать долгосрочные отношения с клиентами/партнёрами, участвовать в апсейлах по действующим клиентам.</p> <p>Важно<br />Если вы прочитали до этого момента и понимаете, что хотите работать в MedContact - откликнитесь на вакансию и напишите в сопроводительном письме:<br />“Я хочу тут работать”<br />Так мы поймём, что вы внимательный и замотивированный профессионал.</p> <p>Ждём вас!</p>",73,Менеджер продукта
128641719,DevOps / Middle System Engineer,"<strong>Обязанности:</strong> <ul> <li>Администрирование, поддержка и развитие <strong>высоконагруженной инфраструктуры Заказчика</strong> (парк более <strong>150 ВМ Linux</strong>), <strong>собственных тестовых и dev-контуров, </strong>взаимодействие с командами <strong>Dev и QA</strong> (парк ~40 ВМ AltLinux / AstraLinux<strong> и Windows Server</strong>)</li> <li>Автоматизация процессов развертывания приложений и инфраструктуры (развитие <strong>CI/CD на базе GitLab</strong>)</li> <li>Эксплуатация и сопровождение приложений на площадках Заказчика<br />(<strong>3 линия поддержки</strong>)</li> <li>Администрирование <strong>виртуальной инфраструктуры</strong><br />(Proxmox, Xen, VM<span>wa</span>re), управление ВМ и резервным копированием</li> <li>Поддержка и администрирование <strong>сетевой инфраструктуры</strong><br />(Cisco, HP, Keenetic)</li> <li>Администрирование <strong>почтовой инфраструктуры</strong> (Postfix, Dovecot, Mailcow)</li> <li>Администрирование <strong>ПАК VipNet</strong></li> <li>Поддержка и конфигурация <strong>IP-АТС Asterisk + PBX</strong>, SIP-сервисов</li> <li>Подготовка, обслуживание и поддержка <strong>АР<span>М пол</span>ьзователей</strong></li> <li>Администрирование инфраструктуры в <strong>коллокации, офисе и облачных VPS</strong></li> <li>Ведение базовой <strong>технической и учётной документаци</strong></li> </ul> <strong>Требования:</strong> <ul> <li>Уверенные навыки администрирования <strong>Linux</strong> и <strong>Windows Server</strong></li> <li><span>Опыт</span> эксплуатации <strong>высоконагруженных систем</strong></li> <li>Понимание принципов <strong>отказоустойчивости, масштабирования и мониторинга</strong></li> <li>Знание сетевых технологий (TCP/IP, DNS, DHCP, VLAN, VPN, NAT, GRE)</li> <li><span>Опыт работы</span> с сетевым оборудованием <strong>Cisco, Keenetic, HP</strong></li> <li><span>Опыт работы</span> с виртуализацией, понимание процессов <strong>backup, restore</strong> (<strong>Proxmox, VM<span>wa</span>re, Xen</strong>)</li> <li><span>Опыт</span> эксплуатации <strong>PHP-приложений</strong></li> <li>Администрирование <strong>PostgreSQL</strong> (репликация, резервное копирование и восстановление)</li> <li>Администрирование <strong>MongoDB</strong> (replica set, базовое понимание принципов шардинга)</li> <li>Работа с <strong>Redis</strong> (cache, pub/sub, persistence)</li> <li>Администрирование и настройка <strong>Nginx</strong></li> <li>Работа с контейнеризацией (<strong>Docker, docker-compose</strong>)</li> <li><span>Опыт работы</span> с <strong>Git</strong> (ветвление, merge request, code review)</li> <li>Понимание и применение <strong>GitOps-подхода</strong></li> <li>Навыки автоматизации: (bash / shell-скрипты / python )</li> <li><strong>Будет плюсом:</strong></li> <li><span>Опыт работы</span> с <strong>VoIP / SIP\</strong>Практический <span>опыт</span> с <strong>Asterisk / IP-АТС</strong></li> <li>Базовые знания в области <strong>информационной безопасности</strong> (hardening ОС, контроль доступов, аудит конфигураций)</li> <li><span>Опыт работы</span> с <strong>ПАК VipNet</strong></li> <li><span>Опыт работы</span> с системами мониторинга и логирования (Zabbix, Prometheus, VictoriaMetrics, Loki, VictoriaLogs, ClickStack )</li> <li><span>Опыт работы</span> с <strong>Ansible/Terraform</strong>:</li> <li><span>Опыт</span> поддержки <strong>real-time систем</strong> и сервисов с высокой доступностью</li> </ul>",160,DevOps-инженер
128672434,Графический дизайнер,"<strong>Приглашаем в команду графического дизайнера.</strong><br /><br /><strong>Обязанности:</strong><br />• Разработка визуальных материалов для ресторана: меню, баннеры, афиши, промо- и рекламные макеты.<br />• Подготовка дизайна для социальных сетей и наружной рекламы.<br />• Поддержание единого визуального стиля бренда.<br />• Создание презентаций и дизайн-поддержка маркетинговых активностей.<br />• Взаимодействие с типографиями и подрядчиками по печати.<br /><br /><strong>Требования:</strong><br />• Опыт работы с заведениями общественного питания (рестораны, кафе, бары) — обязателен.<br />• Владение Adobe Photoshop, Illustrator. Опыт работы в After Effects или 3D будет огромным преимуществом.<br />• Чувство стиля, аккуратность и внимание к деталям.<br />• Умение работать в сжатые сроки и с несколькими задачами одновременно.<br /><br /><strong>Условия:</strong><br />• Работа в творческой команде гастропроекта.<br />• Возможна частичная удалёнка, гибкий график.<br />• Оплата в зависимости от уровня и портфолио.<br />• Без совмещения с другими проектами.<br /><br /><strong>Оставляйте отклики и Мы свяжемся с Вами!</strong>",34,"Дизайнер, художник"
129140001,Junior Frontend-разработчик,"<p><strong>Sapa Digital Communications</strong> - IT-компания, которая создаёт инструменты автоматизации, внедряет CRM-системы под задачи бизнеса, улучшает клиентский опыт, а также разрабатывает голосовых роботов и решения по речевой аналитике.</p> <p>Требования</p> <p><strong>Обязательные:</strong></p> <ul> <li> <p>Уверенные знания <strong>HTML, CSS, JavaScript (ES6+)</strong></p> </li> <li> <p>Понимание адаптивной и кроссбраузерной вёрстки</p> </li> <li> <p>Опыт работы с <strong>React</strong> (hooks, state, props)</p> </li> <li> <p>Умение работать с <strong>REST API</strong></p> </li> <li> <p>Базовое понимание клиент-серверного взаимодействия</p> </li> <li> <p>Подтвержденный<strong> опыт работы </strong>Frontend-разработчиком <strong>от 1+ года</strong></p> </li> <li> <p>Умение читать и поддерживать чужой код</p> </li> <li> <p>Ответственный подход к задачам и срокам</p> </li> </ul> <p><strong>Будет плюсом:</strong></p> <ul> <li> <p>Знание <strong>TypeScript</strong></p> </li> <li> <p>Опыт работы с state-менеджерами (Redux, Zustand, Context API)</p> </li> <li> <p>Опыт работы с UI-библиотеками (MUI, Ant Design, Tailwind)</p> </li> <li> <p>Понимание принципов UX/UI</p> </li> <li> <p>Наличие pet-проектов или GitHub</p> </li> </ul> <p>Мы ожидаем, что ты:</p> <ul> <li> <p>Можешь самостоятельно реализовать интерфейс или функциональный модуль</p> </li> <li> <p>Понимаешь логику продукта и задачи бизнеса</p> </li> <li> <p>Задаёшь вопросы и предлагаешь решения, а не просто выполняешь ТЗ</p> </li> <li> <p>Готов(а) расти профессионально и углублять знания</p> </li> </ul> <p>Мы предлагаем</p> <ul> <li> <p>Работу в IT-компании с офисом г. Алматы с реальными продуктами и задачами бизнеса</p> </li> <li> <p>Участие в проектах по автоматизации, CRM, речевой аналитике и AI-решениях</p> </li> <li> <p>Возможность профессионального роста до Middle-уровня</p> </li> </ul>",96,"Программист, разработчик"
128951898,Диджитал верстальщик в Figma,"<p>Ищем опытного диджитал верстальщика в Figma с опытом от года.</p> <div><br /><strong>Вас ждут следующие задачи:</strong></div> <ul> <li>Верстка лендингов, баннеров, интерфейсов для крупных сетевых клиентов</li> <li>Верстка ресайзов</li> <li>Создание шаблонов для равзверсток на различные форматы</li> </ul> <p><strong>Мы ждём, что вы обладаете навыками:</strong></p> <ul> <li>Auto Layout</li> <li>Умеете работать с компонентами и их вариантами</li> <li> <div>Понимаете Design Tokens и системы переменных Variables</div> </li> <li> <div>Обладаете знаниями в области дизайн-систем и имеете опыт их построения</div> </li> <li>Преимуществом будет наличие навыков автоматизации</li> <li>Также Вашим преимуществом будет умение работать с ИИ, знание Lottie animation, обладание художественным вкусом</li> </ul> <p><strong>Предлагаем:</strong></p> <ul> <li>Официальное оформление по ТК РФ</li> <li>График работы 5/2 с 10:00 до 19:00</li> <li>Работа в уютном офисе с удобной транспортной доступностью</li> <li>Дружный и поддерживающий коллектив, уютная атмосфера</li> <li>Финансовые условия обсуждаются с каждым соискателем на собеседовании.</li> </ul>",34,"Дизайнер, художник"
128968578,Специалист сопровождения системы Босс-Кадровик,"<p><strong>Компания «Ай-Теко» - ведущий российский системный интегратор и поставщик информационных технологий для корпоративных заказчиков. Активно действует на рынке IT России с 1997 года, входит в ТОП-400 крупнейших российских компаний, ТОП-10 крупнейших IT-компаний России.</strong></p> <p><strong>Чем предстоит заниматься:</strong></p> <ul> <li>Сопровождение информационной системы на базе Босс-кадровик;</li> <li>Общение с Заказчиком, выстраивание конструктивных и взаимовыгодных отношений.</li> </ul> <p><strong>Что ожидаем от кандидата:</strong></p> <ul> <li>Опыт работы в командах в рамках управления сервисом;</li> <li>Опыт работы с HCM системами (БОСС-Кадровик);</li> <li>Опыт работы по сопровождению ИТ систем. </li> </ul> <strong>Будет преимуществом:</strong> <ul> <li>Знания и ориентация в предметной области : расчет зарплаты и управление персоналом/трудовое законодательство. </li> </ul> <p><strong>Что мы предлагаем:</strong></p> <ul> <li>Работа в стабильной IT-компании, аккредитованной Минцифрой РФ;</li> <li>Трудоустройство по ТК РФ c первого дня, официальная заработная плата;</li> <li>Корпоративный ДМС с первого месяца работы;</li> <li>Формат работы - удаленный;</li> <li>Корпоративная программа скидок и привилегий BestBenefits.</li> </ul>",10,Аналитик
127986640,Главный специалист отдела безопасности и защиты информации,"<p>Обязанности:</p> <p>Обеспечение технической безопасности, обеспечение защиты информации.</p> <p>Требования: образование высшее техническое или среднетехническое и стаж работы по направлению профессиональной деятельности не менее 2 лет; обладание навыками разработки нормативных документов, технических заданий, договорных материалов по технической укрепленности объектов, их оснащения инженерно-техническими средствами охраны (далее – ИТСО); обладание навыками обеспечения функционирования ИТСО (в т.ч. СОПТС, СКУД), аналоговых и цифровых систем видеонаблюдения; свободное владение компьютером на уровне продвинутого пользователя.</p> <p>Условия:</p> <p>Оформление приема на работу с первого дня трудоустройства.</p> <p>Оплата труда: оклад + ежемесячная премия по результатам работы. Выплата заработной платы 2 раза в месяц за фактически отработанное время.</p> <p>Ежегодный основной оплачиваемый отпуск 28 календарных дней, предоставляются по графику, к отпуску производится единовременная выплата.</p>",116,Специалист по информационной безопасности
129154223,Менеджер проектов,"<strong>Обязанности:</strong> <p>- Организация, согласование, защита, сопровождение, закрытие проектов</p> <p>- Ведение переговоров с корпоративными клиентами (руководители компаний и подразделений, ведущие специалисты и начальники отделов) по всем видам коммуникации (телефон, переписка, личные встречи)</p> <p>- Планирование и отчетность</p> <p>- Преддоговорная и договорная работа</p> <p>- Подготовка ТКП для заказчика, чтение технической документации</p> <p>- Решение спорных вопросов, возникающих в процессе сотрудничества с существующими клиентами, направленное на удержание и повышение лояльности существующих клиентов</p> <strong>Требования:</strong> <p>- Среднее техническое/высшее образование, ответственность, коммуникабельность, трудолюбие, целеустремленность</p> <p>- Опыт работы в сфере промышленного оборудования</p> <p>- Работа с компьютером, MS Office - опытный пользователь</p> <p>- Навыки переговорного процесса, знание техники переговоров</p> <p>- Умение выстраивать контакты<br /><br />- Нацеленность на результат</p> <p>- Готовность к командировкам</p> <p><strong>Условия:</strong></p> <p>- Работа в стабильной, современной, развивающейся компании, работающей в сфере нефти и газа</p> <p>- Оформление по ТК, соцпакет</p> <p>- График работы 5/2 с 08.00 до 17.00</p> <p>- Белая заработная плата по структуре: оклад + бонусная часть (обсуждается с каждым кандидатом)</p> <p>- Интересные проекты, карьерный рост</p> <p>- Демократичная корпоративная культура</p>",107,Руководитель проектов
129150978,Менеджер ИИ-проектов,"<p><strong>Vivanti — ведущее инновационное агентство фармацевтического маркетинга и цифровых технологий с 14-летним опытом.</strong></p> <p><strong>Наша миссия — быть катализатором цифровой трансформации в фармацевтике, объединяя решения на базе искусственного интеллекта с медицинской экспертизой для создания инновационных продуктов и сервисов. Мы являемся пионерами в применении ИИ в сфере life sciences — от предиктивной аналитики и автоматизации маркетинга до интеллектуальных обучающих систем. Наши решения помогают компаниям менять подход к взаимодействию с медицинскими специалистами, повышая стандарты здравоохранения и качество жизни пациентов.</strong></p> <p> </p> <p> </p> <p><strong>Требования:</strong></p> <ul> <li>высшее образование (желательно техническое или управленческое);</li> <li>умение работать в команде и в условиях сжатых сроков;</li> <li>умение организовать и контролировать работу распределенных проектных команд;</li> <li>умение проанализировать задачу и предложить оптимальный способ решения;</li> <li>навыки эффективного общения с клиентами и подрядчиками;</li> <li>проактивность в работе;</li> <li>приветствуется знание английского языка от уровня B2.</li> </ul> <p> </p> <p><strong>Основные задачи:</strong></p> <ul> <li>Вести ИИ-проекты и продукты от инициации до завершения: формировать цели, задачи, план работ, необходимые статусы и отчёты.</li> <li>Планировать технические ресурсы и сроки поставок;</li> <li>Организовывать работу проектной команды (дизайн, веб-разработка, ML/AI, медицинские эксперты);</li> <li>Вести коммуникацию с клиентами/контрагентами и внутренними командами: проводить встречи, фиксировать договорённости и контролировать их выполнение;</li> <li>Готовить и поддерживать проектную документацию: техническое задание на разработку продукта / фичи, бриф для команды на основе ТЗ, план-график/диаграмму Ганта, список задач, роли и зоны ответственности;</li> <li>Управлять изменениями: фиксировать и согласовывать изменения требований и сроков, заранее предупреждать о влиянии на план/бюджет;</li> <li>Участвовать в финансовой части проекта совместно с руководителем;</li> <li>Контролировать соблюдение бюджета и рентабельности проекта;</li> <li>Обеспечивать своевременное предоставление материалов и согласований со стороны клиента/контрагента;</li> <li>Участвовать в подготовке тендеров по запросу;</li> <li>Поддерживать порядок в проектных материалах;</li> <li>Активно принимать участие в разработке продуктов.</li> </ul> <p> </p> <p><strong>Условия:</strong></p> <ul> <li>перспективы профессионального и карьерного роста;</li> <li>интересные задачи, крупные клиенты;</li> <li>профессиональный и дружный коллектив;</li> <li>оформление и оплата труда по ТК;</li> <li>гибрид или удалённый формат работы;</li> <li>ДМС после закрытия ИС.</li> </ul>",107,Руководитель проектов
127780983,Системный администратор,"<p><strong>Обязанности:</strong></p> <ul> <li>Установка и настройка серверов,компьютеров,сетевого оборудования</li> <li>Управление серверным программным обеспечением (базы данных)</li> <li>Настройка коммутаторов ,принтеров</li> <li>Ремонт компьютеров (частично)</li> <li>Проверка работоспособности серверов и другого оборудования</li> <li>it безопасность</li> <li>Настройка учетных записей,новых учетных мест</li> <li>Решение проблем с доступом к системам и приложениям</li> <li>Управление правами доступа и разрешениями</li> <li>Бесперебойная работа видеонаблюдения</li> <li>Техническая поддержка сотрудников</li> </ul> <p> </p> <p><strong>Требования:</strong></p> <ul> <li>Высшее профильное образование</li> <li>Опыт работы от 3х лет</li> <li>Базовые знания 1С бухгалтерии/коммуникации с отделом 1С</li> <li>Знание ККМ, интеграция с системой</li> </ul> <p> </p> <p><strong>Условия:</strong></p> <ul> <li>График работы: 5/2, 8:00 - 17:00</li> <li>Уровень заработной платы - 100 тыс. руб.</li> <li>Официальное трудоустройство по ТК РФ</li> <li>Работа в комфортном и современном офисе в центре города</li> <li>Абонемент фитнес-центр за счёт компании (после испытательного срока)</li> <li>Коллективные мероприятия (поход в театр, кино, мастер-классы и т.д.)</li> </ul>",113,Системный администратор
128535560,Главный по наследию (1С Developer),"<p>Ищем не просто кодера, а технического лидера, который видит в legacy не груду устаревших строк, а карту для построения современных решений. Если ты готов не только чинить, но и перепроектировать, и если мысль о интеграции 1С с дроном или IoT-датчиком вызывает у тебя азарт — тебе точно к нам.</p> <p><strong>Чем предстоит заниматься:</strong></p> <ul> <li> <p>Глубокий анализ и рефакторинг legacy-кода (включая системы 2005-2010 гг.), перевод их на современные стандарты (БСП, ФП, ЧП).</p> </li> <li> <p>Проектирование и разработка интеграций с внешними сервисами через REST API, SOAP, AMQP, работа с оборудованием (IoT, дроны, производственные линии).</p> </li> <li> <p>Оптимизация и автоматизация процессов в 1С: от настройки асинхронных задач до внедрения CI/CD-подходов.</p> </li> <li> <p>Участие в код-ревью и менторинге junior-разработчиков (если есть интерес).</p> </li> </ul> <p><strong>Идеальный кандидат — это вы, если:</strong></p> <ul> <li> <p>Опыт от 2 лет в коммерческой разработке на платформе &quot;1С:Предприятие&quot; (франчайзи или финтех/производство).</p> </li> <li> <p>Глубокое понимание архитектуры 1С, умение работать с БСП, УФ, ЧП, ФП.</p> </li> <li> <p>Навыки интеграций: опыт с API, веб-сервисами, сторонними СУБД (PostgreSQL, MongoDB).</p> </li> <li> <p>Знание смежных технологий: Git, Docker, Linux, Python/JS для скриптования (плюс в карму).</p> </li> <li> <p>Английский на уровне чтения техдокументации (без паники, если в логах ошибки на английском).</p> </li> </ul> <p><strong>Что предлагаем:</strong></p> <ul> <li> <p>Доход до 200 000 ₽ на руки (оклад + бонусы за сложность проектов и дедлайны).</p> </li> <li> <p>Оформление по ТК РФ с первого дня (аккредитованная IT-компания).</p> </li> <li> <p>Гибридный график: 2-3 дня в офисе в Липецке, остальное — удалёнка.</p> </li> <li> <p>Свободу действий: выбор инструментов, влияние на архитектуру, время на R&amp;D (10% рабочего времени).</p> </li> <li> <p>Персонализированные решения для работы (спец. мониторы, ПК)</p> </li> <li> <p>Развитие: курсы, конференции за счёт компании, карьерный рост до team-lead.</p> </li> </ul> <p> </p> <p> </p> <p> </p> <p><em>P.S.</em></p> <p><em>Если в сопроводительном письме расскажете, как однажды переписали монолит на микросервисы или интегрировали 1С с нейросетью — устроим внеочередное интервью. Если упомянете самый странный баг в вашей практике — считайте, что мы уже на одной волне.</em></p> <p><em>Готовы менять наследие прошлого в технологии будущего? Присылайте резюме!</em></p>",96,"Программист, разработчик"
128694859,Методолог 1С:ERP,"<p>Нашему партнеру требуется<strong> Методолог 1С:ERP (аналитик).</strong></p> <p>В поиске активного, амбициозного, целеустремлённого и замотивированного специалиста в своём деле.</p> <p><strong>Условия:</strong></p> <ul> <li><strong>Аккредитованная IT компания;</strong></li> <li>Работа в стабильной и активно растущей компании;</li> <li>Социальная защищенность - официальное трудоустройство, все гарантии, предусмотренные ТК РФ;</li> <li> <p>Достойная <strong>белая заработная плата от 170 000 р. на руки</strong> (после испытательного срока<strong> 200 000р.</strong>)<strong>;</strong></p> </li> <li>Удобный график работы (5/2, 8-16:30/17:00, суббота и воскресенье выходной);</li> <li>Современный офис, оборудованный всем необходимым для комфортной работы;</li> <li>Удобное местоположение офиса, с удобно транспортной развязкой по адресу ул. Оренбургский тракт 213;</li> <li>Комфортный ввод в должность, информативный адаптационный период;</li> <li>При поездках на работу на личном транспорте, предоставляется парковочное место;</li> <li>Компенсация междугородних командировок;</li> <li>Возможность профессионального и карьерного роста.</li> </ul> <p><strong>Обязанности:</strong></p> <ul> <li>Участие в проектах внедрения ERP на базе «1С: Предприятие 8»;</li> <li>Проведение обследования и формализация требований Клиента;</li> <li>Моделирование бизнес-процессов;</li> <li>Проектирование решений и их согласование;</li> <li>Обучение пользователей работе в 1С:ERP, консультирование по вопросам учета;</li> <li>Поиск ошибок в ведении учета, предоставление рекомендаций по их устранению;</li> <li>Помощь в сдаче отчетности;</li> <li>Написание ТЗ на разработку;</li> <li>Оценка трудозатрат разработчика;</li> <li>Составление Отчетов по обследованию.</li> </ul> <p><strong>Требования:</strong></p> <ul> <li>Глубокие методологические знания продукта 1С:ERP на уровне эксперта (в том числе блок ТОиР, <strong><em>производство, бюджетирование)</em></strong>, наличие профессиональных сертификатов</li> <li>Умение грамотно и корректно общаться с клиентами и коллегами;</li> <li>Знания на уровне 1С - Специалист;</li> <li>Умение моделировать бизнес-процессы;</li> <li>Знание базовых бухгалтерских регламентированных отчетов;</li> <li>Умение формировать ТЗ по требованиям клиентов;</li> <li><strong>Готовность к командировкам.</strong></li> </ul>",155,Методолог
128587738,"Senior ML Engineer (в Бильбао, Испания)","<p><strong>The_Covert — </strong>международная группа IT-компаний с более чем 15-летним опытом создания собственных продуктов и сервисов.</p> <p><strong>Мы разрабатываем высоконагруженные финансовые технологии для торговли и управления капиталом</strong>, а также решения для B2B-сегмента, сервисы по управлению личными финансами, инструменты финансовой аналитики и глобальные медиапроекты.</p> <p>Мы объединяем <strong>Big Data, Data Science, Machine Learning и финансы</strong>, чтобы создавать продукты мирового уровня. В нашей команде — выпускники ИТМО, МФТИ, ВШЭ, Бауманки, СПбГУ и инженеры, которым интересно <strong>решать нетривиальные технологические задачи </strong>и расти вместе с компанией.</p> <p> </p> <p><strong>Мы ищем:</strong></p> <p><strong>Senior ML Engineer</strong>, который уже строил LLM-агентов и RAG-системы в проде и умеет не только “собрать пайплайн”, но и двигать качество через гипотезы и эксперименты.</p> <p>Нам нужен человек с мышлением <strong>research-minded инженера</strong>: быстро проверять идеи, превращать их в работающий прототип, измерять результат, а затем доводить до стабильного production-решения. Важна самостоятельность и ответственность за итог: “нашли рычаг → доказали метриками → внедрили → мониторим”. На практике это значит, что тебе нужно будет делать вещи типа:</p> <ul> <li> <p>Как построить оценку качества работы агента: какие метрики нужны (task success, tool success, latency/cost, hallucination rate), как собрать датасет, как делать offline/online eval, как организовать регрессии и алерты.</p> </li> <li> <p>Будет ли кодовый агент работать лучше, чем текущий агент на наборе тулов: сравнить подходы (tool-based vs code-execution / codegen), определить критерии “лучше”, сделать A/B или controlled rollout, посчитать качество/стоимость/риски.</p> </li> <li> <p>Как повысить качество RAG на 30%: улучшить retrieval (чанкинг, query rewriting, hybrid search), reranking, контекст-композицию, dedup/anti-leak, grounding, а затем подтвердить прирост на бенчмарке и в прод-метриках.</p> <p><br /><strong>Нам важно, что:</strong></p> </li> <li> <p>Ты не боишься “непонятных задач”, где нет готового решения и нужно самому сформулировать: что измеряем, как проверяем, что считаем успехом.</p> </li> <li> <p>Ты умеешь балансировать скорость и качество: быстро экспериментировать, но при этом держать в голове надёжность, наблюдаемость и воспроизводимость.</p> </li> <li> <p>Ты умеешь писать (и вайбкодить) код, от которого продуктовые разработчики не хватаются за наган.</p> <p><br /><strong>Требования:</strong></p> </li> <li> <p>Общий опыт разработки: от 5 лет;</p> </li> <li> <p>Опыт в продуктах вокруг LLM / агентов: от 2 лет;</p> </li> <li> <p>Построил(а) хотя бы:</p> <ul> <li> <p>Одну RAG/поисковую систему с пайплайнами retrieval → rerank → generation;</p> </li> <li> <p>Одного агента (tool-use / multi-step / workflows);</p> </li> <li> <p>У этих систем есть реальные пользователи;</p> </li> </ul> </li> <li> <p>Асинхронный Python: asyncio, threads;</p> </li> <li> <p>Промптинг для LLM: system prompt / user prompt / few-shot, шаблоны, контекст, инструкции;</p> </li> <li> <p>Как устроены современные LLM: трансформеры, обучение, инференс, сервинг;</p> </li> <li> <p>Свежие модели и их отличия (качество / скорость / контекст / стоимость / мультимодальность и т.д.);</p> </li> <li> <p>MCP (Model Context Protocol);</p> </li> <li> <p>Методология ML: train/val/test, метрики, базовые принципы оценки;</p> </li> <li> <p>Контроль качества ответов агентов:</p> <ul> <li> <p>Мониторинг, метрики, guardrails, регрессии, алерты, человеческая разметка/feedback loops;</p> </li> <li> <p>Фреймворки/подходы для агентов: fastmcp, mcp-use, OpenAI Agents SDK и аналоги;</p> </li> </ul> </li> <li> <p>Токенизация:</p> <ul> <li> <p>Как работает токенизация;</p> </li> <li> <p>Какие токенайзеры актуальны, влияние на контекст / стоимость/ лимиты;</p> </li> </ul> </li> <li> <p>RAG-пайплайны:</p> <ul> <li> <p>Компоненты (ингест / чанкинг / эмбеддинги/ векторное хранилище / retrieval / rerank /композиция контекста / генерация);</p> </li> <li> <p>Типовые проблемы и решения (галлюцинации, бедный ретривал, деградации, cold start, дрейф данных, дубликаты, latency);</p> </li> </ul> </li> <li> <p>Cursor и аналоги (Claude Code, Codex, Aider и т.п.): как пользоваться кодовыми агентами в разработке.</p> <p><br /><strong>Будет плюсом:</strong></p> </li> <li> <p>Опыт организации API: REST / gRPC / GraphQL;</p> </li> <li> <p>Понимание протокола HTTP;</p> </li> <li> <p>Работа с реляционными СУБД: PostgreSQL и аналогами;</p> </li> <li> <p>Знание распределённых и векторных хранилищ: Weaviate, Cassandra и др;</p> </li> <li> <p>Опыт с Python API-фреймворками: FastAPI, Flask и аналогами;</p> </li> <li> <p>Работа с системами фоновых задач: Celery, Taskiq, Airflow и др;</p> </li> <li> <p>Навыки контейнеризации: Docker, Kubernetes или Nomad;</p> </li> <li>Опыт работы с очередями и брокерами: Kafka, RabbitMQ, Redis и др. <p><br /><strong>Что предлагаем:</strong></p> </li> <li> <p>Гибкий график - сами решаете, когда начинать рабочий день;</p> </li> <li> <p>Релокацию в Бильбао для вас и семьи (оформление документов, помощь с переездом, адаптацией и питомцами);</p> </li> <li> <p>Отпуск без жёстких ограничений - берите, когда реально нужно;</p> </li> <li> <p>Атмосферу доверия и уважения к профессионалам, а не контроль ради контроля;</p> </li> <li> <p>Комфортный офис в уютном районе и регулярные активности для команды;</p> </li> <li> <p>Среду для роста: участие в архитектурных решениях, сложные задачи и коллеги, у которых можно учиться.<br /><br /><strong>📩 Хотите расти вместе с командой, решать нетривиальные задачи и жить в одном из красивых городов Европы? </strong><strong>Откликайтесь — давайте знакомиться!</strong></p> </li> </ul>",165,Дата-сайентист
119427120,Технический писатель/Инженер,"<p>ООО НПП «Доза» - успешно работает в области разработки приборов и систем радиационной безопасности с 1991 года. Основная специализация Компании - проектирование и производство систем радиационного контроля, систем аварийной сигнализации, а также разработка и поставка приборов радиационного контроля.</p> <p><strong>Обязанности:</strong></p> <ul> <li>Разработка текстовой, технической, программной, эксплуатационной и ремонтной документации;</li> <li>Осуществление процесса сбора, обработки, анализа и систематизации научно-технической информации с целью подготовки материалов для разработки и оформления документации;</li> <li>Взаимодействие с разработчиками изделий в рамках уточнения функциональных возможностей, и особенностей работы и устройства оборудования;</li> <li>Тестирование разрабатываемых изделий и программного обеспечения в рамках проверки конечного пользовательского продукта;</li> <li>Проведение работ, направленных на повышение уровня унификации, стандартизации и сертификации разрабатываемых изделий.</li> </ul> <strong>Требования:</strong> <ul> <li>Техническое образование или опыт работы от 1 года;</li> <li>Грамотная устная и письменная речь, хороший технический слог;</li> <li>Самостоятельная разработка технической/эксплуатационной документации с нуля (желательно);</li> <li>Опыт работы с нормативно-правовой документацией;</li> <li>Высокая обучаемость, способность к усвоению научно-технических знаний, ответственность, внимание к деталям.</li> </ul> <strong>Условия:</strong> <ul> <li>Работа в стабильной компании, официальное трудоустройство, белая заработная плата;</li> <li><strong>Место работы: г. Зеленоград, ул. Академика Валиева, д. 4;</strong></li> <li>Новый комфортабельный офис, оборудованные комнаты приема пищи на каждом этаже здания (чай, кофе, снеки за счет предприятия), в здании есть кафе / столовая;</li> <li>Оплачиваемые отпуск, больничный;</li> <li>График работы 5/2;</li> <li>ДМС - после испытательного срока - чем больше стаж, тем шире программа</li> <li>ДМС после 1 года работы в компании – расширенная программа со стоматологией + онкострахование</li> <li>Материальная поддержка сотрудников в важных жизненных событиях (бракосочетание / рождение ребенка / потеря близкого родственника);</li> <li>Обучение за счет компании (в рамках отраслевых и корпоративных программ обучения);</li> <li>Бесплатное изучение английского и китайского языков;</li> <li>Спортивные мероприятия: волейбол, футбол, йога, групповые тренировки (сформированы команды, регулярные бесплатные занятия в новом спортивном комплексе);</li> <li>Дружественная атмосфера, яркие корпоративные мероприятия и активная корпоративная жизнь.</li> </ul>",126,Технический писатель
128942505,Deep Learning Lead,"<p>Привет! 😊 На связи команда <strong>Innovative People</strong>! У нас открыта вакансия <strong>JDeep Learning Lead</strong> на крупный долгосрочный проект страхования.</p> <p><strong>Innovative People</strong> - группа компаний, которая 18 лет предоставляет комплексные услуги в сфере информационных технологий.</p> <p><strong>Описание проекта, куда ищем специалиста: </strong>создание универсальной автономной технологии, включающей Software и Hardware компоненты, R&amp;D, уникальный процесс тестирования и экосистему сервисов для обработки данных и управления автономным флотом автомобилей.</p> <p><em>💼 <strong>Что мы предлагаем:</strong></em></p> <ul> <li><strong>оформление в аккредитованную IT-компанию по ТК РФ;</strong></li> <li><strong>ДМС </strong>уже со второй недели: стоматология, вызов врача или скорой, полис для выезда за границу и скидка 15% для подключения родственников;</li> <li><strong>удаленный формат работы;</strong></li> <li>современную технику для комфортной работы;</li> <li>возможность участвовать в профильных конференциях (можно даже как спикер!), а также проходить курсы повышения квалификации;</li> <li>клуб разговорного английского - встречаемся 2 раза в неделю с коллегами и преподавателем в онлайн формате;</li> <li>классный корпоративный мерч - каждый год добавляем что-то новое;</li> <li>индивидуальные предложения от наших партнеров.</li> </ul> <p><em>💻 <strong>Чем предстоит заниматься: </strong></em></p> <p> </p> <ul> <li><strong>Лид определяет приоритеты R&amp;D-гипотез,</strong> утверждает исследовательские метрики;</li> <li><strong>Задаёт стандарты компонента в плане архитектур нейронных сетей,</strong> оценивает крупные архитектурные решения;</li> <li><strong>Определяет новые перспективные направления для R&amp;D;</strong></li> <li>Предлагает технические решения, контролирует их выполнение. Включается в написание кода, может самостоятельно проверить те гипотезы, что посчитает необходимым;</li> <li>Формирует планы команды;</li> <li>Запускает инициативы по оптимизации процессов, оценивает их эффективность;</li> <li>Отвечает за найм/адаптацию новых инженеров, оценивает эффективность работы;</li> <li>Предлагает и контролирует реализацию инициатив по улучшению рабочего процесса и инженерной культуры.</li> </ul> <p><em>🧩 <strong>Мы подходим друг другу если у тебя есть:</strong></em></p> <p> </p> <ul> <li>Знание математики и статистики;</li> <li>Глубокое знание архитектур нейронных сетей, которое позволяет генерировать работающие нетривиальные идеи и оценивать трейдоффы;</li> <li>Умение анализировать и систематизировать большой объем научной литературы, разрабатывать собственные подходы;</li> <li>Управленческий опыт: желательно 1-2 года, либо senior специалист с желанием вырасти до Лида.</li> </ul> <p><em>Если сейчас для тебя поиск не актуален, то у тебя есть возможность поучаствовать в нашей реферальной программе — за успешную рекомендацию можно получить бонус 💯 тыс. рублей.</em></p>",104,Руководитель группы разработки
118523358,Функциональный архитектор 1C:ЗУП,"<p>Команда 1С в КРОК – это больше 150 специалистов и управленцев, которые реализуют проекты федерального масштаба для управления производством, финансами и экономикой предприятий. Компания неоднократно становилась победителем в номинации «1С:Проект года» от фирмы «1С».</p> <p><br />Мы усиливаем практику 1С и приглашаем присоединиться к нашей команде ВЕДУЩЕГО КОНСУЛЬТАНТА или <strong>ФУНКЦИОНАЛЬНОГО АРХИТЕКТОРА 1C:ЗУП</strong></p> <p><strong>ВАШИ ЗАДАЧИ:</strong></p> <ul> <li>Участие в проектах по внедрению продуктов 1С в роли ведущего консультанта или функционального архитектора;</li> <li>Проведение обследования;</li> <li>Сбор и анализ требований к системе;</li> <li>Формирование и согласование проектной и пользовательской документации;</li> <li>Постановка задач аналитикам и разработчикам 1С;</li> <li>Функциональное тестирование внедряемых программных продуктов;</li> <li>Обучение и консультирование пользователей;</li> <li>Классификация и оценка запросов пользователей.</li> </ul> <p><strong>НАШИ ОЖИДАНИЯ:</strong></p> <ul> <li>Высшее образование (техническое или экономическое);</li> <li>Знание одной или нескольких функциональных областей: &quot;Кадровый учет и учет рабочего времени&quot;, &quot;Расчет и бухгалтерский учет заработной платы&quot;, &quot;Мотивация сотрудников&quot;, &quot;Подбор, адаптация и обучение сотрудников&quot;, &quot;Охрана труда&quot;;</li> <li>Хорошее знание программных продуктов: 1C:ЗУП и/или 1С:ЗУП КОРП, подтвержденное опытом;</li> <li>Опыт проектирования решений на платформе 1С (с глубокой кастомизацией типового и/или разработкой нового функционала), хорошее знание возможностей БСП и платформы 1С;</li> <li>Опыт работы на крупных проектах (от 5000 сотрудников) или желание его получить;</li> <li>Аналитическое мышление, нацеленность на результат, умение работать в команде и с конечным заказчиком;</li> <li>Презентационные навыки.</li> </ul> <p><strong>БУДЕТ ПЛЮСОМ:</strong></p> <ul> <li>Наличие сертификатов 1С;</li> <li>Знание других продуктов 1С;</li> <li>Опыт разработки на платформе 1С:Предприятие 8.</li> </ul> <p><strong>МЫ ПРЕДЛАГАЕМ:</strong></p> <ul> <li>Широкий стек технологий и проектов, возможность гибко строить свой карьерный трек;</li> <li>Зарплату, соответствующую опыту и навыкам, прозрачную систему мотивации;</li> <li>Работу в компании с аккредитацией в Минцифре;</li> <li>Поддержку профессионального развития – курсы и тренинги от корпоративного университета, внешнее обучение за счет компании;</li> <li>Возможность делиться экспертизой – выступать на внешних и внутренних митапах и конференциях, писать в техноблоги, участвовать в студенческих образовательных программах от brainz by CROC;</li> <li>Well-being-программы – расширенный пакет ДМС со стоматологией и психологом, телемедицина 24/7, hotline CROC (внутренняя система консультирования и оперативной помощи по вопросам здоровья);</li> <li>Спорт – сезонные спортивные программы, современный спортзал для занятий в офисе, беговой клуб, приложение Croc Sport, командные соревнования по популярным видам спорта;</li> <li>Яркая корпоративная жизнь – более 100 программ в год (совместные путешествия, праздники, тимбилдинги, клуб путешественников, случайный кофе);</li> <li>Комфортный офис с компенсацией питания в CROC Cafe, экосистемой сервисов, парковкой, корпоративным транспортом от метро.</li> </ul> <p><em>Данное описание не является офертой</em></p>",107,Руководитель проектов
129158975,Frontend-разработчик (React/Typescript),"<p><em><strong>Мы создаём финтех-продукты для рынков, где формируется будущее финансовых технологий. Работаем на международных проектах, совмещая скорость стартапов с надёжностью enterprise-разработки.</strong></em></p> <p>У нас прозрачные процессы, честные грейды и инженерная культура без бюрократии. У нас можно создавать международный финтех, влиять на продукт и расти в предсказуемой, честной и зрелой инженерной среде.</p> <p>Прямо сейчас мы в поиске <strong>middle+/senior Frontend Developer.</strong></p> <p> </p> <p><strong>Стек технологий:</strong></p> <ul> <li> <p>React 18+, hooks, context, suspense</p> </li> <li> <p>TypeScript (strict mode, generics)</p> </li> <li> <p>Vite, ESBuild</p> </li> <li> <p>Zustand (client state)</p> </li> <li> <p>TanStack Query (server state)</p> </li> <li> <p>React Router 7+</p> </li> <li> <p>CSS Modules, Design Tokens</p> </li> <li> <p>Reshaped</p> </li> <li> <p>i18next</p> </li> <li> <p>Vitest, Playwright</p> </li> <li> <p>Storybook</p> </li> </ul> <p><strong>Чем предстоит заниматься:</strong></p> <ul> <li> <p>Разрабатывать и поддерживать SPA уровня enterprise</p> </li> <li> <p>Проектировать frontend-архитектуру по feature-based / feature-sliced подходу</p> </li> <li> <p>Разрабатывать и развивать shared UI-библиотеку</p> </li> <li> <p>Реализовывать CRUD-интерфейсы, dashboards и real-time экраны</p> </li> <li> <p>Работать с server state, кэшированием и оптимистичными обновлениями</p> </li> <li> <p>Оптимизировать производительность, lazy loading и code splitting</p> </li> <li> <p>Обеспечивать accessibility и корректную работу с фокусом и клавиатурой</p> </li> <li> <p>Реализовывать темизацию и многоязычность</p> </li> <li> <p>Писать unit- и e2e-тесты</p> </li> <li> <p>Участвовать в code review</p> </li> </ul> <p><strong>Что мы ожидаем:</strong></p> <ul> <li> <p>Коммерческий опыт React + TypeScript от 4 лет</p> </li> <li> <p>Опыт разработки сложных SPA-приложений</p> </li> <li> <p>Уверенное владение современным React-стеком</p> </li> <li> <p>Понимание frontend-архитектуры и разделения ответственности</p> </li> <li> <p>Опыт работы с дизайн-системами и UI-китами</p> </li> <li> <p>Внимание к качеству кода и пользовательскому опыту</p> </li> </ul> <p><strong>Будет плюсом:</strong></p> <ul> <li> <p>Опыт разработки npm-пакетов и shared UI-библиотек</p> </li> <li> <p>Работа с real-time данными (WebSocket, SSE)</p> </li> <li> <p>Визуализация данных и dashboards</p> </li> <li> <p>Опыт CI/CD для frontend</p> </li> <li> <p>Работа с OpenAPI codegen</p> </li> </ul> <p><strong><em>Почему мы?</em></strong>​​​​​​</p> <ul> <li>График 5/2 по календарю РФ, гибкое начало рабочего дня до 10:00 по Московскому времени</li> <li> <p>Уютный офис в центре Казани, возможность удаленной работы из других городов.</p> </li> <li> <p>Официальное трудоустройство в аккредитованной IT-компании со всеми плюшками.</p> </li> <li> <p>Корпоративные уроки английского, фитнес прямо в офисе, футбольная команда, библиотека и партнёрские бенефиты.</p> </li> <li> <p>Подарки к праздникам и здоровую атмосферу, где твой вклад ценят.</p> </li> <li> <p>Поддержка профессионального развития — участие в конференциях, обучение, обмен опытом.</p> </li> <li> <p>Открытая культура и высокий уровень доверия.</p> </li> </ul>",96,"Программист, разработчик"
125233742,Изготовитель художественных изделий из металла,"<div><strong>АО «Калининградский янтарный комбинат» - </strong>Единственный в России и крупнейший в мире по добыче янтаря. Расположен на побережье Балтийского моря в самом западном посёлке России – Янтарном. На данный момент торговая сеть Янтарного комбината насчитывает девять собственных магазинов, расположенных в Калининградской области, Москве и Санкт-Петербурге. При создании украшений используются современные технологии обработки янтаря: алмазная огранка, старение, лузгирование, колорирование и другие.</div> <div>Янтарный комбинат Ростеха уже открыл фирменный магазин в Китае и планирует расширение торговой сети в 2025 году . <strong><em>А это значит мы увеличиваем выпуск готовой продукции и расширяем производство янтарных и ювелирных изделий в начале года.</em></strong></div> <div><strong>Присоединяйся к нашей команде, если ценишь профессиональный подход и комфортные условия труда.</strong></div> <div><strong>Обязанности по должности &quot;Изготовитель художественных изделий из металла&quot;:</strong></div> <ul> <li> <div>Изготовление художественных изделий из металла, сувенирной продукции из металла;</div> </li> <li> <div>Закрепка фианитов в драгоценные камни;</div> </li> <li> <div>Закрепка вставок из янтаря в драгоценные металлы;</div> </li> <li> <div>Полировка и шлифовка драгоценных и не драгоценных металлов;</div> </li> <li> <div><strong>Закрепка/монтировка.</strong></div> </li> </ul> <div><strong>Наша вакансия подойдёт тем, кто:</strong></div> <ul> <li> <div>имеете опыт работы на аналогичных предприятиях (приветствуются полировщики и шлифовщики и технические специалисты, имеющие навыки работы с янтарем в области его распиловки, калибровки, сверловки и др. );</div> </li> <li> <div>талантливы, творчески настроены и энергичны;</div> </li> <li> <div>не конфликтны, внимательны и быстро обучаемы.</div> </li> </ul> <div><strong><em>Мы предлагаем:</em></strong></div> <div><strong>Надежность, стабильность и возможность развития ваших профессиональных навыков и карьере:</strong></div> <ul> <li> <div>Официальное трудоустройство с первого рабочего дня;</div> </li> <li> <div>Своевременную заработную плату и бонусы материального стимулирования;</div> </li> <li> <div>Возможность профессионального и карьерного роста;</div> </li> <li> <div>Индексацию в зависимости от роста индекса потребительских цен;</div> </li> <li> <div>У нас не только ДМС для всех работников, но и свой медпункт;</div> </li> <li> <div>Подарки детям к Новому году;</div> </li> <li> <div>Вкусное и разнообразное питание со скидкой, потому что у нас собственная столовая;</div> </li> <li> <div>Активный корпоративный отдых – билеты на футбол, концерты, спектакли;</div> </li> <li> <div>Собственные тренажёрный зал, теннисный корт, фитнесс-зал и зал бокса, а также многочисленные спортивные секции (йога, зумба, ЛФК, футбол волейбол);</div> </li> </ul> <div><strong>И это не всё! В приоритете социальная защищённость и программы благополучия сотрудников.</strong> <strong>После первого года работы у нас действует социальная программа</strong>:</div> <ul> <li> <div>До 60 тыс. руб в год по твоему выбору: компенсация стоимости путёвки в санаторий, медицинского лечения и обследования работника и членов его семьи, садика для ребёнка, секций корпоративного спорта, расходов по рождению ребёнка или свадьбы;</div> </li> <li> <div>Материальную помощь к отпуску в размере оклада;</div> </li> <li> <div>Корпоративная жилищная программа – субсидируем ипотеку.</div> </li> </ul> <div><strong>У нас созданы все условия для комфортной работы:</strong></div> <ul> <li> <div>График работы: <strong>5/2 с 8-00 до 17-00 (суббота, воскресенье - выходные);</strong></div> </li> <li> <div>Служебный транспорт из г. Калининграда, г. Балтийска, п. Космодемьянского, г. Светлый, г. Гурьевск, г. Зеленоградск, г. Пионерский, г. Светлогорск к месту работы и обратно или компенсация транспортных расходов.</div> </li> </ul>",34,"Дизайнер, художник"
128004864,Системный аналитик,"<p><em><strong>Сыробогатов </strong>– это не только сыр. <strong>Это Команда профессионалов</strong>, с любовью производящая и доставляющая по всей России качественные продукты: полутвердые, плавленые, творожные сыры и сливочное масло.</em></p> <p><em>В современную <strong>аккредитованную </strong></em><strong><em>IT</em></strong><strong><em>-компанию</em></strong><em> приглашаем <strong>Системного аналитика 1С. </strong></em></p> <p><em><strong>Удаленный / гибридный формат работы. </strong></em></p> <div><strong>Обязанности:</strong></div> <ul> <li> <div>Разработка и ведение методологии НСИ: Определение правил формирования, классификации, кодирования и жизненного цикла справочников (контрагенты, номенклатура, статьи затрат и т.д.).</div> </li> <li> <div>Управление главными данными (Master Data Management): Выявление и назначение систем-источников &quot;мастер-данных&quot;.</div> </li> <li> <div>Контроль качества данных: Мониторинг корректности, полноты и уникальности данных, выявление и исправление дублей.</div> </li> <li> <div>Настройка и поддержка справочников: Непосредственная работа в конфигураторах 1С по созданию, изменению и удалению элементов, реквизитов и форм справочников.</div> </li> </ul> <ul> <li> <div>Проектирование и разработка схем обмена: Создание технических заданий и регламентов обмена данными между системами 1С и с внешними системами (сайты, CRM, ERP, бухгалтерские системы).</div> </li> <li> <div>Настройка и конфигурирование обменов: Использование стандартных механизмов (например, &quot;Обмен данными в формате XML&quot;) или разработка собственных (на основе COM, HTTP-запросов, JSON) для реализации интеграции.</div> </li> <li> <div>Мониторинг и обеспечение стабильности обменов: Ежедневная проверка журналов обмена, оперативное устранение сбоев и ошибок передачи/приема данных.</div> </li> <li> <div>Разрешение конфликтов данных: Анализ и устранение коллизий, возникающих при одновременном изменении одних и тех же объектов в разных системах.</div> </li> </ul> <div><strong>От кандидатов ждем:</strong></div> <ul> <li> <div>Глубокое понимание НСИ и Master Data Management (MDM)<strong>: </strong>контроль качества данных, работа с дублями.</div> </li> <li> <div>Глубокие знания платформы 1С<strong>:</strong> настройка справочников, обмен данными (XML, JSON, REST).</div> </li> <li> <div>Навыки проектирования интеграций<strong>:</strong> проектирование схем обмена.</div> </li> <li> <div>Навыки работы с данными<strong>:</strong> анализ и выверка данных.</div> </li> <li> <div>Желателен опыт работы с конфигурациями 1С ERP, БП, MDM.</div> </li> <li> <div>Экспертного понимания бизнес-процессов в выбранной группе.</div> </li> <li> <div>Аналитического мышления, нацеленности на результат.</div> </li> <li> <div>Навыков и желания работы с конечным заказчиком.</div> </li> </ul> <div><strong>Предлагаем:</strong></div> <ul> <li> <div>Интересные задачи от мелких кейсов до крупных проектов.</div> </li> <li> <div><strong>Рассматриваем гибридный график работы.</strong></div> </li> <li> <div><strong>Аккредитованная IT компания.</strong></div> </li> <li> <div>Работу в IT-департаменте нашей компании в команде с профессиональными коллегами.</div> </li> <li> <div>Оформление в соответствии с ТК РФ, белая заработная плата.</div> </li> <li> <div>Режим работы: удаленный/гибридный график работы.</div> </li> </ul> <div>__________________________________________________</div> <div><strong>Мы ждём именно Вас!</strong><br /><em>С уважением, отдел подбора и адаптации ГК Сыробогатов.</em><br /><strong>☎️ Звоните нам прямо сейчас или отправляйте отклик на вакансию!</strong></div>",148,Системный аналитик
129087448,Специалист технической поддержки,"<p>Ищем специалистов <strong>БЕЗ ОПЫТА</strong> на проекты от известных брендов в РФ, которым будет интересна сфера клиентского обслуживания.</p> <p>А ещё мы можем предложить тебе в будущем карьеру в IT, HR и других направлениях.</p> <p>Сейчас открыта вакансия <strong>Специалиста технической поддержки клиентов. </strong>Стабильный проект федерального значения без продаж. Не чаты и не фриланс, всё официально. Всему научим, опыт не нужен!</p> <p><strong>Для тебя у нас есть:</strong></p> <ul> <li>Стабильный доход <strong>от 50 000 ₽</strong> (оклад + премия, растут от стажа работы)</li> <li>График работы :<strong> </strong>2/2, время работы выбираешь самостоятельно <strong>(все перерывы включены!)</strong></li> <li><strong>Удаленный формат</strong></li> <li><strong>Официальное трудоустройство в аккредитованную IT-компанию с первого дня</strong></li> <li>Работа на выделенном стабильном проекте в команде профессионалов</li> <li>Оплата обучения с первого дня. Всему научим и заплатим за это!</li> <li>Реальный карьерный рост, благодаря корпоративной Академии карьеры</li> <li><strong>10 000 рублей и корпоративная валюта за каждого приведенного друга</strong></li> <li>Корпоративное медицинское сопровождение и подарки за год работы</li> <li>Полный пакет поддержки персонала: Экологичная адаптация, Банк идей, Отдел заботы, корпоративные форумы, челленджи и многое другое</li> <li>Корпоративные скидки для сотрудников от школы иностранных языков, фитнес-клубов и интернет-провайдера</li> <li>Портал «Вселенная Игрофикации»: после работы можно играть с коллегами в различные игры (Мафия, Угадай Мелодию, турниры по DOTA 2/CS 2 и многое другое) и получать за это корпоративную валюту</li> </ul> <p><strong>Что будешь делать:</strong></p> <ul> <li>Принимать входящие звонки клиентов известного интернет-провайдера</li> <li>Отвечать на вопросы по скрипту с заботой и пониманием</li> <li>Разбираться в продукте (всему научим!)</li> </ul> <p><strong>Мы ждём от тебя:</strong></p> <ul> <li>Грамотная устная речь</li> <li>Уверенное владение русским языком</li> <li>Базовые навыки работы с ПК</li> <li>Готовность консультировать клиентов по техническим вопросам</li> <li>Своевременное предоставление документов для оформления</li> <li>Обязательное прохождение технического теста</li> </ul> <p><strong>Оставляй отклик прямо сейчас, если чувствуешь мэтч!</strong></p> <p><strong>Пригласим на собеседование сегодня, а завтра уже начнешь зарабатывать!</strong></p> <p><em>Будет здорово, если у тебя есть опыт работы в таких компаниях, как: Смартер, Voxys, INFOTELL, Телеперфоманс, Аудиотеле, CallTraffic, Телеконтакт, Voolna, Ростелеком, ВТБ, Neovox, IQLINE, РТС Глобал, Билайн, МТС, Сбер, Яндекс, Тинькофф, Авито, Ростелеком, РТК, Neovox, РТС Глобал, Билайн, а также опыт работы на позициях: менеджер, продавец-консультант, оператор по работе с входящими звонками, специалист банка, специалист службы техподдержки, менеджер контакт (call)-центра, специалист интернет-магазина, специалист чат-ботов, менеджер страхования, администратор, сборщик, а также начинающий специалист без опыта, который ищет удаленную работу со сменным или гибким графиком, подработку, вакансии контактного центра, частичная занятость, подработка, менеджер по работе с клиентами, менеджер по продажам, начало работы, без опыта, гибкий график. Если нет, всему научим!</em></p>",121,Специалист технической поддержки
128173990,DevOps-инженер (AstraMonitoring),"<p>Мы Группа «Астра» – один из лидеров российской IT-индустрии, ведущий производитель программного обеспечения, в том числе защищенных операционных систем и платформ виртуализации. Разработка флагманского продукта, ОС семейства Astra Linux, ведется с 2008 года.</p> <p>Сейчас мы ищем активного и целеустремленного DevOps в команду <em><strong>AstraMonitoring.</strong></em><br /><br />Подразделение: Продуктовая команда разработки системы мониторинга.<br />Цель позиции: Обеспечение надежности, автоматизации и эффективности процессов разработки и развертывания продукта.</p> <p><strong>Обязанности:</strong></p> <ul> <li>Внедрение платформы мониторинга: деплой через Helm/CRD/docker-compose, настройка агентов, сбор обратной связи</li> <li>Поддержка CI/CD и релизов: настройка пайплайнов GitLab CI, интеграция тестирования и анализа кода, автоматизация, откат при сбоях</li> <li>Инфраструктура: проектирование и управление Kubernetes в облаке, автоматизация Terraform/Ansible, отказоустойчивость, масштабируемость</li> <li>Observability платформы: метрики, дашборды, алерты, логирование, мониторинг самой платформы</li> <li>Документирование процессов и архитектуры</li> </ul> <p><strong>Требования:</strong></p> <ul> <li> <p>Linux-администрирование и сети (TCP/IP, firewall)</p> </li> <li> <p>Docker (namespaces, cgroups)</p> </li> <li> <p>Kubernetes и облачные платформы</p> </li> <li> <p>CI/CD (GitLab CI)</p> </li> <li> <p> Bash и один язык программирования (Python, Go) • Опыт работы с системами мониторинга</p> <p><strong>Будет плюсом:</strong></p> </li> <li> <p>Terraform и Ansible</p> </li> <li> <p>CRD и Helm charts</p> </li> <li> <p>Troubleshooting в production</p> </li> <li> <p>Networking в Kubernetes</p> </li> <li> <p>Понимание alerting и log aggregation</p> </li> </ul> <strong>Условия:</strong> <ul> <li><strong>Уверенность в будущем. </strong>Мы чтим ТК РФ: у нас стабильный и прозрачный &quot;белый&quot; доход.</li> <li><strong>Забота о здоровье</strong>. Оформим полис ДМС со стоматологией.</li> <li><strong>Спорт — это про нас</strong>. У нас многие увлекаются сноубордом, лыжами, дайвингом, бегом и пр. – найти кого-то для afterwork-активности не проблема. Мы спонсируем тренировки футбольной и волейбольной команд, поддерживаем инициативы по киберспорту и приходим на турниры по настольному футболу просто поболеть.</li> <li><strong>Конкурентная</strong> заработная плата.</li> <li><strong>Добираться легко.</strong> Офис в 5 минутах ходьбы от станции метро Бутырская или от МЦД Останкино.</li> </ul>",160,DevOps-инженер
129075775,Специалист отдела диспетчеризации,"<p>Мы —<strong> Группа компаний «МКС»,</strong> лидер в создании энергетических решений «под ключ». С 2005 года мы построили более 62 мини-ТЭС по всей России и за рубежом — от Германии до ОАЭ. Наша миссия — обеспечивать объекты надежной и эффективной энергией, а наша команда — это главный актив, который позволяет нам расти и покорять новые рынки.</p> <p>В нашу дружную команду в связи с расширением штата сотрудников отдела требуется <strong>специалист в отдел диспетчеризации</strong></p> <p><strong>Обязанности:</strong></p> <ul> <li>Оперативное взаимодействие с производственными и энергетическими объектами компании;</li> <li>Координация работы операторов смен и сервисного персонала;</li> <li>Мониторинг поступающих сигналов и информации о работе оборудования;</li> <li>Фиксация отклонений и своевременное информирование ответственных лиц;</li> <li>Ведение диспетчерских журналов, подготовка сменных и суточных отчетов;</li> <li>Формирование оперативной статистики по работе объектов;</li> <li>Ведение табеля учета рабочего времени (25–30 человек);</li> <li>Ведение реестра спецодежды и внутренней отчетности</li> <li>Оформление документов для командировок, контроль сроков и продлений;</li> <li>Сбор документов для авансовых отчетов.</li> </ul> <p><strong>Требования:</strong></p> <ul> <li>Опыт работы от 1 года (диспетчер, координатор, специалист, администратор);</li> <li>Уверенный пользователь ПК (Excel, Word);</li> <li>Желателен опыт работы в 1С Документооборот, Битрикс24;</li> <li>Техническое образование; </li> <li>Внимательность, ответственность, умение работать с информацией;</li> <li>Развитые коммуникативные навыки.</li> </ul> <p><strong>Условия:</strong></p> <ul> <li>Официальное трудоустройство по ТК РФ;</li> <li>Полностью «белая» заработная плата;</li> <li>График работы 5/2, с 08:30 до 17:30;</li> <li>Современный офис в бизнес-центре;</li> <li>Выплата заработной платы 2 раза в месяц;</li> <li>Корпоративная система премирования и материальной помощи;</li> <li>Дружный коллектив и поддержка на этапе адаптации.</li> </ul>",84,"Оператор ПК, оператор базы данных"
128677453,Инженер технической поддержки (Linux),"<p>Российская компания <strong>«МСофт»</strong> была основана <span>в 2011 году</span>. Мы предоставляем услуги по разработке программного обеспечения для предприятий и частных лиц, а также внедрению и обслуживанию специализированных программных решений.</p> <p>Основным направлением нашей деятельности является разработка <strong>ПО МFlash</strong> продукта для защищенного файлового обмена, совместного безопасного доступа и работы с файлами. Использование MFlash позволяет реализовать стратегию цифровой трансформации рабочего места сотрудника для коммерческих и государственных организаций.</p> <p>К нам в команду требуется <strong>Инженер технической поддержки</strong> и просто хороший человек</p> <p><strong>Обязанности:</strong></p> <p>1.Обработка обращений клиентов (тикет-система), также очные выезды к заказчику по необходимости (Москва);</p> <p>2. Техническая поддержка и консультирование Заказчика по вопросам, возникающим в процессе эксплуатации ПО;</p> <p>3. Решение инцидентов, устранение сбоев в работе ПО Заказчика;<br />4. Регистрация багов, сбор и анализ логов;</p> <p>5. Развёртывание стендов, моделирующих аппаратно-программную среду Заказчика;</p> <p>6. Мониторинг инфраструктуры и сервисов клиентов, реагирование на оповещение систем мониторинга;</p> <p>7. Участие в процессе приемочного тестирования новых релизов ПО;</p> <p>8. Анализ и технический контроль текущего состояния работы ПО.</p> <p><strong>Что хотим видеть в Вашем опыте:</strong></p> <p>- Знание ОС Windows и/или Linux на уровне <span>администратор</span>а (Centos, Astra и др);</p> <p>- Понимание основ и технологий информационной безопасности (VPN, FW, СЗИ от НСД, антивирусная защита, IDS/IPS, DLP, PKI);</p> <p>- <span>Опыт</span> администрирования СУБД (MySQL, PostgreSQL);</p> <p>- Если есть <span>опыт</span> написания скриптов по автоматизации рутинных задач, будет преимуществом;</p> <p>- Понимание взаимодействия клиент-сервер<br /><br />- Понимание принципа взаимодействия с API, <span>опыт работы</span> с Postman</p> <p><strong>Что от нас:</strong></p> <p>Работа в аккредитованной компании;</p> <p>Гибрид , возможны иногда выезды к заказчику;</p> <p><span>Сильный</span> наставник и опытные коллеги;</p> <p><span>Обучение за счет компании</span>;</p> <p>ДМС со стоматологией;</p> <p>Корпоративные мероприятия.</p> <p> </p> <p> </p>",121,Специалист технической поддержки
128761985,Менеджер по работе с подозрительными операциями,"<p>В Ozon Банке тесно переплетается всё, что связано с финансами и IT. Создаём новые для рынка продукты и сервисы для людей и бизнеса. Финансовой безопасности уделяем особенное внимание — внимательно следим за подозрительными операциями.</p><p><br /></p><p>Специалисты по фрод-мониторингу рассматривают ситуации, которые могут быть связаны с мошенничеством. Они оперативно связываются с клиентами и помогают защитить их средства.</p><p><br /></p><p>Работа в Ozon Банке — это свобода в принятии решений, а также поддержка опытной команды наставников. У нас есть много возможностей для развития и нет потолка в росте.</p><p><strong>мы предлагаем:</strong></p><ul><li><strong>Работу в компании из ТОП-20</strong> рейтинга работодателей</li><li><strong>ДМС со стоматологией</strong> с первого месяца работы</li><li><strong>Оформление по ТК</strong>: достойный уровень дохода (фиксированная часть 27 000 gross + ежемесячная премия без потолка, зависит только от объёма и качества выполненной работы)</li><li><strong>Полностью удалённую работу</strong> в графике 2/2, начало смены назначается руководителем в интервале с 04:00 до 13:00 по московскому времени (дневные смены)</li><li>Корпоративные <strong>скидки и бонусы</strong></li><li><strong>Возможность непрерывного развития</strong>: регулярные тренинги и вебинары, собственная база знаний и онлайн-курсов</li><li><strong>Современную рабочую технику</strong></li><li><strong>Комфортную адаптацию с обучением</strong> и поддержкой наставника</li><li>Реальные <strong>возможности карьерного роста</strong></li><li><strong>Атмосферу стабильности, безопасности, открытости</strong> новым идеям, а также гибкие бизнес-процессы</li><li><strong>Вознаграждение</strong> за каждого, кто присоединится к команде Ozon Банка по твоей рекомендации</li><li><strong>Корпоративный доступ к сервису «Понимаю»</strong> с онлайн-консультациями 24/7 по психологическим, юридическим, финансовым и другим вопросам</li></ul><p><strong>тебе предстоит:</strong></p><ul><li>Обрабатывать запросы по подозрительным операциям по финансовым продуктам (банковские карты, рассрочки и т.д.)</li><li>Коммуницировать с клиентами в телефонном звонке для оперативного реагирования на фрод-инциденты и мошеннические действия</li><li>Анализировать процессы работы сервиса и участвовать в проектах по оптимизации</li></ul><p><strong>мы ожидаем:</strong></p><ul><li>Готовность развиваться в направлении финансовой безопасности</li><li>Опыт работы в контактном центре будет являться преимуществом</li><li>Грамотную устную и письменную речь</li><li>Уверенное знание ПК</li><li>Быструю адаптацию к новым задачам ​</li><li>Умение работать с большим объёмом информации</li><li>Умение вести диалог грамотно и вежливо</li><li>Стремление помогать клиентам в решении любых вопросов<br /><p><br /></p><p><br /></p><p><br /></p><p><strong>для работы потребуется:</strong></p></li><li>Стабильное Интернет-соединение (от 10 Mb\s)</li></ul><p><br /></p><p><em>Возможно, тебя заинтересует вакансия, если ты искал работу в компаниях: Сбербанк, ВТБ, Альфа-Банк, МТС, Билайн, Мегафон, Яндекс, Ростелеком, Wildberries, Т-Банк</em></p>",121,Специалист технической поддержки
128691877,Начальник отдела,"<p><strong>Обязанности:</strong></p> <p><strong>Принимает участие:</strong></p> <ul> <li> <p>в развитие инфраструктуры центров обработки данных (включая серверную, сетевую, программную инфраструктуру и инфраструктуру хранения данных) с учетом используемых и (или) проектируемых архитектурных подходов, с преимущественным использованием облачных решений по моделям «инфраструктура как сервис», «платформа как сервис», «ПО как сервис»;</p> </li> <li> <p>в развитие инфраструктуры информационно-коммуникационных технологий, сетей и средств связи;</p> </li> <li> <p>в координации выработки комплекса мер по обеспечению функционирования и надежности информационных систем, применение средств и методов информационной безопасности, включая меры противодействия целенаправленным внешним воздействиям от различных источников угроз информационной безопасности.</p> </li> </ul> <strong>Требования:</strong> <ul> <li>высшее образование</li> </ul> <strong>Условия:</strong> <ul> <li>ненормированный служебный день</li> </ul>",113,Системный администратор
116444438,Middle+ / Senior QA Auto Python специалист,"<p><strong>«Lean Software Production» — глобальная ИТ-компания</strong>, которая занимается созданием ПО и формированием выделенных команд разработки. Мы объединяем лучших экспертов со всего мира, для которых создание ИТ-продуктов — не просто работа, а дело всей жизни.</p> <p>Для работы на разнообразных трендовых проектах, в том числе, международного уровня<strong> </strong>наша команда<strong> ищет специалиста авто тестирования (Python) для аутстаф направления.</strong></p> <p>100% наших сотрудников работают удалённо. Мы считаем, что работать нужно там, где удобно, а не под влиянием внешних факторов.</p> <p>Мы ценим нашу команду, поэтому заботимся о том, чтобы сотрудники были полностью удовлетворены работой и приносили реальный результат нашим клиентам.</p> <p><strong>Предлагаем:</strong></p> <ul> <li>полную занятость со стабильными выплатами;</li> <li> <p>оплату труда, соответствующую вашим навыкам и ожиданиям с реальной возможностью роста;</p> </li> <li> <p>разнообразные трендовые проекты, в том числе, международного уровня;</p> </li> <li> <p>полностью удаленный формат работы;</p> </li> <li> <p>график 5/2 с гибким началом рабочего дня.</p> </li> </ul> <p><strong>Обязанности:</strong></p> <ul> <li> <p>Разработка и поддержка автоматизированных тестов с использованием Python, pytest, requests, selenium;</p> </li> <li> <p>Проведение тестирования API с использованием инструментов Postman и Swagger;</p> </li> <li> <p>Анализ функциональных и нефункциональных требований для разработки тест-кейсов;</p> </li> <li> <p>Создание и поддержка тест-дизайна, применение различных техник тестирования;</p> </li> <li> <p>Автоматизация тестирования проектов, построенных на микросервисной архитектуре;</p> </li> <li> <p>Написание функциональных тестов для серверного API;</p> </li> <li> <p>Подготовка и структурированное представление результатов тестирования;</p> </li> <li> <p>Разработка интеграционных тестов на Python 3 и настройка процессов Continuous Integration;</p> </li> <li> <p>Проведение нагрузочного тестирования для оценки производительности системы.</p> </li> </ul> <p><strong>Требования:</strong></p> <ul> <li> <p>Коммерческий опыт в области автоматизированного тестирования от 3-х лет;</p> </li> <li> <p>Уверенные знания python, pytest, requests, selenium, postman, swagger;</p> </li> <li> <p>Понимание основ тестирования и владение техниками тест-дизайна;</p> </li> <li> <p>Умение структурировано и доступно выражать свои мысли;</p> </li> <li> <p>Опыт анализа функциональных/нефункциональных требований;</p> </li> <li> <p>Умение автоматизировать тестирование проекта, построенного на микросервисной архитектуре;</p> </li> <li> <p>Умение писать функциональные тесты на серверное API.</p> </li> </ul> <p><strong>Технологический стек:</strong></p> <ul> <li> <p>Python;</p> </li> <li> <p>PyTest;</p> </li> <li> <p>Requests;</p> </li> <li> <p>Selenium;</p> </li> <li> <p>Postman;</p> </li> <li> <p>Swagger.</p> </li> </ul> <p><strong>Будет плюсом:</strong></p> <ul> <li> <p>CI/CD: Gitlab CI, Jenkins/Teamcity;</p> </li> <li> <p>Опыт работы с Apache, Kafka и/или RabbitMQ;</p> </li> <li> <p>Опыт участия в проектах с Agile-методологиями;</p> </li> <li> <p>Опыт работы с Kibana либо любой другой системой логирования.</p> </li> <li> <p>Сертификаты станут плюсом, но совсем не обязательны, нам важен достойный уровень ваших знаний и умений!</p> </li> </ul> <p><strong>Этапы отбора:</strong></p> <ol> <li> <p><strong>Анкета;</strong></p> </li> <li> <p><strong>Первичное интервью;</strong></p> </li> <li> <p><strong>Техническое интервью;</strong></p> </li> <li> <p><strong>Оффер.</strong></p> </li> </ol> <p><strong>Ждем в нашей команде!</strong></p>",124,Тестировщик
126016413,Специалист первой линии поддержки пользователей (L1),"<p>Компания STONE ищет<strong> </strong>Специалиста первой линии поддержки пользователей (L1) в команду ИТ департамента.</p> <p><strong>Что мы предлагаем:</strong></p> <ul> <li>Оформление по ТК РФ, оплачиваемый больничный, отпуск 28 календарных дней;</li> <li>Заработную плату, состоящую из оклада и годового бонуса (размер готовы обсуждать по результатам собеседования);</li> <li>Оформление в штат аккредитованной ИТ-компании;</li> <li>Режим работы: офис;</li> <li>График работы: пн - чт с 9.45 до 19.00, пт с 9.45 до 18.00;</li> <li>Масштабные задачи и возможность карьерного роста – 60% руководителей выросли внутри компании;</li> <li>Академию STONE - внутреннее обучение, доступ к электронной библиотеке;</li> <li>Доставку ужина за счет компании из Яндекс.Еды, если возникла необходимость задержаться на работе;</li> <li>Активную корпоративную жизнь – мероприятия и подарки для сотрудников и их детей, подарки к годовщинам работы в компании, футбольный клуб, силовые тренировки, бокс, занятия по йоге и пилатесу, масштабные корпоративные мероприятия, благотворительные проекты.</li> </ul> <p><strong>В зону ответственности будет входить:</strong></p> <ul> <li>Приём и регистрация обращений пользователей (по телефону, почте, в системе Service Desk);</li> <li>Первичная диагностика и классификация инцидентов и запросов;</li> <li>Решение стандартных и типовых обращений в рамках первой линии;</li> <li>Эскалация более сложных проблем на вторую линию поддержки;</li> <li>Консультации пользователей по вопросам работы программного обеспечения, оборудования и корпоративных сервисов;</li> <li>Ведение базы знаний (добавление и обновление инструкций);</li> <li>Контроль сроков обработки обращений и информирование пользователей о статусе.</li> </ul> <strong>Для нас важно:</strong> <ul> <li>Опыт работы в технической поддержке или аналогичной роли будет преимуществом;</li> <li>Базовые знания Windows / macOS, офисных приложений, почтовых клиентов, работы с сетевыми сервисами;</li> <li>Понимание принципов работы ПК, принтеров, периферийных устройств;</li> <li>Навыки общения с пользователями, умение объяснять простыми словами технические вещи;</li> <li>Грамотная устная и письменная речь;</li> <li>Ответственность, внимательность, стрессоустойчивость;</li> <li>Желательно знание ITIL/опыта работы с системами Service Desk.</li> </ul>",121,Специалист технической поддержки
128638078,Младший системный администратор,"<p><strong>1С-WiseAdvice</strong> — технологичная компания и дочерняя структура 1С.<br />Мы в ТОП-3 бухгалтерского аутсорсинга по версии РАЭКС (2024) и активно развиваем внутреннюю IT-команду.</p> <p><strong>В команде:</strong> 550+ сотрудников, 60+ IT-специалистов, 1000+ клиентов.</p> <p><strong>Обязанности</strong></p> <ul> <li> <p>Работа в ServiceDesk: прием и обработка IT-заявок</p> </li> <li> <p>Поддержка IT-инфраструктуры и локальной сети</p> </li> <li> <p>Поддержка ~140 рабочих мест:</p> <ul> <li> <p>устранение неисправностей</p> </li> <li> <p>установка и настройка Windows</p> </li> <li> <p>базовый апгрейд ПК</p> </li> </ul> </li> <li> <p>Установка и настройка ПО (MS Office, 1С, браузеры и др.)</p> </li> <li> <p>Подключение и настройка периферийного оборудования</p> </li> <li> <p>Настройка доступов и почтовых учетных записей</p> </li> <li> <p>Типовые задачи: IP-телефония, SIP-клиенты, ЭЦП</p> </li> <li> <p>Консультирование пользователей и передача сложных заявок на 3-ю линию</p> </li> </ul> <p><strong>Требования</strong></p> <p>Обязательно:</p> <ul> <li> <p>Уверенное владение ПК и Windows 10 / 11</p> </li> <li> <p>Базовое понимание работы компьютера</p> </li> <li> <p>Готовность учиться и работать по инструкциям</p> </li> <li> <p>Доброжелательное общение с пользователями</p> </li> </ul> <p>Будет плюсом:</p> <ul> <li> <p>Любой опыт в IT-поддержке или ServiceDesk</p> </li> <li> <p>Базовые знания сетей (локальная сеть, TCP/IP)</p> </li> <li> <p>Знакомство с Active Directory</p> </li> <li> <p>Интерес к развитию в IT</p> </li> </ul> <p><strong>Мы предлагаем</strong></p> <ul> <li> <p>Оформление по ТК РФ</p> </li> <li> <p>График 5/2 с 9:00 до 18:00</p> </li> <li> <p>Комфортный офис и адекватную нагрузку</p> </li> <li> <p>Обучение, наставничество и понятные инструкции</p> </li> <li> <p>Дружную команду и развитую корпоративную культуру.</p> </li> </ul>",113,Системный администратор
128935906,SRE/DevOps-инженер (Senior),"<p>В SimbirSoft более 1500 специалистов ежедневно решают интересные задачи, которые делают комфортнее жизни миллионов пользователей.</p> <p>Мы занимаемся сервисной заказной разработкой. Если тебе интересны сложные технические задачи, работа в команде профессионалов, возможность прокачать экспертизу на проектах из разных сфер бизнеса – присоединяйся к нам!</p> <p>Мы находимся в поиске SRE/DevOps инженера.</p> <p><strong>Вам предстоит:</strong></p> <ul> <li>Взаимодействие с командами разработки, продвижение DevOps-культуры.</li> <li>Внедрение и поддержка CI/CD (TeamCity, GitLab CI, GitHub Actions, ArgoCD и др.).</li> <li>Администрирование серверов (Ubuntu, CentOS, Rocky Linux), настройка балансировщиков.</li> <li>Конфигурация сетей, DNS, маршрутизация, обеспечение отказоустойчивости.</li> <li>Автоматизация инфраструктуры с помощью Ansible и Terraform.</li> <li>Настройка систем мониторинга, логирования и алертинга (Prometheus, Grafana, Loki, ELK, OpenTelemetry).</li> <li>Работа с контейнерами и оркестраторами (Docker, Kubernetes, Helm)/</li> <li>Оптимизация HA-решений для Redis, Kafka, RabbitMQ, MySQL, PostgreSQL.</li> <li>Анализ инцидентов и оптимизация производительности, участие в on-call ротации (в будущем).</li> <li>Разработка скриптов на Python / Bash для автоматизации процессов.</li> <li>Совместная работа с командами разработки для улучшения процессов доставки.</li> </ul> <p><strong>Для нас важно:</strong></p> <ul> <li>4+ лет опыта в роли DevOps / SRE / системного инженера.</li> <li>Знания CI/CD-инструментов: TeamCity, GitLab CI, ArgoCD.</li> <li>Опыт администрирования Linux-систем (Ubuntu / CentOS).</li> <li>Опыт работы с системами мониторинга и логирования (Prometheus, Grafana, Loki, ELK).</li> <li>Знание сетевых технологий: TCP/IP, DNS, VPN, IPTables, SSL/TLS.</li> <li>Опыт работы с Nginx (reverse proxy, load balancing, SSL).</li> <li>Контейнеризация и оркестрация: Docker, Kubernetes, Helm.</li> <li>Опыт автоматизации с использованием Ansible и Terraform.</li> <li>Опыт работы с базами данных и кешами (MySQL, PostgreSQL, Elasticsearch, Redis).</li> </ul> <p><strong>Будет плюсом:</strong></p> <ul> <li>Опыт работы с облаками (AWS / GCP / Azure): VPC, IAM, Load Balancer, autoscaling.</li> <li>Опыт работы с Kafka / RabbitMQ.</li> </ul> <p><strong>Мы предлагаем:</strong></p> <ul> <li>Работу в команде экспертов;</li> <li>Широкий технологический стек, сотни проектов;</li> <li>Гибкий график работы, который позволяет высыпаться и выделять время на хобби;</li> <li>Льготы и меры господдержки, предусмотренные для IT-компаний (аккредитованы Минцифры*);</li> <li>Возможность разрабатывать IT-решения для разных отраслей, пробовать новые технологии;</li> <li>У нас выстроены процессы удаленной работы, при этом есть просторные офисы с зонами коворкинга, где можно с комфортом пообщаться, поиграть в настолки или в тишине обдумать рабочие задачи;</li> <li>Возможность прокачаться во всех интересующих направлениях: стать тимлидом, архитектором, разработчиком full-stack;</li> <li>Развитую систему наставничества, сертификацию за счёт компании, участие в конференциях, изучение английского языка;</li> <li>Активный обмен опытом, внутренние и внешние митапы по разработке, хакатоны, доклады по развитию hard и soft skills;</li> <li>50+ клубов по интересам и профессиональных сообществ внутри компании;</li> <li>Уютный мерч;</li> <li>Полный соцпакет и «белую» зарплату;</li> <li>Корпоративную базу знаний и социальную сеть для удобства общения с каждым из 1500+ сотрудников;</li> <li>Гибкую систему бонусов, которая настраивается под индивидуальные потребности: различные уровни ДМС, компенсация обучения или занятий любыми видами спорта;</li> <li>Заботу о ментальном здоровье: онлайн-консультации с психологом.</li> </ul> <p> </p> <p><em>* Решение Министерства цифрового развития, связи и массовых коммуникаций РФ о предоставлении государственной аккредитации организации, осуществляющей деятельность в области информационных технологий от 10.03.2022 №АО-20220309-3771014210-3</em></p>",160,DevOps-инженер
128709008,Системный инженер (система отделения),"<p><strong>Чем предстоит заниматься:</strong></p><ul><li>Разработкой технических заданий на проектирование и испытания</li><li>Подготовкой программ и методик испытаний</li><li>Разработкой эксплуатационной документации (КПЭО, руководства по эксплуатации)</li><li>Проверкой и приемка технической документации (чертежи, спецификации, отчеты) в соответствии с ЕСКД</li><li>Участием в испытаниях изделий (подготовка методик, анализ результатов, доработка конструкции, принятие решений об отклонениях)</li><li>Координацией работ с производственными подразделениями и смежными отделами разработки</li><li>Анализом и оптимизацией конструктивных решений с учетом требований надежности, массовых характеристик, стоимости и сроков поставки</li><li>Взаимодействием с заказчиками и смежными организациями по техническим вопросам</li><li>Постановкой задач для смежных подразделений в части проработки конструкции составных частей адаптера</li></ul><p><strong>Мы ожидаем:</strong></p><ul><li>Высшее техническое образование (авиа- и ракетостроение, машиностроение, приборостроение или смежные направления)</li><li>Опыт работы в области разработки изделий космической техники (от 3 лет)</li><li>Опыт разработки технических заданий (ТЗ) и программ и методик испытаний</li><li>Знание этапов жизненного цикла изделий космической техники (от проектирования до испытаний)</li><li>Опыт разработки конструкторско-технологической и эксплуатационной документации (КПЭО, РЭ)</li><li><p>Понимание особенностей проектирования и испытаний космических аппаратов</p><p></p></li></ul><p><strong>Мы предлагаем:</strong></p><ul><li>Работу в аккредитованной ИТ-компании;</li><li>Шаг в космос - для тех, кто вдохновлен идеей покорения космоса и мечтает быть к этому причастным;</li><li>Возможность выбора смены;</li><li>Комфортный современный лофт-офис в 5 минутах от метро &quot;Улица 1905 года&quot;;</li><li>Оформление в соответствии с ТК РФ;</li><li>Конкурентный уровень заработной платы - на уровне лидеров ИТ/телеком-индустрии</li></ul>",114,Системный инженер
129141331,"Преподаватель дисциплин ""Безопасность жизнедеятельности"" и ""Основы безопасности и защиты Родины""",<p><strong>Обязанности:</strong></p> <ul> <li>преподавание дисциплин &quot;Безопасность жизнедеятельности&quot; и &quot;Основы безопасности и защиты Родины&quot;</li> </ul> <p><strong>Требования:</strong></p> <ul> <li>среднее или высшее педагогическое образование;</li> </ul> <p><strong>Условия:</strong></p> <ul> <li>заработная плата по результатам собеседования;</li> <li>наличие справки о наличии/отсутствии судимости</li> </ul>,116,Специалист по информационной безопасности
128298380,Ведущий программист 1С,"<p><strong>&quot;Сибирский кедр&quot; – эксперт в производстве продукции на основе всех видов орехов и сухофруктов. Мы взяли курс на производство конфет на основе кедрового ореха и сибирских ягод. Мы сконцентрировались на товарах из экологически чистой Сибири и осознанно отказались от применения ароматизаторов и консервантов.</strong></p> <p><strong>Приглашаем на конкурсной основе ведущего программиста 1С</strong></p> <p><strong>Мы ждем от кандидата:</strong></p> <ul> <li>Высшего профильного образования</li> <li>Опыта работы не менее 3-х лет</li> <li>Подтвержденных сертификатами знаний конфигурирования БД продуктов 1С8</li> <li>Опыт администрирования SQL, знание операционных систем</li> <li>Развитых коммуникативных навыков, умения консультирования на доступном языке</li> <li>Системности мышления и творческого подхода к решению задач, навыка работы в ситуации многозадачности, высокой самоорганизации и ориентации на результат, любви к своей профессии и постоянного самосовершенствования, адаптивности и способности быстро вникать в бизнес-процессы компании</li> </ul> <p><strong>Основные функции:</strong></p> <ul> <li>Сопровождение и доработка информационных систем предприятия</li> <li>Консультации внутренних пользователей</li> <li>Модификация и обновление существующих документов, отчетов, обработок</li> <li>Обновление 1С конфигурации</li> </ul> <p><strong>В ответ мы предлагаем вам:</strong></p> <ul> <li>новые знания и профессиональный рост;</li> <li>обучение и повышение квалификации за счет компании;</li> <li>интересные и нетривиальные задачи;</li> <li>официальное трудоустройство;</li> <li>место работы - д. Петрово, есть доставка служебным автобусом/корпоративным такси;</li> <li>возможен гибридный формат работы;</li> <li>конкурентоспособная заработная плата - по договоренности.</li> </ul> <p><strong>Описание информационных систем предприятия:</strong></p> <p>Компания использует следующие программы:</p> <p>1.Бухгалтерский и производственный учет юридических лиц ведется в отдельных базах 1С:Бухгалтерия 8.</p> <p>Для ведения оперативного учета торговой деятельности используется база 1С:Управление торговлей 8.</p> <p> </p> <p> </p>",96,"Программист, разработчик"
128933690,Менеджер проектов (локализация),"<p>Компания «АстраЗенека» верит в каждого сотрудника, нацеленного на динамичное развитие. Станьте частью Команды, получите новые знания и раскройте свой потенциал с помощью активной поддержки со стороны команды.</p> <p>Мы международная научно-ориентированная биофармацевтическая компания, нацеленная на исследование, разработку и вывод на рынок рецептурных препаратов преимущественно в таких терапевтических областях, как онкология, кардиология, нефрология и метаболизм, респираторные и аутоиммунные, а также редкие заболевания.</p> <p>Сегодня компания «АстраЗенека» открывает вакансию <strong>Менеджера проектов</strong>.</p> <p><strong>Основные обязанности</strong>:</p> <ul> <li>Организация планирования сроков и ресурсов на различных этапах проектов по локализации производства на территории РФ</li> <li>Взаимодействие с кросс-функциональной командой, партнерами компании в рамках планирования этапов и сроков реализации проектов локализации;</li> <li>Курирование и координация деятельности команды компании и партнеров в рамках соблюдения сроков выполнения этапов реализации проектов по локализации;</li> <li>Организация совещаний с целью контроля за статусом проекта, составление резюме и протоколов совещаний по проектам</li> <li>Участие в обсуждении проектов в составе рабочих групп, интеграция информации в корпоративную информационную систему для отслеживания выполнения задач</li> <li>Взаимодействие с контрактными производственными площадками, лабораториями, поставщиками оборудования, материалов и реактивов;</li> <li>Обеспечение финансового сопровождения проектов - предоставление данных для расчета инвестиционных проектов, бюджет и факт затрат на проекты;</li> <li>Формирование сводного бюджета проектов, контроль исполнения бюджета.</li> </ul> <p>Требования:</p> <ul> <li>Высшее экономическое образование, значительным преимуществом будет дополнительное фармацевтическое образование.</li> <li>Опыт управления проектами в фармацевтической компании.</li> <li> <p>Знание НПА в области ВТЛП, РФЛП.</p> </li> <li>Отличные коммуникативные навыки и умение работать в команде;</li> <li>Свободное владение английским языком (устный и письменный, не ниже Upper-intermediate).</li> </ul>",107,Руководитель проектов
128969072,Application Security Engineer,"<p><strong>П</strong><strong>РИВЕТ! </strong><strong>МЫ КИБЕРПРОТЕКТ </strong>— российская аккредитованная ИТ-компания, разработчик решений для защиты данных. Наши продукты, внесенные в реестр российского ПО, обеспечивают безопасность данных наших заказчиков и партнеров.</p> <p>Наша миссия — создавать безопасное кибербудущее. Амбициозные задачи, постоянное развитие и изучение нового помогают нашим сотрудникам раскрывать свой потенциал, а комфортная человечная культура помогает ощущать поддержку и энергию для достижения результата.</p> <p>Если такая #Киберфилософия тебе откликается – давай знакомиться ;)<br /><br />Команда разработки нашего продукта Кибер Инфраструктура растёт, сейчас мы ищем <strong>Application Security Engineer.</strong></p> <strong>ТЕБЕ ПРЕДСТОИТ ОТВЕЧАТЬ ЗА:</strong> <ul> <li>поиск и исправление уязвимостей в коде крупного проекта;</li> <li>статический/динамический анализ кода;</li> <li>ручной/автоматизированный поиск уязвимостей;</li> <li>фаззинг-тестирование по поверхностям атаки;</li> <li>разбор отчетов автоматизированных средств безопасной разработки;</li> <li>анализ зависимостей и устранение CVE;</li> <li>определение и контроль изменений в поверхности атаки продукта;</li> <li>покрытие модульными регрессионными тестами объектов, выполняющих функции безопасности.</li> </ul> <strong>ТЫ СПРАВИШЬСЯ С ЭТИМ, ЕСЛИ У ТЕБЯ ЕСТЬ:</strong> <ul> <li>опыт определения поверхности атаки продукта и проведения фаззинг-тестирования (желательно с использованием AFL/AFL++ и его экосистемой);</li> <li>опыт работы со статическими анализаторами (например Svace), инструментами сбора покрытия (например Gcov/Lcov), санитайзерами (например ASAN), инструментами SCA (например Dependency-Track);</li> <li>понимание процесса РБПО согласно ГОСТ Р 56939-2024;</li> <li>уверенное владение Linux (RHEL-based);</li> <li>способность интегрировать новые инструменты в уже существующий CI/CD;</li> <li>опыт работы с Docker, docker-compose;</li> <li>умение читать код на Си, Go;</li> <li>умение писать на Bash.</li> </ul> <p><strong>БУДЕТ ПЛЮСОМ:</strong></p> <ul> <li>опыт работы с BurpSuite, Natch;</li> <li>высшее образование по направлению &quot;Информационная безопасность&quot;.</li> </ul> <p><strong>#КИБЕРПЛЮШКИ ДЛЯ НАШИХ СОТРУДНИКОВ:</strong></p> <ul> <li>трудоустройство по ТК РФ с первого дня, официальная заработная плата с ежегодной индексацией и возможностью повышения по результатам Performance Review;</li> <li>гибкий подход – работа из офиса в Москве или Иннополисе, гибрид или удаленка, а также релокационный бонус, если захочешь переехать в Москву;</li> <li> <p>современная техника;</p> </li> <li> <p>ДМС со стоматологией и страхование от несчастных случаев после испытательного срока, ДМС и страхование от несчастных случаев для детей – с 1 дня работы;</p> </li> <li>компенсация занятий спортом и активное спортивное сообщество внутри;</li> <li>компенсация питания;</li> <li>подписка на топовые онлайн-сервисы (кино, музыка, онлайн-библиотека) после прохождения испытательного срока;</li> <li>скидка на изучение английского языка для сотрудника и его детей;</li> <li>внутреннее и внешнее обучение, посещение профильных конференций за счёт компании;</li> <li>реальная возможность профессионального развития: мы реализуем много самых разных проектов, всегда есть возможность залидировать интересное направление.<br /><br /><strong>ПРИСОЕДИНЯЙСЯ К #КИБЕРКОМАНДЕ – НАС ЖДЁТ МНОГО ИНТЕРЕСНОГО!</strong></li> </ul>",116,Специалист по информационной безопасности
128668065,Менеджер проектов,"<p>Что такое <strong>Positive Technologies</strong>? Мы создаем продукты в области информационной безопасности. Это решения и технологии, которые защищают от хакеров и помогают проводить расследования инцидентов. Мы боремся за то, чтобы безопасность была не только на бумаге, и верим, что можем сделать мир лучше.</p> <p>В нашей команде много уникальных экспертов – хакеры, разработчики, исследователи, и люди, работа которых не связана напрямую с информационной безопасностью, – все очень классные. Поэтому больше всего мы ценим нашу команду. У нас принято прислушиваться к людям, чутко реагировать на их проблемы и запросы, поддерживать инициативы.</p> <p>Мы знаем о кибербезопасности почти все и ждем, что вы тоже разбираетесь в своей области. Нас 2000+ человек и семь офисов в России.</p> <p>Сейчас мы ищем Менеджера проектов.<strong> </strong>Наш новый коллега будет помогать реализовывать проекты внутри РТ.</p> <p><strong>Что для нас важно:</strong></p> <ul> <li> <p>У нашего кандидата есть опыт работы МП?РП с миксом задач по бизнес-аналитике.</p> </li> <li> <p>Знание методологий разработки ПО, нотаций моделирования бизнес-процессов, Microsoft Project.</p> </li> <li> <p>Аналитический склад ума, внимание к деталям и сильные навыки коммуникации.</p> </li> <li> <p>Будет преимуществом опыт работы с ИТ-проектами в банковской сфере.</p> <p> </p> </li> </ul> <p><strong>Основные задачи:</strong></p> <ul> <li> <p>Выстраивание кросс-блочных процессов.</p> </li> <li> <p>Формирование бизнес-требований на разработку/доработку ПО.</p> </li> <li> <p>Управление проектами: планирование, поиск ресурсов, контроль сроков, качества выполнения работ, рисков.</p> </li> <li> <p>Управление ожиданиями стейкхолдеров.</p> </li> <li> <p>Внедрение и сопровождение результатов внедрения.</p> </li> </ul> <p><strong>Что мы предлагаем:</strong></p> <ul> <li>Работа в уютном офисе в шаговой доступности от станции метро<br />«Преображенская площадь».</li> <li>Гибкое начало рабочего дня и гибридный формат работы.</li> <li> <p>Условия для постоянного развития: внутренние митапы, научпоп-лекции, олимпиады по программированию, обучение для руководителей и не только.</p> </li> <li> <p>Гибкий подход к отдыху: 28 календарных дней отпуска, доплату отпускных до полного оклада и 10 day off в год.</p> </li> <li> <p>ДМС с первой недели работы, включая стоматологию и ежегодный чекап.</p> </li> <li> <p>Компенсацию до 50% расходов на занятия спортом и английским языком в рамках ежегодного бюджета.</p> </li> <li> <p>Работу в аккредитованной ИТ-компании и возможность использования льгот Министерства цифрового развития.</p> </li> </ul>",107,Руководитель проектов
129028023,"Программист 1С (администрирование, доработка УТ/WMS)","<p><strong>Внимание кандидатов! Место работы: Складской комплекс ТРИЛОДЖИ ПАРК.</strong></p> <p><strong>Уровень дохода обсуждается на собеседовании.</strong></p> <p><strong>Обязанности:</strong></p> <p>• Администрирование и сопровождение программ 1С (WMS, Бухгалтерия, Зарплата и кадры и др).</p> <p>• Доработка нетиповых конфигураций 1С и конфигурации УТ 11 под бизнес-процессы компании.</p> <p>• Интеграция УТ и нетиповых конфигураций с внешним ПО и системами обмена (csv, json, xml, dbf, xls и др.).</p> <p>• Разработка и настройка отчетности в 1С.</p> <p>• Участие в проектировании и оптимизации учётных/складских бизнес-процессов.</p> <p><strong>Требования:</strong></p> <p>• Опыт работы с 1С (администрирование и доработка конфигураций).</p> <p>• Практический опыт работы с УТ 11 будет преимуществом.</p> <p>• Навыки интеграции и обмена данными (форматы csv, json, xml, dbf, xls и т.п.).</p> <p>• Умение создавать отчёты в 1С.</p> <p>• Знание складских и логистических процессов — желательно.</p> <p>• Аналитическое мышление, внимательность к деталям, умение работать в команде.</p> <p><strong>Условия:</strong></p> <p>• График работы: 5/2, с 09:00 до 18:00, работа в офисе.</p> <p>• Офис: Логистический центр «Трилоджи Парк» (м. Котельники).</p> <p>• Своевременная выплата зарплаты — 3 раза в месяц; система оплаты: оклад + премия по итогам работы.</p> <p>• Оформление согласно ТК РФ, полный соц. пакет, зарплата <strong>полностью &quot;белая&quot; 3 раза в месяц. Уровень дохода обсуждается на собеседовании.</strong></p> <p>• Корпоративные мероприятия, материальная поддержка в разных жизненных ситуациях, подарки детям сотрудников на Новый год.</p> <p>• Работа на российском рынке транспортно-экспедиционных услуг.</p>",96,"Программист, разработчик"
128198601,Программист-математик,"<p><strong>ОБЯЗАТЕЛЬНЫМ УСЛОВИЕМ ЯВЛЯЕТСЯ РЕЛОКАЦИЯ В РЕСПУБЛИКУ ТАТАРСТАН (ЕЛАБУГА)</strong></p> <p> </p> <p><strong>Обязанности:</strong></p> <ul> <li>разработка математической модели полетного контроллера;</li> <li>разработка алгоритмов навигации;</li> <li>реализация алгоритмов ИНС;</li> <li>тестирование в реальных условиях.</li> </ul> <p><strong>Будет преимуществом:</strong></p> <ul> <li>понимание тригонометрии, линейной алгебры, дифференциального и интегрального исчисления;</li> <li>понимание навигационных алгоритмов;</li> <li>знание основ робототехники;</li> <li>знание фильтра Калмана, Маджвика, комплиментарных фильтров и др.;</li> <li>понимание STM32;</li> <li>опыт подключения датчиков (гироскоп, магнитометр, барометр, gnss и др.);</li> <li>С/C++, python - Junior+.</li> </ul> <p><strong>С НАШЕЙ СТОРОНЫ МЫ ПРЕДЛАГАЕМ:</strong></p> <ul> <li>официальное трудоустройство в соответствии с ТК РФ;</li> <li>дневная рабочая неделя (ненормированная);</li> <li>конкурентный уровень заработной платы (обсуждается индивидуально);</li> <li>развитая корпоративная культура;</li> <li>спортивные и киберспортивные мероприятия;</li> <li>бесплатный транспорт до работы из г. Елабуга и обратно.</li> </ul> <p><strong>ОБЯЗАТЕЛЬНЫМ УСЛОВИЕМ ЯВЛЯЕТСЯ РЕЛОКАЦИЯ В РЕСПУБЛИКУ ТАТАРСТАН (ЕЛАБУГА)</strong></p>",96,"Программист, разработчик"
128982817,Оператор ПК (Курган),"<p><strong>Что мы предлагаем:</strong></p> <ul> <li>Оформление по ТК <em>РФ;</em></li> <li>Белую заработную плата;</li> <li>График работы: 5/2 с 08.00 до 17.00 и с 13:00 до 20:00;</li> <li>Возможность карьерного и профессионального роста;</li> <li>Подарки сотрудникам и детям на праздники.</li> </ul> <p><strong>Чем предстоит заниматься:</strong></p> <ul> <li> <p>Ведение базы данных</p> </li> <li> <p>Обработка заявок</p> </li> <li> <p>Работа с документацией.</p> </li> </ul> <p><strong>Наши ожидания:</strong></p> <ul> <li> <p>Ответственность, внимательность, усидчивость;</p> </li> <li> <p>Уверенный пользователь ПК.</p> </li> </ul>",84,"Оператор ПК, оператор базы данных"
128691626,Программист 1С ЗУП,"<p><strong>ООО «Центр ИТ решений для бизнеса» - внутренняя аккредитованная ИТ-компания для предприятий Горьковского автозавода.</strong></p> <p>Мы ищем в нашу команду опытного программиста 1С, который специализируется на платформе 1С:Предприятие 8.3 и имеет глубокие знания в конфигурации 1С:Зарплата и Управление Персоналом (ЗУП) 3.1.</p> <p> </p> <p><strong>Обязанности:</strong></p> <ul> <li>Разработка, доработка и поддержка конфигураций на базе 1С:Предприятие 8.3, с акцентом на 1С:ЗУП 3.1.</li> <li>Анализ бизнес-требований и их перевод в технические решения.</li> <li>Написание качественного, производительного и сопровождаемого кода в соответствии со стандартами разработки 1С.</li> <li>Работа с существующей кодовой базой: анализ, рефакторинг и исправление ошибок в чужом коде.</li> <li>Сложная оптимизация запросов и кода для повышения производительности системы.</li> <li>Разработка и поддержка отчетов с использованием системы компоновки данных (СКД) и систем оформления.</li> <li>Разработка и интеграция с использованием Web-сервисов, HTTP-сервисов и универсальных механизмов обмена данными.</li> <li>Ведение технической документации по выполненным доработкам.​​​​​</li> </ul> <p><strong>Требования:</strong></p> <ul> <li>Опыт разработки на платформе 1С:Предприятие 8.3 — от 3-х лет.</li> <li>Наличие действующих сертификатов 1С:Профессионал и/или 1С:Специалист (будет преимуществом).</li> <li>Отличное практическое знание конфигурации 1С:ЗУП 3.1 (отчеты, расчеты, кадровый учет, взаимодействие с другими конфигурациями).</li> <li>Умение писать грамотный, оптимальный и структурированный код.</li> <li>Глубокое понимание принципов работы платформы (управляемые формы, клиент-серверное взаимодействие).</li> <li>Опыт работы с СКД (система компоновки данных) для построения сложных отчетов.</li> <li>Навыки оптимизации SQL-запросов и кода 1С для повышения производительности.</li> <li>Опыт разработки и потребления Web-сервисов, HTTP-сервисов.</li> <li>Умение анализировать и дорабатывать чужой код.</li> <li>Опыт написания технической документации.</li> </ul> <p><strong>Условия:</strong></p> <ul> <li>Конкурентная заработная плата: оклад + ежемесячная премия.</li> <li>Годовой бонус.</li> <li>Добровольное медицинское страхование.</li> <li> <p>Развитая система наставничества - поддержка на всех этапах адаптации.</p> </li> <li>Компенсация питания (180 руб. в день).</li> <li>Организация отдыха для работников и членов семьи, компенсация части стоимости путевок.</li> <li>Выбор графика работы (пятидневная рабочая неделя, суббота и воскресенье - выходные).</li> </ul>",96,"Программист, разработчик"
128660286,Руководитель проекта,"<p>Приглашаем на работу <strong>РУКОВОДИТЕЛЯ ПРОЕКТА</strong></p> <p><strong>ПЛЮСЫ РАБОТЫ В НАШЕЙ КОМПАНИИ:</strong></p> <ul> <li>Работа в активно-развивающейся компании;</li> <li>Официальная заработная плата 2 раза в месяц;</li> <li>Спец. одежда и проживание за счет работодателя;</li> <li>Оплата проезда к месту работы и домой;</li> <li>Детские подарки (Новый год, 1 сентября);</li> <li>Подарки сотрудникам (Новый год, 23 февраля, 8 марта).</li> </ul> <p><strong>ОБЯЗАННОСТИ:</strong></p> <ul> <li>Руководство вахтовым объектом по направлениям: общественное питание, торговля, складское хозяйство, эксплуатация, клининг;</li> <li>Организация работы по предоставлению оказываемых услуг;</li> <li>Организация работы подконтрольного персонала, контроль укомплектованности персонала;</li> <li>Взаимодействие с Заказчиком, обеспечение отсутствия жалоб;</li> <li>Поддержание высокого качества сервиса.</li> </ul> <p><strong>ТРЕБОВАНИЯ:</strong></p> <ul> <li>Высшее образование;</li> <li>Опыт работы в аналогичной должности от 6-ти лет;</li> <li>Опыт работы в сервисных компаниях обязателен;</li> <li>Способность организовать услугу на высшем уровне;</li> <li>Умение выстраивать эффективные и долгосрочные отношения с Заказчиком.</li> </ul> <p><strong>УСЛОВИЯ РАБОТЫ:</strong></p> <ul> <li>Официальное трудоустройство;</li> <li>График работы: 5/2, командировки - 75% рабочего времени;</li> <li>Заработная плата обсуждается индивидуально по итогам собеседования.</li> </ul> <p> </p> <p><em>Компания<strong> «ПАРТНЕРЫ КРАСНОЯРСК» </strong>БОЛЕЕ 12 ЛЕТ успешно работает в сфере комплексного обслуживания вахтовых поселков по направлениям: общественное питание, бытовой и производственный клининг, эксплуатация инженерных систем. Численность компании на сегодняшний день более 4000 чел.</em></p> <p><em>Нашими партнерами являются крупнейшие добывающие предприятия РФ, такие как Полюс, NordGold, СУЭК, ГазПром и др.</em></p> <p>Мы заботимся о своих сотрудниках!</p> <p>Звони и стань частью команды профессионалов!</p>",107,Руководитель проектов
128980079,Территориальный специалист по пожарной безопасности (СЦ Москва),"<ul> <li> <p><strong>Вам предстоит:</strong></p> </li> <li>Контроль состояния пожарной безопасности объектов, соблюдения действующего законодательства;</li> <li>Контроль обеспечения, работоспособности и своевременного технического обслуживания систем противопожарной защиты, выявление и устранение неисправностей в работе систем;</li> <li>Контроль выполнения требований нормативных документов в области пожарной безопасности при строительстве и реконструкции помещений, зданий и сооружений;</li> <li>Проведение аудита на объектах компании и составление плана мероприятий по устранению выявленных нарушений;</li> <li>Рассмотрение и составление технических заданий, технических требований проектной документации на соответствие требованиям пожарной безопасности;</li> <li>Прием систем противопожарной защиты после реконструкции, строительства и модернизации;</li> <li>Работа с персоналом: проведение инструктажей по пожарной безопасности, контроль своевременности обучения и проверки знаний ПТМ, тренировки;</li> <li>Разъездной характер работы.</li> <li> <p><strong>Мы ожидаем:</strong></p> </li> <li>Техническое образование (желательно профильное);</li> <li>Специальная подготовка по пожарной безопасности (в учебных центрах государственной противопожарной службы);</li> <li><span>Опыт работы</span> на аналогичной позиции в сфере складской логистики будет преимуществом;</li> <li><span>Опыт</span> введения работ по приемке в эксплуатацию противопожарных систем и оборудования на объекте;</li> <li>Знание нормативной документации и требований пожарной безопасности;</li> <li>Знание федеральных законов «О пожарной безопасности», нормативно-правовых актов в области пожарной безопасности;</li> <li>Умение читать и применять документацию (СТУ, РР, КИТМ, расчет категорий и пр.) проекты в области пожарной безопасности;</li> <li>Уверенное пользование офисными программами (<span>Word, Excel</span>).</li> <li> <p><strong>Мы предлагаем:</strong></p> </li> <li>Оформление по ТК РФ;</li> <li>Здоровье: ДМС, страхование от несчастных случаев, полис выезжающих за рубеж;</li> <li>гарантированный оклад;</li> <li>Корпоративные программы: скидки и привилегии от компаний-партнёров для наших сотрудников;</li> <li>Дополнительные бонусы: материальная помощь, подарочные сертификаты при рождении ребенка;</li> <li>График работы: 5/2 с 8:00 <span>до 17</span>:00или с 09.00 <span>до 18.00</span>;</li> <li>Офис возможен на одном из объектов СЦ Москвы (ЛЦ Медведково, Вешки, Молжаниново, Пушкино, Солнечногорск, Никольское и др.).</li> </ul>",116,Специалист по информационной безопасности
129163452,Архитектор-визуализатор,"<p><strong>Платформа.Инвест</strong> - Компания, занимающаяся строительством.</p> <p><strong>Платформа. Инвест</strong> является частью Группы компаний «Платформа». Наш опыт и профессионализм позволяют нам эффективно решать задачи и обеспечивать высокое качество строительства.</p> <p>Недавно мы открыли новое направление — Концептуальный отдел. Его сотрудники занимаются комплексным проектированием для общественных и коммерческих объектов.</p> <p>В связи с открытием нового направления работы, мы в поисках <em>Архитектора-визуализатора</em>.</p> <p><strong>Чем предстоит заниматься:</strong></p> <ul> <li>Участие в разработке и оформлении эскизной документации для проектов различной направленности;</li> <li>Работа в ПО Revit совместно с проектной группой;</li> <li>Подбор материалов;</li> <li>Выполнение визуализаций экстерьера и интерьера, визуализаций мастерплана в 3DsMax, Lumion, Twinmotion;</li> <li>Выполнение постобработки кадров в Photoshop;</li> <li>Выполнение видеоматериалов по проекту;</li> <li>Подготовка демонстрационных презентаций по разработанному материалу;</li> <li>Согласование с заказчиком.</li> </ul> <p><strong>Наши ожидания от кандидата:</strong></p> <ul> <li>Образование архитектурно-строительное;</li> <li>Владение Revit, 3DsMax, Twinmotion, Lumion, Photoshop - уверенный пользователь;</li> <li>Обязательно наличие портфолио;</li> <li>Инициативность, готовность расти и обучаться, желание самостоятельно работать, выполнять поставленные задачи в срок и быть в дружной команде.</li> </ul> <p><strong>У нас:</strong></p> <ul> <li>Официальное трудоустройство по ТК РФ, &quot;белая&quot; заработная плата;</li> <li>Достойный уровень оплаты труда (уровень дохода обсуждается индивидуально исходя из опыта и компетенций);</li> <li>Удобный формат работы: офис, гибрид;</li> <li>Гибкое начало рабочего дня (по договоренности с руководителем);</li> <li>Внутреннее обучение, своя база знаний и BIM поддержка по Revit;</li> <li>Быстрое профессиональное развитие, реальная возможность карьерного и финансового роста внутри компании;</li> <li>Молодая и дружная команда, мотивирующая друг друга на достижение общих целей;</li> <li>Атмосфера поддержки и взаимопонимания, в которой каждый может проявить свои способности и навыки;</li> <li>Насыщенная корпоративная жизнь: ярко и масштабно отмечаем праздники, дарим крутые подарки.</li> </ul> <p>Ждем отклик и будем рады знакомству!</p>",34,"Дизайнер, художник"
128637880,Руководитель онлайн-проекта,"<p><strong>Мы ищем сильного управленца, который поможет вывести проект на новый уровень</strong></p> <p><strong>Задачи:</strong><br />- Масштабирование проекта: запуск новых направлений, оптимизация процессов, повышение эффективности<br />- Найм команды: подбор, собеседования, адаптация новых сотрудников<br />- Проведение планёрок и контроль выполнения задач<br />- Организация операционных процессов и повышение точности выполнения KPI<br />- Взаимодействие с владельцем проекта, формирование отчётности и предложений по развитию</p> <p><strong>Условия:</strong><br />- Формат: удалённая работа.<br />- Занятость: 5/2<br />- Оплата: обсуждается индивидуально по результатам интервью (От 100.000₽)<br />- Возможность роста и участия в масштабировании проекта<br /><br /><strong>Мы ожидаем, что вы:</strong><br />• Имеете опыт управления командами в инфобизнесе (обязательно).<br />• Понимаете воронки, продуктовые линейки, автоворонки, прогревы.<br />• Знаете, как выстраивать команду, процессы и систему контроля.<br />• Умеете работать в режиме многозадачности и брать на себя ответственность.</p> <p><strong>С кем будет происходить прямое взаимодействие:</strong></p> <p>-Основатель одного из крупнейших инвест сообществ в РФ и СНГ «Капитал» и закрытого Инвест клуба для людей с крупным капиталом - Личный совет, частный инвестор, Блогер на инвест тематику</p> <p><strong><em>Увидимся на интервью!</em></strong></p> <p> </p>",107,Руководитель проектов
127279940,Инженер отдела цифровых систем передачи данных,"<p><strong>Обязанности:</strong></p> <ul> <li>Мониторинг сетевых элементов сети ПД.</li> <li>Настройка и диагностика сетевого оборудования (коммутаторы, маршрутизаторы, OLT).</li> <li>Взаимодействие со смежными службами и решение текущих аварийных ситуаций (3я линия технической поддержки).</li> </ul> <p><strong>Требования:</strong></p> <ul> <li>Высшее, неоконченное высшее в области связи, автоматизации, системотехники.</li> <li>Иметь базовые знания принципов физического построения сетей, принципов коммутации и маршрутизации трафика.</li> </ul> <p><strong>Условия:</strong></p> <ul> <li>Постоянная работа, работа на территории работодателя.</li> <li>Оформление, отпуск, больничный и прочее по ТК.</li> <li>Корпоративное обучение и тренинги.</li> <li>Возможность профессионального и карьерного роста.</li> </ul>",114,Системный инженер
129060158,Администратор вычислительной сети,"<strong>Обязанности:</strong> <ul> <li> <p>Настройка параметров сетевых устройств и программного обеспечения согласно технологической политике организации</p> </li> <li> <p>Инвентаризация параметров и функциональных схем работы сетевых устройств администрируемой сети</p> </li> <li> <p>Оценка эффективности конфигурации сетевых устройств с точки зрения производительности сети и защиты от несанкционированного доступа<br /></p> </li> </ul> <strong>Требования:</strong> <ul> <li> <p>Среднее профессиональное образование - программы подготовки специалистов среднего звена, программы подготовки квалифицированных рабочих (служащих)</p> </li> <li> <p>Дополнительное профессиональное образование - программы повышения квалификации, программы профессиональной переподготовки в области информационной безопасности инфокоммуникационных систем и/или их составляющих</p> </li> </ul> <strong>Условия:</strong> <ul> <li>работа 5 дней в неделю, выходной суббота, воскресенье</li> </ul>",113,Системный администратор
125426448,Аналитик 1С,"<p> </p> <p><strong>Задачи:</strong></p> <ul> <li>Участие в проектах по внедрению автоматизированных систем на базе 1С;</li> <li>Проведение обследования деятельности Заказчика;</li> <li>Анализ и описание бизнес-процессов «as is» и «to be»;</li> <li>Участие в разработке концептуального и архитектурного дизайна внедряемой системы;</li> <li>Подготовка проектной документации.</li> </ul> <p><strong>Что нам важно:</strong></p> <ul> <li>Опыт участия в крупных проектах (команда от 8 человек) в роли аналитика, методолога или консультанта;</li> <li>Опыт проведения функционального бизнес-анализа;</li> <li>Знание программных продуктов семейства 1С;</li> <li>Наличие сертификатов 1С будет являться преимуществом;</li> <li>Отличные коммуникативные навыки;</li> <li>Умение работать в команде.</li> </ul> <p> </p>",10,Аналитик
125277238,BI-аналитик группы управления контакт-центрами (ведущий специалист),"<p><strong><em>Чем предстоит заниматься:</em></strong></p> <ul> <li> <p>Изучать большие объемы данных для выявления трендов, аномалий и возможностей улучшения эффективности работы аутсорсинговых контакт-центров;</p> </li> <li> <p>Формировать требования к системе сквозной отчётности и аналитики дистанционного клиентского обслуживания;</p> </li> <li> <p>Проводить анализ количественных, качественных и финансовых показателей эффективности функционирования аутсорсинговых контакт-центров, идентификацию узких мест и предлагать решения для улучшения процессов на основе анализа данных;</p> </li> <li> <p>Прогнозировать объёмы нагрузки, анализ и контроль загрузки, шифтинга аутсорсинговых контакт-центров, анализ эффективности системы управления трудовыми ресурсами;</p> </li> <li> <p>Проводить анализ эффективности сервисов автоматизированного обслуживания (текстовые, голосовые боты, прочие сервисы);</p> </li> <li> <p>Структурировать полученную обратную связь от клиентов в каналах обслуживания , формулировать рекомендации по управленческим решениям в рамках бизнес-процессов и продуктов;</p> </li> <li> <p>Разрабатывать и подготавливать периодические отчёты, дашборды, презентационные материалы, позволяющие оценить текущую производительность и определить пути её оптимизации.</p> </li> </ul> <p><strong><em>Наши ожидания от кандидатов:</em></strong></p> <ul> <li>Образование: высшее (техническое);</li> <li>Опыт работы на релевантной позиции от 1 года;</li> <li>Понимание принципов построения современных контакт-центров, бизнес-процессов, тенденций на рынке контакт-центров и роботизированных систем (чат-бот, голосовой ассистент и пр.);</li> <li> <p>Владение инструментами аналитики (бизнес аналитики, электронными таблицами и др.);</p> </li> <li> <p>Английский язык на уровне intermediate;</p> </li> <li> <p>Знание законодательной и нормативно-правовой базы, стандартов обслуживания.</p> </li> </ul> <p><strong><em>Что мы предлагаем:</em></strong></p> <ul> <li>Авиабилеты по специальным тарифам для сотрудников и ближайших родственников;</li> <li>Медицинское обслуживание (собственный медицинский центр);</li> <li>Программа добровольного медицинского страхования (ДМС со стоматологией);</li> <li>Ежегодный оплачиваемый отпуск 42 дня в году;</li> <li>Материальная помощь к отпуску, дополнительные социальные выплаты;</li> <li>Санаторно-курортное лечение (санатории Алтая, Кавказа, Тверской области и др.);</li> <li>Детские путевки и компенсация оплаты детских дошкольных учреждений;</li> <li>Программа скидок от партнёров (отели, рестораны, фитнес, курсы и многое другое);</li> <li>Корпоративная пенсионная программа негосударственного пенсионного обеспечения;</li> <li>Кафетерий льгот.</li> </ul> <ul> </ul> <ul> </ul> <p><strong><em>График работы:</em></strong></p> <ul> <li>5/2 пн-чт с 9:00 до 18:00, пт с 9:00 до 15:30.</li> </ul>",156,"BI-аналитик, аналитик данных"
128621521,Системный администратор,"<strong>Обязанности:</strong> <ul> <li>администрирование Linux серверов</li> <li>настройка и выполнение резервного копирования</li> <li>настройка и контроль выполнение процедур антивирусной защиты</li> <li>установка и обновление прикладного и основного ПО</li> <li>мониторинг доступности серверного оборудования</li> <li>техническая поддержка пользователей</li> </ul> <strong>Требования:</strong> <ul> <li>знание основ работы с Linux</li> <li>знание основ сети</li> <li>знание основ информационной безопасности</li> <li>знание аппаратной составляющей серверного оборудования и систем хранения данных</li> </ul> <strong>Условия:</strong> <ul> <li>официальное трудоустройство и стабильная &quot;белая&quot; зарплата;</li> <li>график работы 5/2, рабочий день с 8:00;</li> <li>работа в офисе компании в Горно-Алтайске;</li> <li>возможности для профессионального роста и обучения.</li> </ul>",113,Системный администратор
129004949,Выездной инженер технической поддержки/системный администратор,"<p>Приглашаем к сотрудничеству специалистов IT (самозанятых), рассматриваем также студентов последних курсов (информатика) на официальную подработку/дополнительный доход в компанию MCORE.<br />На нашей платформе у Вас будет допуск ко всем заявкам по выбранным Вами городам. В каждой заявке будет информация: что надо сделать, в течение какого срока необходимо выполнить заявку, как это сделать (ТЗ) и сколько мы Вам заплатим за выполнение заявки. Если заявка Вам интересна – Вы берёте её в работу.</p> <p>Задачи:</p> <p>ремонт компьютерной техники (опыт обязателен) и кассовой аппаратуры;<br />установка и настройка OC Windows, а также офисных приложений;<br />установка и настройка различного рода ПО;<br />подключение и настройка периферийного оборудования, включая торговое (ККТ, сканеры ШК, принтеры, весовое оборудование);<br />сборка и размещение комплектов оборудования на точках заказчика;<br />работа на высоком техническом уровне с ПК;<br />выполнение в срок поставленных задач.<br />Hard &amp; soft skills, которые будут нам полезны и интересны:</p> <p>опыт работы по настройке и ремонту ПК (желательно уровень системного администратора), а также периферийного оборудования;<br />опыт работы по настройке операционных систем, офисных приложений, прочих программных модулей (бухгалтерские и торговые модули);<br />опыт настройки ПК из готовых образов;<br />опыт работы с системами видеонаблюдения;<br />оперативность, быстрота выполнения задач, ответственный подход к работе, дисциплинированность;<br />действующий статус самозанятого или готовность его оформить​.<br />Предлагаем:</p> <p>Видеообучение по работе с кассами и видеонаблюдению<br />Инструкции ко всей технике + ТЗ.<br />Своя техподдержка (24/7)<br />Сотрудничество с крупной, динамично развивающейся компанией<br />Официальный дополнительный доход/подработка через заключение договора (с самозанятыми)<br />Вы решаете берете заявку или нет, график себе составляете сами<br />Совмещение с основной работой<br />Сдельная оплата</p>",113,Системный администратор
127155412,"Technical Project Manager (офис, СПБ)","<p><strong>Обязанности:</strong></p> <ul> <li> <p>Первичная техоценка реализуемости задач/фич;</p> </li> <li> <p>Фасилитация обсуждений разработчиков, фиксация решений;</p> </li> <li> <p>Декомпозиция проектов на этапы/задачи;</p> </li> <li> <p>Сбор и актуализация оценок сроков, управление рисками и зависимостями;</p> </li> <li> <p>Синхронизация между сервисами/командами, прозрачность статуса;</p> </li> <li> <p>Работа с системным аналитиком над требованиями, участие в приоритизации техбэклога.</p> </li> </ul> <p>Требования:</p> <ul> <li> <p>Опыт координации технических проектов от 3-х лет;</p> </li> <li> <p>Инженерный бэкграунд обязателен;</p> </li> <li> <p>Понимание веб-разработки и API;</p> </li> <li> <p>Навык планирования, декомпозиции, работы с оценками;</p> </li> <li> <p>Сильные коммуникации, фасилитация, системность, ответственность.</p> </li> </ul> <p>Будет плюсом: интеграционные/продуктовые проекты; опыт релизного процесса.</p> <p>Если Вы кандидат из другого города, то просим указать в сопроводительном письме возможные сроки переезда в Санкт-Петербург.</p> <p><strong>Что мы предлагаем:</strong></p> <ul> <li> <p>Конкурентная заработная плата;</p> </li> <li> <p>Продукт, который делаем уже 9 лет и остаемся лидером рынка;</p> </li> <li> <p>Удобное и современное рабочее место в комфортном офисе рядом с метро &quot;Балтийская&quot;с возможностью гибридного графика после года работы;</p> </li> <li> <p>Проактивное руководство, умеющее слушать, слышать и развивать;</p> </li> <li> <p>Возможность внешнего и внутреннего обучения, участие в отраслевых крупных мероприятиях;</p> </li> <li> <p>Дружная команда;</p> </li> <li> <p>Возможность взаимодействовать с застройщиками регионального и федерального уровня</p> </li> </ul>",107,Руководитель проектов
128632077,Разработчик 1C ERP,"<em><strong>Компания &quot;Альтернатива&quot; является одним из крупнейших производителей навесных фасадных систем из алюминия, оцинкованной и нержавеющей стали </strong></em><em><strong>в России.</strong></em><br /><br /><strong>Обязанности</strong> <ul> <li>Разработка и внедрение решений на платформе 1C ERP БУ /УУ/Производство</li> <li>Настройка и адаптация</li> <li>Консультирование сотрудников и обучение работе с системой</li> <li>Анализ бизнес-процессов</li> </ul> <strong>Требования</strong> <ul> <li>Опыт работы с 1C ERP от двух лет</li> <li>Знание платформы 1C и принципов программирования</li> <li>Ответственность и внимательность к деталям</li> </ul> <p><strong>Мы предлагаем</strong></p> <ul> <li>Высокий уровень финансового вознаграждения и понятная система мотивации (фиксированная окладная часть + ежемесячный бонус за выполнение плана)</li> <li>Полностью «белая» заработная плата и трудоустройство согласно ТК РФ</li> <li>Ежегодная индексация заработной платы с учётом рыночной ситуации и индивидуальной результативности работника</li> <li>Премии по результатам работы по итогу года.</li> </ul> <p><strong>Комфорт</strong></p> <ul> <li>Компенсация мобильной связи</li> <li>Корпоративные праздники и детские подарки на Новый Год.</li> </ul>",10,Аналитик
128680038,Специалист по работе с клиентами/Специалист контроля качества,"<p><strong>Основные обязанности:</strong><br />• Обработка входящих обращений (телефон, почта, мессенджер)<br />• Контроль отработки запросов профильными сотрудниками<br />• работа с мини АТС, битрикс, 1с</p> <p><strong>Требования:</strong><br />• Грамотная и четкая речь;<br />• Коммуникабельность;<br />• Обучаемость;<br />• Работа в команде (нацеленность на результат)</p> <p><strong>Условия:</strong><br />• График работы - 5/2 с 9 до 18<br />• Оформление по ТК РФ</p>",84,"Оператор ПК, оператор базы данных"
128011831,Data Scientist (Алгоритмическая торговля),"<strong>Обязанности:</strong> <ul> <li> <p>Анализировать структурированные и неструктурированные данные для построения и тренировки моделей машинного обучения.</p> </li> <li> <p>Выполнять feature engineering: создавать и оптимизировать признаки для моделей, используемых в алгоритмической торговле.</p> </li> <li> <p>Формулировать задачи для трейдинга: разрабатывать гипотезы, определять цели и критерии успеха для торговых стратегий (акции, опционы).</p> </li> <li> <p>Разрабатывать и проводить бэктестинг торговых стратегий на исторических данных, анализировать их эффективность и риски.</p> </li> <li> <p>Разрабатывать стратегии для алгоритмической торговли акциями и опционами.</p> </li> <li> <p>Создавать финансовые дашборды для визуализации данных и поддержки принятия решений.</p> </li> <li> <p>Разрабатывать парсеры, дата-пайплайны, индексы и индикаторы.</p> </li> </ul> <strong>Требования:</strong> <ul> <li> <p>Опыт работы 2+ лет в анализе данных, алгоритмической торговле или смежных областях (подтвержденный успешными проектами)</p> </li> <li> <p>Глубокие знания в: Анализе временных рядов, линейной алгебре, теории вероятностей и статистике. Теории машинного и глубокого обучения (алгоритмы, такие как Random Forest, Gradient Boosting, RNN, Transformers и тд.). Feature engineering: опыт создания и отбора признаков для моделей ML/DL.Теории бэктестинга: понимание методологии, учета транзакционных издержек, скольжения, переобучения и других ограничений.</p> </li> <li> <p>Уверенное владение Python и библиотеками для анализа данных: NumPy, Pandas, Matplotlib, Seaborn, Scikit-learn, Scipy</p> </li> <li> <p>Работа с реляционными базами данных (PostgreSQL, SQLAlchemy).</p> </li> <li> <p>Знание Linux, написание Bash-скриптов, контейнеризация (Docker).</p> </li> <li> <p>Опыт работы с системами контроля версий (Git) и CI/CD<br /><br /><strong>Будет преимуществом:</strong></p> </li> <li> <p>Опыт фронтенд или фуллстек разработки (JavaScript, React, Node.js).</p> </li> <li> <p>Знание PyTorch / Tensorflow, Transformers и других инструментов для глубокого обучения.</p> </li> <li> <p>Практический опыт с LLM и Prompt Engineering (работа с моделями, такими как GPT, LLaMA, или платформами, такими как LangChain, Comfy).</p> </li> <li> <p>Знание облачных платформ (AWS, Azure, GCP) и опыт реализации экономичных решений для развертывания приложений.</p> </li> <li> <p>Навыки количественного анализа, финансового моделирования, распределенных вычислении и дата-инжиниринга.</p> </li> </ul> <p><strong>Мы предлагаем:</strong></p> <ul> <li>Конкурентоспособную заработную плату</li> <li>Свободу в принятии решений и возможность карьерного роста в активно развивающейся международной компании</li> <li>Интересные и разнообразные задачи и проекты, которые позволяют напрямую влиять на бизнес и развитие продуктов</li> <li>Работа в дружелюбной и динамичной команде профессионалов </li> <li>Постоянное обучение, тренинги и возможность посещения профильных конференций </li> <li>Различные бенефиты и уникальные предложения на продукты компаний Freedom  Holding Corp.</li> </ul>",165,Дата-сайентист
