129039824
129043584
128944004
128021606
128984804
128958875
128994807
128564275
129065076
129087216
127072579
124453721
128079676
126653250
128972951
129043400
127033224
129160739
124928342
128956842
129087027
111524252
122196214
128997909
128772935
127604434
127115678
129164907
128077338
126164246
129168099
128620916
129126632
129146247
128254567
128585177
128736726
129133054
129166406
128497188
129038942
128993589
128586594
129035178
128148088
124982553
124711091
128922824
129155410
128977024
128054265
129076721
128624362
128971613
128232712
128248051
128947562
129080775
129161006
128692693
116482882
126620382
128922693
129158459
126429078
128639487
114818639
128604111
128939965
116800559
126967612
126475101
124813837
128164999
129087797
128943993
127141561
128978484
127338912
128921925
128198598
128990912
128994969
128812607
128707571
128922985
128977884
129063344
129147680
122853332
128936571
128965842
127471021
128651829
125976794
123990477
129060672
128435505
128985134
129170623
122098761
129087005
128633674
127576615
128584020
129167795
128713088
128637258
123865310
128991205
129139441
128413157
129043083
129021772
129026280
128191180
124993132
120472615
128616963
127064023
128693446
129087641
129058133
127178390
128951903
119816398
128710566
123797856
125633569
128952982
129039786
126969469
129039751
128631970
128595276
128614172
123581044
128939056
126055766
127207024
127901991
129060158
129083654
128640479
128940293
129036935
128998929
128970117
124917140
129034979
128616600
128002151
129087231
128934548
129166684
129166230
125816323
128971497
128968304
127121755
128772888
124711090
128099946
128621614
128969305
128712740
128941994
129033057
128929083
129162463
129126633
128061517
122371441
129156598
128274965
127967099
129167021
128621432
126055760
127061537
126491830
128944793
128713686
128617404
117716026
129172309
128955352
129140972
129137455
90992130
129156020
128442079
128077653
128683733
128636689
128953889
127152380
128772908
128673711
127182090
129040048
128837929
128385641
128699329
128713220
128698847
127634452
129039778
129152022
128240099
127954371
128712439
129156935
102558771
126820625
128697756
129043212
127075211
128034500
125466715
129006694
128977226
128940763
128698835
129001409
127780983
129132852
128942282
127100917
127950661
127200101
129064766
129040084
128703398
128999260
128700709
128685823
128838183
129038929
128376507
128584883
128945686
129040057
128158926
129039817
127899333
128590301
128667322
128625981
128609687
128658439
128980085
100444705
128683167
129144302
128973525
129087651
128673760
128960835
129071132
128609199
127170115
129126615
129038949
129033302
126665640
128651517
128946531
129069360
129099801
128973848
129043650
120848294
122229766
128772813
119542172
128708179
129007386
129149462
128691158
100444688
129156137
126631592
128620064
128081885
116452936
128618718
128956722
127447516
128625082
128622892
127173249
128761969
129004344
127122070
127620482
122312506
128998298
129152533
128942263
128972217
126836836
128962385
128761964
125310270
120798509
127212802
128772924
128942177
126993451
129087462
129128227
128681934
128761805
128964445
129039746
128954327
129163019
129054278
127308751
128198600
116235082
128711068
126621030
128976387
127178617
128171662
129082387
129060497
128198602
129001685
125501550
128635798
128978556
128949900
128638742
128946624
128951019
127945134
129021648
129138504
117923515
128955309
128925868
128956348
123334761
128989585
127318289
129160560
129087458
128055636
129144784
129135625
128702149
126908419
128977064
128995169
128973511
126081089
128712387
128461010
128761998
128710676
128705849
128928148
129004595
129087464
128665984
128938274
128943973
129068626
128925991
128639478
128927238
128941993
128694254
128629274
129003524
129149867
127054594
128968356
94387370
127149710
129025267
128980826
125674006
128698984
129148728
128697510
128589534
128969675
128772574
123499439
127952901
129038564
128660657
126609356
129026171
125502414
128976744
127196505
128952005
127310415
127297679
129034977
128772846
128772904
129057749
128638234
128456223
127100916
128677146
129144261
128991660
128948866
128988902
125633590
129022894
126163638
128666603
128754510
127015650
129140602
129144606
128932139
100444698
129169817
127885067
129043356
128681921
128585463
127481785
129040058
128951548
128623766
128146973
124748121
128974848
128968339
126190799
129149261
128705805
128159866
127620154
129065733
129153769
127960783
128968290
127696566
127599309
128941677
108337847
128960717
119950748
129139460
128941521
129075555
128629155
127152379
129144553
129171845
127843492
128710404
126475530
129135412
126128705
128148972
129166731
124630932
128238030
128676957
128961290
122229768
129171479
126645275
127995735
126613091
127628639
126907440
128609641
129082455
129060915
128977721
129032110
128331950
107009747
128621605
126407877
128999891
129000101
128953438
128663300
128061247
121741908
122832871
127213099
128620006
128686994
129084808
127603857
126462340
128379960
129038559
129131316
128634201
128947639
128614337
91100703
128772809
123984796
127318692
129136627
129002701
128991878
128614466
127918366
128904178
127889574
129157846
127059170
129007052
129077489
128635198
129168098
121968615
129154922
128935073
128615424
124970871
129035450
128612099
129034972
128957157
128956640
115422173
127958468
128942630
128958419
129075711
129146706
123438021
128961007
126978103
127598970
124555834
129156646
128657967
128162790
128951623
128615005
128954318
127188617
128237962
129126616
117674674
128591271
129147180
128998287
129144586
128614849
128661549
125641308
129068817
129078529
128989535
123401830
129138358
128983030
127000523
129003168
129067342
128937562
128715067
127477365
106031923
127929282
129077119
128584735
129141497
128513343
126410419
129168278
128961770
128948310
128125548
128947427
128671075
129083651
129166408
129116457
128944712
129021413
129021975
128941378
129066688
128087131
128994265
129150689
128954440
129069644
128612282
119968993
128954726
127116190
124311304
128668614
128650735
125500607
125369931
128977858
128990471
129152899
128635489
129171683
129087235
128939476
128953887
120382490
128974425
124451399
129169559
128615172
123666101
128605928
127916374
128967129
129038922
122058242
127923330
128992783
128676717
128623538
129026990
88323399
128657772
128363182
124335393
128953533
125066301
128372565
127994409
128655382
128706395
127364625
129042201
128920414
129039790
128995123
129156755
129028798
128048035
129075778
128710179
129171522
127598968
128938244
123665961
128586144
128983694
125678091
129001416
128639684
128986610
129037471
128475362
129168003
124170576
127120812
129141577
126616673
127141560
127901989
128939658
128772528
128975375
119840653
127774174
129007967
128541119
128871219
128991661
123345942
127092704
128695369
128507286
129032735
127831112
129022487
129082228
128995270
128772847
126805210
129074380
128964430
129161147
129148796
128662801
128975514
128275252
129162197
129163309
129005646
128633637
129014578
128624469
128702930
129000180
128977430
128305005
126058345
129027721
129140731
128151768
128975940
129150339
128617402
127895926
128170446
128634133
128699124
128943278
128924668
128710394
128922561
125256302
129005231
129042001
128705003
128590450
129035002
128854609
128559412
129083650
128619132
129147887
128698205
129078268
124936036
128637156
128922288
128945710
128994345
128251939
129141517
128227398
127711448
128043974
128694904
128969318
125757682
129145324
128662729
128147551
129087004
128997779
128584578
128027109
125496629
129164463
128990952
122231045
129060734
127422137
128140300
128658021
128704161
129061418
124591376
127781469
128089406
128437655
128990957
128673044
128586239
128243831
129081771
129169447
128772910
128685117
128942986
125633588
129035727
125247677
128664071
127376278
129159920
128556185
128657192
126794907
128988901
127803644
123643653
128283334
128436664
129004575
128056297
128971263
128959327
129147704
127536520
127354420
127506082
128974074
128977227
125969335
128919772
128961552
128772693
128597685
128938830
128636694
128995945
128932387
128972810
129034974
128658332
129087832
128713479
129083053
114161753
129030265
129165136
129039325
128172025
123103621
129011489
129000811
129015267
127309777
128795966
128937353
127983654
129148861
128761971
129006610
129001346
128492462
124707853
128260630
127070594
115696401
129038545
128854734
128970604
128781010
128937204
129040977
127116273
128587746
121962525
129147408
129086991
129136462
129135336
128698782
128693457
129040037
129145282
123130866
129143367
128183524
128953303
124339699
129003712
129042591
127455766
128698158
129068636
128687985
129038568
128636217
128627675
128617591
128098222
128951137
129155623
120758063
128979061
126508597
129140024
128612345
128634873
128943275
128519335
128761996
129087012
129072520
129138973
128619915
128200154
128229055
128281460
128689147
128961074
128971135
127351189
128999525
129039537
128981005
126834823
128586737
127186395
124875006
129040453
128940880
128870701
128613926
128064708
129007333
128948231
129030276
129137579
128625330
128439768
128360743
119870307
129080702
129025411
128755507
127052790
129001469
128123633
128968279
128855489
129034995
128172903
129142289
128707722
128711899
122145211
96485453
116444438
128542393
129137236
128838062
128924824
128944768
128944925
126617562
128697171
129033303
128101573
128624632
128959660
128999681
128854312
129158640
129040714
127918954
129087017
128702554
129040034
128986110
127309553
125633580
129141905
129088549
128698828
128865884
128712336
128856930
129032178
128957645
120542493
128935113
129003887
129005259
127101773
128151639
128710565
129034978
92964605
128543946
128617576
129166909
127756622
129000660
127249377
129087456
129159199
129034403
129161785
124481285
127100922
116908116
129160108
127099059
129147296
129150477
129078979
127072035
128938524
128934865
128972207
129087220
124375101
129141443
128663853
119947366
128656829
128954680
128628500
127945490
128617403
129026342
122374063
129002457
128978978
123532622
129072036
128135247
129162301
125626821
128589888
90995032
128922630
129146898
126497126
128653978
128941065
128674041
129022282
128663356
127542460
126058552
128966316
129131971
128975064
128878688
128922814
128611689
122837912
128144042
129140021
128635172
128933730
129087465
129140733
128620652
128990992
129131259
129026689
122160132
128620086
126798134
129169793
129143990
128925281
129135380
129005725
129069652
128248564
129076288
128927910
123435937
129007810
128653489
108648632
129086979
129034617
129058132
127655230
128920699
124377724
128518175
128941024
119946637
128062002
128960267
128618845
129133200
128724260
129135606
128307258
127602513
128954567
127633341
129156337
129038920
128968915
128638251
128924093
128020893
129077118
128932327
127116272
128978591
128012804
128090057
129046414
129027328
126195994
128609339
128687559
128978608
128772837
128663940
129009511
127071642
128640642
129149327
129005775
129137482
129087806
129059807
128639780
128982120
128010677
127728066
128942308
128127178
129028150
128772921
125601249
128706782
128775961
129126606
128742977
128930604
129021194
128655571
128244695
120258137
128706660
128710219
128672458
129038930
129140756
128176001
122832850
129087242
129087003
128944723
128942821
128587718
128631590
124889483
128711494
124182310
126788959
128677284
128975455
129141637
127204952
129125564
128222345
123119570
129004269
128490786
128986626
129003164
128662408
119268198
129164341
127804274
128989583
129039820
126913997
128594583
127960655
123481825
128638244
129166119
128772833
129087211
120427326
128607374
128698948
129071269
128511268
129154806
128968939
127227942
127714770
128989232
125815809
127920092
128605951
129038691
128425005
128589624
128951037
128946265
128593772
125702716
129078322
128096517
128982766
129038465
129087443
127448661
128921105
128700657
129023943
128964135
128992397
129087684
128923078
128772898
127700797
128659803
128943909
128949088
129035011
129087221
129033525
128982947
128952599
129137431
119066525
128638252
128772943
128942142
129007323
127863123
128709271
129165061
128772852
129078752
127710678
128971459
127422134
129069963
129086969
128964718
128638241
128793706
129087687
129002287
129138255
128629450
127129423
128969432
129034996
128772958
129004949
127121555
127898859
128589893
129141535
128686037
129066148
129041392
129150343
128698691
127906356
128113532
128945023
122323342
128774009
128281464
127812286
127914373
123637313
129082368
129038926
128526483
128333514
128686842
128975222
128071167
129023035
128973849
128942706
129168713
128034258
128366253
128937919
128713422
127456467
127255985
126291051
128621056
128958646
128634984
128446031
126082552
128585172
127895922
128058780
129078887
125138696
129007954
127540841
126106484
129038583
128976699
126753283
129044552
129038552
128939427
129005479
128631221
124065864
128622525
128612011
123081698
128708975
128022604
129087233
128993097
128936501
129164983
128976413
128957181
122830040
128731034
128001129
128612287
128658368
128957059
128993707
104840579
124501523
128979385
126555991
126304583
128980894
129081195
128927245
129140737
127109768
128949386
127617775
128947798
129164051
128368731
122186852
128934212
129035984
128709494
128978167
129038946
128935428
128640222
126082549
128813007
127831504
129146155
129155169
128622128
128708677
128714323
129169268
128946298
128711113
129087228
125903550
129038793
126903843
129082221
129167413
122750038
129135985
128574382
128984942
120237352
129024214
129163902
128920391
128153850
127992777
129087013
128973137
127709339
129039800
127490202
122783622
129158948
129172934
128664146
129087419
127536181
128789138
128980996
125876652
128972898
129075945
127415761
129024915
127731940
122921057
128245759
128711029
128683215
128698124
128943636
128969578
129134479
127596745
128946243
128953323
128621797
128964067
128942817
128232718
129140018
129071995
129139044
127480669
129152835
129087818
128997982
128068279
128661354
128658283
128666917
128936621
129087238
128947646
127599882
128962243
127920847
128980081
128926858
127480098
129165242
128128709
128996704
127052290
123333367
124343406
129075904
128947521
127902240
128986615
129049040
128255180
129039788
128951051
128713213
127989446
128938064
128586994
128989444
129039939
127523930
128015089
128602107
126534756
129048052
128238449
128978709
128980079
128975746
129045096
128710437
128469852
127021078
128602596
128970141
125633572
128708536
128948561
128531457
128963601
127750395
127606755
120202769
127102077
129141183
129147254
128614610
128300728
128088133
128984673
129087801
128970406
126055762
128611578
122718353
128997038
129047462
128703383
127815447
128591259
128151540
129058714
128999305
128821795
128704924
123633515
125164603
127709611
129040043
128619307
128644993
129021887
79382684
128146557
129146146
129150086
125894396
128624359
128055099
129165139
129161585
127184908
127991271
128599615
128135281
128691387
129011967
129078999
127636946
128288905
128703134
128980492
129038541
129090097
127821887
128648509
127999885
128286705
129063939
129023255
129162941
128630893
128133625
124339698
129149752
123638863
129163299
129166627
128966075
128297566
129007730
128310116
128999596
128943864
125642686
128950938
128712665
128664356
128640562
125501553
128712207
126161887
128629659
128977497
127490032
129086992
128715237
128980629
128585927
128587043
127544329
125425654
128982981
128925586
129083168
127397947
129165432
128933500
125737465
129030031
129037166
128980082
128629451
129041645
128944412
128638289
125052083
124161517
128595600
128619183
128948834
129164775
129160806
128951121
129001221
129003645
128663909
124496679
128975989
127502328
128944769
128673737
128657885
128996839
128174499
127275055
128674114
129021395
128699963
129040033
128667472
128942174
129061443
129087243
128609946
128584121
128710635
129003471
128993815
127471110
128973407
127542966
128633129
128984421
128711660
128936166
129144562
128699146
129141436
128010830
128940326
128635800
128690709
128079027
126959669
128077706
128268352
128652727
128920798
128959484
128700667
128966310
128957839
128638078
129028460
126450869
129105190
127170371
129165461
124429794
129003496
129167871
129167010
127954296
128772695
129140425
127471461
129022954
129165186
129142262
129078086
128940374
97597671
128694497
129043190
125924262
129036261
128619563
96485451
127248074
128659784
128710242
128938338
126208857
128761987
128657829
128936691
129131528
129161152
128636425
128548510
128981812
128997468
129087226
129131315
123015192
128061576
128972631
128932034
128970126
129038950
127827738
100444701
127845022
127810918
112425302
127091073
128680004
128975387
128183522
122777387
128715903
126560988
129148618
116070371
129142818
126574311
129038941
128974849
129003795
128713804
120964040
128923135
129009187
129172909
129140684
125950897
126074008
126052799
126350714
128511231
129142235
122218044
128955389
129150507
128632784
128439269
126749790
125633575
127873333
127843117
129027408
128608779
129138869
125501961
128056051
128964250
126188886
127148474
125952369
128686633
124485482
128772545
129065529
129087428
124036693
127923372
128978710
124890847
128990606
129168829
125233742
128977519
127615894
128941709
129146341
128662127
125886084
128938906
128671214
128966330
128943382
127574644
127807067
126998960
122948760
129160695
129161423
129164295
128679381
122229752
127113654
111255189
129087423
128710868
128947229
125501509
114121358
126982934
125790959
128952928
129003337
129134833
128623473
129067548
128986612
128997937
129035008
127698987
129170288
128923177
128997498
127333367
127116271
129137565
129087416
129140880
129144142
129163732
128956516
128974297
128136133
129162050
128691389
128973271
128948403
125712400
128703377
129038923
128962531
128957159
129157813
128020790
129084538
128471154
128941832
128708018
128981089
125977705
128953961
128003113
128616992
125429669
127107067
129161016
128617010
129170106
128947233
129032446
126994499
129030063
122229754
127962947
128615234
115723550
129141794
128145186
128975650
129163045
128977732
129039825
128711807
128945614
129039782
129080211
129135376
129087418
125701770
129083918
128712703
129143265
121652893
129003668
128980700
128865886
129068354
128285466
128955889
129027497
119857354
123211111
129062662
129087227
128706164
128712975
127092703
128975294
116175557
128710832
127634095
119034641
129039502
128377978
129026204
128925504
127112311
125611260
126966001
126983838
129136305
128337305
128972563
128659260
129032791
128512803
129038220
128949013
128948379
128971405
129169670
129005254
127914111
128695653
127929295
126052952
123435936
125638440
127332568
127115364
129142456
129141022
129164904
128674557
128584579
128659516
127214274
126288979
128951387
128975179
127262112
124539069
128980867
128944891
126154448
129146130
129034793
129135605
128854310
127441460
128699302
127030099
128772822
128988339
120478012
129142859
129020845
128681391
128677037
128266052
117472855
128589954
129084046
128980429
129067543
128940816
128991009
128952463
128992583
128222198
125389272
128301942
125396231
117954919
128641261
128957683
128119733
129037677
129168547
123523396
128920008
128693857
128963666
128440019
128964223
129038932
128297698
128981845
128586294
128609869
129055924
128925267
128974693
128705372
128660223
129036054
129105649
129088543
127803064
129087002
128627427
128808805
128975994
129047544
128148387
128786825
128682870
129015570
126913973
129087000
122778021
128926058
129169808
128971670
129156111
126464962
126871161
128365813
128705368
128980351
128951437
127299768
128613217
127151508
116372545
129172636
128997371
128795432
128673064
129135587
129032286
129146214
128942187
128998921
128372708
128900267
128956519
128966245
128772795
128698154
129145141
128619112
129146747
128772831
128790227
129037538
129143015
128583585
129154733
124691413
127532846
129038715
111255186
128457187
128629773
128571638
129134458
123397050
129165391
128631393
129148986
128680534
128939074
128772798
128055278
128610405
127223711
129079416
128633828
126701229
128976034
127927385
108349604
121544003
129038445
122295484
129168096
125500467
128663583
128922823
127280539
129157136
129043648
128673720
128961014
118590754
127621142
129166056
126726573
124686669
127040150
128307205
128994334
129140462
128925499
128660956
128639460
127714649
128994604
129072758
129162699
128659873
127116191
128638659
129008174
127484672
128457189
128920384
126399371
129039299
128016603
128596048
128486010
128934117
115421651
129039504
127480161
128132563
127808346
128776396
128595574
129027130
128930474
129072035
128679768
128972739
128625086
128627591
128703720
128971233
128679726
128772824
128667100
128636639
120124888
129087831
125879575
128536915
128632720
129040849
124580725
96485473
128605784
126551295
129143535
128699205
129038629
127605056
129137202
129164230
128783465
128661328
127732533
129040213
128989091
127491194
128826066
129131928
128987605
127649580
129163296
120057161
128627711
128941421
128462993
126887761
129029067
128079547
127728642
128973149
93448057
128969462
125616260
129063369
126369254
125710068
127113651
129166490
123520346
92952450
128697101
129021538
128956366
129080835
128956337
128429943
128027597
128637954
128695012
123389266
129043592
128942310
129160091
128235301
128156747
128680664
129126626
128701214
110755197
128621888
129034998
128943737
128083127
128637137
129087656
129065570
129134973
126923698
128943561
128942646
127322634
129038961
118563669
129154701
124054145
129084509
128570225
105103108
129047221
129158665
128984672
128657739
124235982
126366689
125371407
128681126
128067405
129126624
128748866
129157555
128995118
129155779
128609042
129087826
126122351
128948563
129021214
116575537
128619069
128594104
128617256
128616840
128688695
128997899
128020964
129038534
118523358
128980084
128953061
128701990
128955287
128668292
128086209
128961224
128994531
129034986
129077120
129135463
127986361
128950928
129148089
128059235
128180046
128920654
127212545
129080239
119062197
128148092
129162664
128614536
128715315
128605047
127987800
128982668
129003977
128093511
127358331
129008952
129039896
127169575
129040047
127571394
128623725
128684753
124889044
126736257
128698387
128772560
127086687
126909292
128974325
128656847
128650951
128036405
128994115
107946862
125839781
129041570
128677015
128694390
129152604
128538842
128435421
129075769
128898295
125888869
128632095
128551113
128822316
129163337
128953882
127505646
127662649
129058009
128085006
129133207
128956220
129078490
123113457
128587220
129162782
129006083
129087417
129165117
128633676
128972748
128667996
120539795
129135678
129001327
128088608
127630317
128742541
128772960
128933318
128994338
128674508
128061324
129034997
129001644
128955909
128622543
128772677
129151453
121412601
127109771
128790575
122229743
129087648
124707903
128378678
127087179
129081234
128981617
128963328
128618637
128662345
129044045
128988102
128965000
129159536
117546349
129069160
128083100
128611686
129137424
128957553
126884227
127070614
129041224
128948849
127697757
129151432
128674543
128957079
128607366
129022183
127415251
128018752
128587282
128926701
128975992
127532276
129038925
129000056
128772839
129033275
128633123
126669177
128677288
129038919
129070049
129039789
128675937
127199067
117214377
129086985
128584223
129076825
129084947
128662317
128931208
126397451
127526416
128924880
128708206
128927159
128165048
128951783
128436359
128239516
128084834
126581766
116749948
128629150
127020089
128363446
129081269
128970866
128463583
126771128
129022662
129035393
129072039
128533518
129149166
129160921
129033305
128144541
125826510
128956525
128195942
127838951
128058408
117721955
128639688
126832200
128155369
128602973
126822166
128996220
127620664
129073646
128802456
127774328
127541498
129087115
128950926
128945288
129138847
128615292
129135481
128706409
128772961
129165796
128932294
128711287
108120671
124299920
128608175
125469194
128692840
128676558
129102045
129059596
129167218
128132155
126919490
101073213
129066047
124314499
129155616
128612314
129043002
126623459
125846235
128946260
129169270
129004948
122297291
129030268
128658852
129169267
127996245
127164617
128743184
124696235
129039942
129027109
128637484
127214933
129169272
129007534
127526414
129087813
128193671
128708890
127588333
128715969
129040483
124543204
128969389
129038558
129170431
128262617
129036318
128761022
128772535
128682192
127619260
129152672
129138911
128669985
128680062
128708180
128945916
126964630
129027920
129161467
128680288
128699268
128998364
129085157
129131758
128875597
128793360
129158299
127216778
128961574
125633571
127127732
128590020
127630458
128994975
122568881
129171963
128659298
129044575
129169569
126065534
127052582
128477987
128619637
127041121
128621958
129138547
128922358
128632847
128095820
129160794
107496513
127214936
129085063
129040895
128265681
128610241
128945438
127778410
129086990
126103173
129006034
128982817
128708790
128951402
128924617
128635136
129087461
125945746
128980806
126263915
128936714
129038324
129169501
128141931
122086417
128932329
129149649
129140974
127012528
129087432
127655767
126002821
129040061
128376405
129142976
127947541
128615599
128772855
122229748
128948302
128045530
96485462
127215139
128987613
129082873
128700958
128986071
119329763
127109772
128014370
128940783
129133664
129034653
129168103
128619469
128968034
128993269
128701265
129041486
126395941
128689788
128708555
129164666
128982184
128945056
129147755
129147900
128710147
128160881
128630640
127313909
127606905
128144858
129047635
128937682
128939023
128772808
128676056
128932513
128709536
129001890
115911191
128943792
128989153
129039429
128615316
128746942
129085050
124303200
126369251
129165873
129073670
125938833
128953878
117534728
128714776
125580050
124926401
128660487
129040039
128772807
127298939
128933933
129039826
128616710
128967431
128614324
128667388
128071573
119526281
128955229
127475425
129158925
128654534
129143202
129135977
129021192
127853900
128836859
127665864
128942889
129032440
129150820
117722217
128010861
126097646
119164718
128704139
129140738
128974488
129131210
128977526
126642507
128329660
128606054
128977981
128706532
128981925
129146054
129137701
129041845
121665592
121791814
129063640
129161022
128614338
128238990
129166231
128457191
128772842
129037623
129132991
128934204
125754537
128120491
128034276
128028459
124071754
128979167
128970373
129063023
116347302
129087681
122984333
127113441
128127949
129067749
129047798
128585502
128979976
128266339
129038666
128952614
128147173
128772563
129084782
124602507
128676734
129038625
128772913
128696783
129072034
129001621
124756520
126826601
128770906
128671023
123628119
128975202
128374211
127373866
128052049
129087811
128962803
128707953
125633573
128673782
124555833
126028014
129000246
128604114
128761997
129005028
128083072
128761975
128996695
128971228
127978770
128879082
127928685
128677028
128381501
129061530
128933837
129109567
127801361
129047118
129038939
129035330
128682656
128943277
128149318
128711490
128998291
128696554
128970119
129128478
128691374
111255187
128914645
129039600
125633570
129081929
129004427
129073164
128659237
129156589
124948966
129040079
129070047
128130161
129147388
128629401
128535560
124691471
129061761
127774766
129161640
126018299
128711301
129087439
107916955
121148330
128715256
129148231
127154884
129031642
127070613
128616721
128945322
129067664
129008057
128485797
128772932
128715423
128772928
129064828
129061674
129140060
129168674
129144497
128623379
128960150
128960348
128973378
129026547
128772957
125426038
129141802
129087215
129166823
129007747
128772710
129140947
129018831
129139033
128950837
128947717
129070925
127173113
128610946
128613016
129087212
128621881
127609468
128038461
128968969
127116210
127422139
129087022
128062497
129100048
128984113
128097740
129087015
129168188
122523301
127108866
128565334
127313616
128632355
127591002
128922807
122811262
128957852
126386780
128772802
128998492
129009362
128711112
96485467
129145627
127993127
128143212
127358152
118991023
128700398
128979642
129006740
128181657
128084193
119921205
128146169
128713885
122530956
129078834
128606317
128945303
126966467
124982561
128685124
126976545
128956335
128614220
128985297
127278039
129004116
128607520
128685315
128689480
129034461
129153913
129087424
127977222
128243445
128972129
128995899
129040050
129024031
129083986
127946546
128859891
127770588
129038538
128972643
129134847
129004812
127911947
127978898
128976674
121712132
128698558
129168921
128680679
128971668
129077839
127753755
128704072
128772825
128061485
128607822
128159747
128941239
127031861
127991008
129150190
128587228
126812450
128313158
128137067
127043850
128607088
128666440
126606032
128703416
128963619
129075528
129131270
129038535
129145422
124555828
125696126
128893046
128706770
127690551
128018680
127177950
129080402
128989078
121432752
128603354
123444916
128668773
128710652
128926140
129163203
128932713
129087239
128704899
129152880
128971076
128935836
115421650
128975991
128622771
128942016
126649370
129141381
128021089
128967248
96485468
127541428
129157525
128992065
128982142
129108545
128935267
119501052
127892974
129087426
128937929
128982773
129126625
125725436
127922370
128992556
127239626
128679342
128704294
128635643
115911203
128073862
129131931
128606063
129151430
126483403
129041250
125633579
129159948
128148897
129136635
128026625
129156509
128622745
128953322
128948611
128041688
129143629
129151897
128797099
128855116
129071433
128655640
128975067
129168642
129146394
127796932
128129397
129090569
126157936
129151805
128623989
127629414
128663608
127210255
128607713
128670122
128942341
127037219
127104851
127936191
128010882
91986196
128016788
129084938
128678475
128047883
128994118
125895215
126100843
128934587
128921364
129008132
128994986
127599910
129058101
125633597
128943236
128937356
128961146
125633582
125880070
129080624
128134633
129033396
125848904
127901399
128614883
127488534
118568092
129023503
128993748
128951143
129108362
128981914
120566468
128013898
129005415
128154583
128748502
129149776
128772875
126899677
127146036
128791756
128659972
124007025
128942730
125050994
128191828
128971230
128058733
128631837
129163934
125502415
128772926
129028332
128261616
129155800
129039785
128969570
128749716
128705260
127794003
129038960
128619346
129075527
128246389
129142442
129068782
127644129
128256072
127975487
129163439
128696933
128013143
128920382
129150055
129006631
128988708
125633578
128669202
128943611
128974476
128968990
127516870
129145292
129074371
128181656
128610242
129143709
128475415
126483162
128714663
129067151
118845172
128073693
128946045
128616576
129159844
128423329
128702848
129138356
127649612
124555831
128631108
128949514
128978159
128592796
129172582
128942672
128939680
128564969
128683181
127639311
129038979
128981061
96485465
129165885
127565550
128010079
128995913
128922215
129084249
128337303
123815928
129041045
128944721
128950288
128972922
128618601
127525902
129172898
129151896
122973509
128961475
128649555
125270255
128634174
127471941
129039446
128919085
129167930
129143181
129156647
115911189
125260098
128097016
129006043
129055302
129042861
128668065
128442822
126279363
129157377
128978460
128457188
128695032
128952396
128970685
128961637
129163734
128703325
128954798
128841047
128325074
128611350
127403841
125593022
128999760
129037723
128421226
128664361
129167274
129071618
125633581
127543430
128921306
128920114
129039404
128603395
128610059
129038955
128962048
128772575
129003926
128963278
128995914
128703036
128232713
126207084
129162837
125062800
128095531
128682500
129132297
128681507
129168743
128992068
128988391
128946627
128961430
125648126
128995542
129039940
128065266
129131930
128954408
127998786
125633561
129086974
128992179
129150586
128701647
129135725
128538947
128974015
127922339
128995565
128616189
129034993
126341115
128679646
124975447
116466643
128109598
121719040
128089049
128526534
128624280
126836501
128972573
128591984
129007606
128773117
128702831
129135668
126969999
129153586
128036102
129140519
126177292
128536645
128924092
127620745
127070617
128638242
129166232
128948569
128703859
129135515
128940661
128950933
128931011
128076727
127056133
129040976
128961761
128015145
129163259
129162421
126628698
128730636
128929099
128608934
128705342
126817716
128973346
128715272
126872069
129147246
129166374
126854443
127596941
129147583
124837961
128703140
127397554
129165450
128674897
129086983
128605936
129013953
128967526
128729026
121989306
127050408
128639090
128715601
129163839
128192757
129021196
126022495
129169724
128941660
124982554
129161663
128930951
128945289
128990991
128664357
128982384
125663486
128655338
129042241
129144467
123708082
128658507
128613785
126567889
122002934
112483136
127693464
113322618
126732355
128630652
128688322
114978240
129141356
128252146
129159571
128926388
128921009
128077981
126101102
129136598
128991117
129043676
128686480
128772668
128988556
129149263
128378004
128937813
129080344
128769399
128636723
128696261
128970580
123915787
129023133
128952302
126351087
128975999
128518173
129002944
129028023
128075982
129059794
128021056
129159504
128947401
128822893
128945026
128936809
126563312
128707136
129026198
111413422
128072106
128956515
127708130
128761982
127713885
128957179
128709149
128772844
127489315
100444703
128630993
128975791
128530033
128676471
128980083
128635042
120158627
129154223
129035010
124785084
119645486
126528020
129022095
128816490
129083030
128709522
119870365
129044657
128587622
129087792
127438652
128710017
129160219
129163344
128658039
128945842
125230939
128955815
127987254
128950764
128930211
128969817
126600931
129037522
128921805
128968738
128761980
129040051
129065639
128651937
125648128
129156946
128756066
128119861
125973333
128144856
128671057
125501950
129034658
127560251
126612920
128949689
129083020
129038017
129161915
129075735
128956674
126771036
128925512
127297292
129143679
128972423
127422132
129163359
128945828
128705042
125916621
129168396
127864718
129087016
128926350
129034994
128535009
125948929
128927783
129157382
125851374
129075744
129020238
129138025
107590620
127630671
129006420
128584023
127802281
129136431
129167201
127200450
128145968
129083779
129087225
128634624
128970144
129041619
128944797
128945757
128951305
129141686
129026834
126517984
129169592
129159489
128772682
128072773
128086325
129161468
129087214
128630832
128937354
127351149
128651764
129157381
126491833
128701700
129086981
129026960
128623051
127599883
115496430
129084029
128629700
128951392
128697587
127925241
128669789
128695219
129006559
129081772
129083556
127052131
128635921
128998840
129041672
129166716
128680368
129038562
129039562
129008004
128976080
127079325
125164697
128999583
129043670
128929344
126114073
128617238
127395230
128923306
129034859
128148087
126070028
127574682
125062111
129043027
129137518
127621377
128772881
128621481
128183719
128070546
128595578
128999690
129140170
128679801
128603707
128560309
128772964
128560287
128593597
126744461
128947188
127479946
129169518
129167792
129027712
126790023
129160867
128673069
129087434
127479504
128651083
128093362
128016495
124872408
127941900
129144083
128937945
128698709
128944420
128148940
127640019
129007890
128666086
128967584
128982997
128693008
128983917
128922413
129038624
128951549
128657009
128687538
129164640
128921082
129018120
128991470
129164882
129058967
126782972
129087259
120503923
129043781
128194341
128943482
94676507
128952019
126768580
128875528
128710512
128147187
128628370
129135972
128921969
128978173
126963489
129007523
128973306
128999158
129135544
129064065
127641819
129166753
128949373
124555816
129085747
128772959
129132821
127491834
129150314
128586276
128711238
128714351
128958252
127901585
129161632
128969876
127793726
127895923
128971330
128629309
128680132
128158944
125614877
123104527
128010831
129066136
129087448
128658921
128001310
128952072
128611356
128957971
129002037
128937171
126527144
129034982
129159128
128659625
128249330
129045881
128745098
128700204
128624360
129154622
128997895
128761970
127492319
129055565
128680296
128955897
129155306
128956518
123750078
120870200
128937134
129082929
128613948
128635343
128772689
123631148
128522626
128607185
128675361
129107158
128614455
128997388
128095222
128995369
129164071
129134907
128621921
128681423
128707568
128715117
128062336
128712076
128677864
128706978
128998040
129037095
128703311
129136265
127155625
128702231
129142027
129043483
129126609
128956611
128970481
128946359
127398489
128865883
126569516
127172954
129036927
123466835
128973502
128273514
127121479
129037415
119919519
129138290
128743203
128630009
128983187
128708770
127895927
128980191
129028753
124916888
127607501
129146514
127794056
128757259
128660449
128978076
129067241
127920549
129141622
124919210
128956146
129133479
128084349
128607491
129026422
128989584
128650048
127171890
128271732
128529069
127779241
128772815
128942785
128319517
129009016
125460682
129055915
129021934
127866352
128772816
127162212
129163438
128931010
127549317
128676186
128090924
129042596
129078272
128300463
129135565
129004637
128532092
128073477
128154552
127820634
128428678
122112514
126199179
128950985
92952217
128925587
128715251
129001668
127605995
128926558
129042528
127113656
125665839
128629158
129146587
129042487
129080163
125427585
128136740
128064775
127723852
128606264
128386335
129104672
129137865
129061046
128665653
128949502
128584577
129086101
128835519
129150211
128955250
128152769
129014771
124217690
128930722
128475575
127628467
129150978
128611941
128942755
129033358
128084002
128944909
125830991
129074211
129172718
129152516
129004944
129162139
129034983
125796009
128003711
128535827
128645318
129039065
129035018
124767947
128702203
128956638
128053638
129080259
127912628
129164328
128954816
127570104
127700409
128746448
125667160
128679793
128925948
127077420
126777933
128304568
129151603
128325379
129143886
125439373
125894872
128198603
129038111
129087244
129037515
128036613
126896641
129004946
128641790
128694503
128440885
129141115
128958349
127923371
124272194
128960048
127618346
128591336
128936498
129007556
129028123
128762075
128720831
129005912
128128821
128948355
126814920
129159995
128586759
127606685
129032111
127100921
129032878
128425140
129007244
127654904
127141795
128949506
129040021
129037938
115911207
129047461
129143166
129040035
128059233
128976414
128698781
100389151
120879228
127868518
128952029
128743460
129159312
128697390
129087812
128181658
128804697
129137779
128974037
128763197
129087647
128664804
128950013
128938133
128638579
128948325
128654535
128947848
128966963
129001878
129151816
129073671
128604743
128972670
129031992
129138391
128621288
128693379
129164024
129043189
128701866
129044363
129043448
129168830
128959592
128932368
129172307
128954830
125083049
128702228
128328481
127164611
126750990
128472283
129164558
128583832
128673313
127470052
128926253
128949372
129154548
128272500
129003310
128682473
128980943
125436763
128987612
128629120
128637868
128952686
128265931
129044243
129080590
128711073
129131388
127551705
127598969
128974159
129148938
128079592
126420123
128709949
127604499
124648752
129137204
128706918
128439270
129155962
127610148
128639795
129162742
127922516
128704087
129144514
125672622
123989796
129158238
107144700
129016788
128988485
96485461
128257693
128654917
122718565
129087808
129146302
128935060
127204614
128680515
128693824
122356073
127100510
127195445
129058462
129150096
123336889
129037180
122541668
128977528
128940408
128952836
124630375
128977014
126966287
128971539
129033871
121390776
127115679
129134166
125616261
129018985
128928181
127864441
129087653
129087454
129136217
126816879
129155103
129022958
128951525
128696964
128673984
128993346
128963637
128638250
125427623
128776553
129168100
127976719
129149871
128949505
128939180
128624361
128963303
128979955
127100519
128714916
129146310
129087666
127167614
125968333
129022135
128968970
128637680
128984035
129087809
128391879
128480278
129116618
129087652
128654751
129032158
128008046
126775140
129038566
127113653
128097996
128521303
129162611
128706317
128713410
128974587
129127869
128854405
128646102
128936179
129073607
129142855
128538394
128142195
126555719
128682452
128930337
123653780
129040421
129087222
128920918
128978667
129087678
125620637
129162520
126206942
128615015
128676451
129167901
127969877
127472189
128972231
114855992
126224832
129143901
128664268
128736446
129141913
129142854
128772541
129140742
124027921
128956029
129038414
129087254
128943824
128614007
128959931
129086973
129126622
127993616
125328366
129061882
129016862
128077379
128925248
129073641
128977154
129167791
128081887
128082549
128296756
127710026
129022794
128939306
129139490
123479382
129144471
129163668
128676026
128862178
129161151
128631778
128958133
128952155
128955888
128980775
129167793
128978021
129161135
128712344
129017716
129159113
129160773
129044055
128967493
128686578
128774246
129032907
129162161
128515225
129173250
129141665
126445264
128707485
129019119
129004539
129165880
128949795
129034298
129136130
126848884
128993858
128348447
128969294
129029356
128960954
127084649
129144958
128959311
129087795
128670719
129040045
125619449
127983803
128938710
128140752
126055761
125616769
129149850
128772544
128944334
129027441
128553139
129171684
128674312
123107266
126633086
128945772
127994588
129032798
128402967
129065381
128966283
128956672
129171472
128646158
127541526
129040417
128915222
128772732
129039176
129026155
129031255
124611659
128178098
128687227
129072033
129000131
125174751
128971538
129144372
126984669
129037974
129031066
128086388
128625179
128589689
127988055
128293058
128772820
129087009
129156538
125225831
128672469
129039815
129006749
129150694
125160320
125073652
129140491
128868578
128774765
129000102
129086984
128676228
127137058
129039414
129087654
128923372
128668307
128991776
128999498
128941745
129151784
128144859
128640710
127532162
128457186
129035005
127753199
129141082
128368382
127595708
127211444
127966501
128373847
128667436
129032434
117687075
127359443
128040272
128772719
126150583
129027087
126316495
127603003
128923505
127979484
128932380
128706210
128308892
127173985
128684989
128471996
121846245
129043378
129040877
116576421
128996393
128940741
128708238
128975761
128585173
129146129
128973489
128944892
127876999
128090538
129025104
129067152
127164602
104888453
129039797
127549337
129116696
129080862
128921627
129154751
128996210
127228964
129002780
128991843
129033479
127201988
128778350
128619566
128968887
128704995
127226697
128977365
129151626
128772872
129058120
126785220
129087427
129022236
129038047
129157518
127544406
126375944
127000534
129131926
126075881
128574886
128714667
128708181
129144979
92151542
129157795
128863996
128005491
120158631
129087804
129007926
127987660
128140751
129087258
126846154
128929057
129042524
129040962
128702526
128924536
129038555
129020938
129161052
128612987
129133228
129087440
128739238
127634556
129029473
127052130
129072037
127990564
127113658
128948978
128978965
128010239
129023899
128783283
128960948
128240273
129140033
128635408
129168183
129040046
128095688
129165581
128982210
128683264
92964494
129030266
126204092
129067121
129083874
129139299
123912797
129135140
128701670
125247854
128700225
129042740
127100461
127147579
128632991
128674161
129039776
121381265
127564137
128659818
129167863
128761962
128714053
128954920
129162273
125488721
128606305
129133557
129136776
129065849
126412717
129044118
129149006
126534292
129164464
127601706
129146021
128607186
128620818
128686010
128039338
128943544
129142394
128635027
128972425
128062220
129124356
128102781
129147609
126979855
128683280
128227384
123901283
127592969
127011765
129087425
129140732
121452598
128947967
128058430
128094095
120381734
128600624
128938416
128147289
128941857
126953886
128709429
129039736
127541495
127929368
129144193
128585180
119093675
127977046
128947560
128617807
128938728
128018515
128089117
128415268
129042057
128991624
129149115
128277396
129147855
128678071
129170046
125518739
128677718
127795176
127108694
129150130
128969821
128945151
129156374
128968578
128296604
128124827
128970116
128679716
128971775
127961702
128586655
128631573
122141044
129163440
128955469
126727263
121015635
128711726
128920195
128942249
129147285
129040055
127576648
128115855
126089544
128924654
126663309
129001762
117985386
128772552
128520720
129022930
124555837
128968414
128671958
129136556
128951763
128941532
128967623
128548191
128117094
128919967
129141759
127477950
128384311
129136614
128875034
128956336
128991789
128969381
124186030
129038567
119696875
129156247
128242237
129087793
127090400
126582856
126744502
128414067
127318691
129142902
128966830
128651959
128710393
128652083
129058334
128621518
128099416
128061263
126833905
129165121
128772546
128669165
126604027
128712228
129038649
129071278
128772806
128904179
128659131
128439493
129087837
128963658
128895343
128928647
129164043
127656182
126055767
128941848
129087657
128944001
128692972
127180501
128565922
129087442
129003342
129014768
129001433
120271018
127626564
128927196
128943393
128677490
128964434
129087817
128082470
128939202
128978833
128235462
127977991
128689199
128997541
128712270
129087658
128712364
128951451
126907551
129092105
127118168
128379066
129035020
128937895
129147412
126880242
128950750
129034976
127514312
96485447
118570565
128678575
128712924
128711438
124202336
128275100
127941352
128257349
128680536
129166778
125633583
129027211
129144271
129172892
129151346
126082550
129001514
129034248
115911202
115911184
127635603
128902118
129140734
128865885
128973524
128933939
128973325
126699868
127621946
128520401
128772725
120477968
128619930
128600146
124414406
128944633
129163254
129147056
129153668
125500605
127136923
129039853
127194358
128961520
129003546
128278359
128615390
129038958
126055765
127983442
128175357
129087234
128703668
129086772
129087662
128011237
124885955
127410185
128947389
129163752
129158791
128945600
127470378
120373439
128636568
127557157
128962384
129165342
129132793
128772890
128382473
128631667
125318192
128993873
128662880
129087247
125634029
127054229
129126608
129144809
128988350
128940101
127346795
128957368
122834428
128147688
128677943
129106832
126779012
129000517
128923239
127100923
127446040
128963263
127000975
129014769
129039796
129139142
127052289
129170663
118845173
128941884
127914207
129158715
127491017
129144950
129010744
126223917
129035352
128708615
129041012
128958341
128993054
129149213
125466742
128946291
119949747
128941528
127330806
128996936
128947697
128633104
128944434
129060634
128474406
128772952
128993047
127372979
127938617
128772934
128623560
129008141
104886191
115693420
129172001
127224108
128607093
128416346
127140624
129083129
128795343
128700212
128276872
128632638
128953046
124742813
129024607
129039808
128772927
128663562
129040044
128627770
128611406
128645595
127469562
129141806
129154140
128462805
127475825
129147645
129087217
129153674
126315868
129038544
129060300
129164065
128981292
129126619
121967482
128989443
129028078
125502061
126915800
128616281
128082048
129170244
128951361
80675242
127060459
129134371
128659222
128747679
129139654
128999287
128520377
128945603
129028404
128667236
120915417
126583454
128965349
129004243
128054008
128702762
128626245
128820879
127564074
128762002
128676206
129153799
126661187
119062196
121641872
128177509
129040054
122540901
128942342
128589517
129135133
128675776
118460619
128976058
129036302
124421931
128294872
129148079
128977133
128641415
129040766
128696186
129165109
128232862
128999248
126804903
127608871
128772885
128973898
128895855
129145580
129057178
128772805
128927167
127585889
115422171
128663770
121384701
129169265
128934754
128710538
128784940
128951450
129001098
128659219
126016413
128982742
129038947
128710159
128997954
128624570
128915877
129038951
126997057
108281822
126746907
128945287
126842308
128198604
128761976
128559414
127792066
128715319
128611357
122373519
129004947
129074820
128936343
128980411
129144058
128681543
128977585
127116189
128615340
115421652
128712771
128661076
106568911
129060451
120382236
128706261
128863126
129024579
122428469
125721524
128538098
127820545
127117297
129087672
128033622
126353749
125977730
128637759
128663272
128772956
125696130
129027902
129081001
129087253
125885051
96485457
129147211
129071094
128962519
128696401
126953254
129136133
128588505
129011993
128713985
128626269
129161573
128701630
125851173
128982772
128936882
129087445
127699640
128967487
129035001
129131446
128922209
129023378
129167474
125674492
128708572
129078846
125585904
129012353
128638829
128983158
128968686
127844772
128689440
129171700
125765568
129171247
128936245
128975965
128621934
129161149
129172611
129145703
125275374
129131925
129033649
128584566
127839630
128672434
128928897
129087236
126534030
128953025
128996189
129163982
128619537
128629814
128004864
129030267
126445050
129038184
127491687
128947679
128457190
128757249
127130813
128625178
128598165
121964383
127189545
129158216
129131389
122217954
129113748
125199899
127913446
129008959
127033084
129058106
128657941
129013685
128116746
129162387
127078972
126550344
128614335
126600882
127120159
128974846
126536480
127794781
124777596
128694098
126082551
126460732
129165601
129139461
128660990
128059234
129162702
129063088
122749971
128772901
122792763
128709767
128698857
128661697
129014134
127763095
66596623
125273604
128780507
127471468
128995513
129142650
129145181
128862383
129007562
128971573
128772936
128570968
96485456
127163065
123622864
128980773
128830562
126642649
128078098
128969141
129035707
124853169
128630281
100444695
129025879
128030234
129087676
129034989
123351508
128624872
111255183
129036979
129085064
124602592
127409431
128941739
127416172
125727798
128652359
128227393
129144618
128628166
129040060
128407957
128294171
127632538
129034866
128669134
128669844
128993175
128506967
128948584
128661238
128701490
122625450
128707774
128770433
127771835
128315881
122160167
128714021
129034115
128700766
127774333
128758481
129150535
128700554
128607578
128057160
129087814
128979456
129015911
128641152
126824955
129168520
92959069
128925138
127070610
129004267
128621744
127760989
127134562
129150924
128983217
129148947
129168101
129155874
128151782
128660513
129040126
129169785
123650993
128998374
126285034
127104239
128685783
128987524
129086994
127101715
128749326
129163995
129081783
128237923
121928108
129076025
129082740
125842262
129086982
128927414
129087420
128608699
124630023
128584474
128991084
128629473
127178042
128940072
128979347
129107769
128991888
128941879
129066593
129026852
128662765
129024742
128706623
129084950
128153117
129154441
129005517
128960466
129158464
129150444
129008979
128871781
128773216
129126620
129060475
128607193
129023229
124754780
128960244
129139312
128691877
129134298
128772955
128941670
118969912
128586025
127069836
127599802
128934703
129156543
128923493
128382836
127571459
129156413
129036461
128955243
128442159
129086989
128877082
128934029
129141338
128945272
122520430
128619780
129163789
128612322
129007611
129029442
128696130
128959638
129034867
129057513
128695239
128935465
128992066
129038948
124177403
122454127
121548103
128987165
129083171
128171285
127895928
127168950
128634628
128679632
129005928
129040806
128076921
128642768
125383524
125208166
127115876
129147554
128145572
128679281
129086352
127946279
129086971
129147888
128926861
128636567
128980088
128685936
127314247
128969333
129007705
129159921
128708417
122616829
123610318
128677512
128268872
125318245
129087665
129166124
129159459
128941120
129072895
128996123
128162386
128772869
128979556
128696906
126887760
111255185
127453812
126913589
128586714
127320756
129004722
127788783
128150633
126917793
128070535
129004945
129037100
129042484
129002275
125846768
129038945
127484596
126825379
129038718
128940526
128026529
128911659
125586077
125850943
128673713
128951612
128966929
129087670
129076090
128969388
129165320
128695800
127051525
128939805
129034985
128615296
128914815
128605937
128996336
128969256
126791529
129000092
128658997
129086998
128772874
128086898
129002798
128993172
129069687
128162760
127539895
126532785
128985564
128668908
128710303
129173053
128707562
128257754
128631571
128995780
128439646
129148511
128570423
128940528
128762663
129015217
128611494
128782239
128905977
129157171
128589896
127698862
128947008
128677313
127836367
129087223
128117578
123436284
129039791
128995743
128436376
128658121
127179477
127599311
129038536
119276957
128977369
129030271
129153825
129059174
125890403
128707110
128947954
128140753
127986640
129157127
123604004
128569975
128661634
128679442
127018592
129167830
128282688
129022926
127333599
129138983
129032853
128670999
129003703
128931932
128681338
126902348
128600647
128972277
128707574
128978197
129173249
129144602
129155481
128706549
129001687
111570490
128604949
129071660
128956333
128956026
128079859
129076014
128994728
129109396
128154729
128698849
129144693
122014957
128272552
126723681
129163719
128614171
128960242
129138532
128921468
128715894
128715326
128937715
128708575
128930867
128629252
128596718
129135090
128943960
129026965
124869068
129025864
119786710
129163033
129150215
128617887
128946034
128921788
128568611
128777201
129168209
128921070
128708670
129021697
121832908
127280538
129170215
125123298
128954315
128661212
129084083
129040056
128972567
128637595
128638389
128621286
128699784
128995106
129021622
125517803
129023149
128936638
128954820
128772801
127358334
128711710
127489429
128047675
128975796
129166844
128707279
128961162
129081268
129163063
128036693
119088096
129038931
129087438
128585175
120038531
128661758
128947615
128297805
129134236
128706780
129141075
128610947
128034425
124820985
129072535
128967202
129001387
129040159
129142377
128615004
128712531
129004295
128946977
128633775
128952472
128097164
129109390
127130516
124230564
128610064
127053319
128739239
121989682
129031403
127838152
128772698
128934898
128924550
92602878
128955091
128971004
129004648
129043043
129136837
128664217
128974807
128981111
125661986
127304999
129007840
129169737
129168773
127729445
129141459
129087453
127492782
128951026
129135296
129027138
129066127
128919528
121682272
129001264
128988588
129076463
129039436
128599034
128942014
128921408
128667656
129064061
128450136
128259239
128546695
127549245
128633296
129087646
129147204
128680668
124799640
129001822
118844745
128960994
124513587
128735602
127958482
128704736
128932717
126283141
127971562
128772896
127918403
128270883
129165326
128671760
128706993
128946006
127026741
129071836
128261768
128709008
128658597
128608930
129087821
128935568
128961402
126813759
128664374
100444683
129059316
128668287
129006533
129002930
128359907
129087820
129022995
128772551
128194658
128668901
128974579
127927301
124332948
126533996
125915976
125633595
128697753
129033241
128585426
128609211
129035665
122229753
122229744
120634450
128710614
128923382
129040170
129038936
129138380
129066632
125277238
128560388
128611062
128704383
129164832
128684486
128653487
127499832
128853018
128937608
129140017
129039750
128960869
126560240
128464801
129141914
128955395
128665438
127091074
128986247
126263964
129138466
129149181
128706785
129102923
128679269
127330777
127820288
128700807
128621475
128942525
129004630
127122067
128704153
129003908
125922306
129134677
128298380
128953679
128977553
127895925
129088099
127436312
128631333
93219057
128979397
128632903
127720958
127582738
128937145
125455057
127204664
129038989
128634619
128627828
89269363
123484219
128708640
128657757
125603338
127543497
127325287
128011176
126038484
129083789
128712546
126003846
126844568
129085777
128079869
129165974
129039819
128629799
129034648
128639483
128982084
127299117
129148948
128680791
128373580
128926592
123687168
128467793
126317767
129001200
126470374
129018081
129172499
127606796
126005660
128625688
126538547
128676432
128575598
129040052
129039780
128705575
128821314
127408695
129084508
127189357
128589135
129144208
129022281
129156597
128928145
126508943
128992701
128674162
128704561
129018384
125501551
128046880
129026266
127280537
129166035
129057169
128972424
128585581
128734487
129003506
128708788
127327183
127635017
128715303
127539768
129022586
128661839
128991896
128995180
128100613
128966726
128584470
128621194
128945317
128945105
128989262
121118507
128147022
129006238
128701863
129151883
115518680
129087802
127821475
129138990
128682964
125837838
128708477
129033319
129087260
128977111
128710564
127537045
129142421
128713292
128714786
128830421
125279187
128705323
129005403
126100775
123225701
128622280
124753501
128940213
125975873
129022850
126616676
127151571
127137705
127453445
129045226
129087459
129169615
129064791
125721335
128969806
128706931
127112226
118285327
128944298
128945001
128973538
100444697
127543306
129135209
128772834
129027699
128662477
129126618
128772569
129005023
128978907
128705706
128612662
128982181
128982409
129065647
129038547
129087650
129035659
126824486
127461642
129042617
127223161
129036557
121451391
129131692
128635806
129163379
128980077
129132205
129004349
128659138
129148103
128430295
128978436
121266598
128783407
129161238
128071161
128948475
129137001
129149875
129005304
128623842
129147311
128279500
128700712
128986378
129038540
128638013
126643751
128384122
128650666
127100918
128301901
128994409
128584292
129088988
129142911
127206287
129063641
128638590
129087823
129158059
125633594
128945237
128637147
127448105
128703537
126075542
128854311
126617446
128628777
127469378
129041036
129026971
129138041
129150638
129073878
129000081
128677878
129087437
128605950
126617174
127178017
122577997
128634722
128927793
129021790
128680596
129046496
127226072
128098804
128059698
129136894
121268709
123639704
128687219
128703845
129000680
127319235
128945980
125839163
128131300
129002311
126103519
122788220
127583999
128772953
129005797
127901560
115946895
127921370
128612562
129086986
128146624
128668757
127887035
128948714
128948034
129038957
129035289
128032201
128948649
127986767
129087010
128955844
129141957
129083328
128711663
123640035
129074379
129036928
128006980
128625115
129154481
128585179
129004605
129039138
128973012
128961751
128962194
129072501
121606660
128980301
129035004
129038571
125832004
128969204
129034971
129106656
128651173
128979660
127148726
128510679
128678627
128936921
126506801
129010069
127706014
129001880
129132331
129005924
125725578
117748850
128677599
129002106
129022680
128772557
127649460
128981771
128924944
121791817
128337304
124059162
128947986
129133722
128661992
129034216
125638223
128954731
127559821
128982616
129126617
129007451
128959310
128926053
129044266
129087833
128671645
125247824
128962792
129004835
128134606
129144648
128851089
129165419
128608409
128628445
128639748
128676443
128976799
128467983
128976786
128633122
128998400
128609558
128994329
129152320
128982537
128956639
129066805
129133766
128144927
129165628
127916242
128999688
126907552
128877084
124216682
128695019
129157823
129136429
124605206
122037941
129039027
128158047
128935492
128980728
128977744
126467897
128996702
129007068
125851455
127925881
128979721
125501549
128937364
125917979
128166076
128624497
129136144
127793053
127148524
128611515
122160190
129083022
123718062
128996187
127441022
128940710
128634741
128948201
128969173
128171368
129038332
128621013
128636455
129040785
129147342
128969818
128252188
128534570
128069041
128258713
129000333
129146378
129027725
128676457
129167272
129150688
128607643
128716160
129163298
128590435
128683071
128772796
126743751
128952865
129013850
129144236
127838021
128633233
128772680
128971650
129003825
127241208
129129228
128975024
127829639
128675741
129037662
129161124
127205010
128981473
129026615
128639978
129147420
129154637
129135627
100444706
128966974
123060443
127166716
128658965
128382476
129016787
128682138
129147035
128013379
129061492
128091854
128964535
126228293
128858311
122279211
128671257
122549287
127062013
129135279
127143181
129017652
129164350
127561784
129172488
128254738
129007088
128951061
129087822
127620013
127157507
128610222
128944898
128673086
128700952
127908410
129081753
129023329
128676937
129087433
128979730
128628435
128699306
128956673
124233169
128625438
129007728
125962998
128772533
122425856
129022291
128925778
126992936
129138922
129033142
96485444
129165293
129160998
125881763
128926049
128630594
126790024
128165459
128945620
128625169
128183626
128673017
128658727
129039494
127332309
129067712
129139504
128620761
127112309
129036726
128092404
126188776
126744688
128657880
128988083
129026391
128446230
128032508
126845837
128983125
128944244
128238799
128816121
128652074
128936698
129172644
129168880
129031792
129002517
128228139
129034919
127280951
126965999
125893634
127033115
128152491
128978895
128980800
129030270
129154473
122423105
128825020
128631639
129133976
128607736
129143768
128730226
118619143
128772715
129144718
128743210
127829794
126857088
129147161
128589601
128996079
127498807
129039415
128635733
128511109
128681657
128948888
129035346
129081818
128236424
122523156
122520284
96485471
129005427
129011026
128673701
114811554
129038921
127314248
129166621
128994648
127974338
110116142
129087805
128638243
129087664
128483927
127599310
128966744
129147383
128610666
129081733
125523448
128706762
129136509
128989695
123653994
128598224
128929619
127204429
128608282
128761990
127206475
128669765
128442846
128941531
128922151
128983860
129086975
128938834
128991283
126771406
127565949
79254564
128985214
129168749
128590866
128772894
128561085
125341342
128745943
129006236
127110380
129007352
129034520
128638329
127361346
128586918
128982928
128337121
129003032
128096545
128941291
128950310
129161026
124555825
129148052
127204639
128427482
128944893
129153823
128279481
128711454
128997047
128705288
128976700
129033947
127070616
128948869
125427700
128538100
129084492
128708904
129039784
129037915
128626207
129157080
127958704
121637946
126882727
115872948
128677515
128694817
129072003
120815953
128086217
128708203
129038627
128922317
128956671
129017191
128610248
128691390
127131385
128583812
129147886
128664838
127998043
128957762
128942283
128294440
129023226
128999856
127481366
127801775
128712695
129162459
128585504
128715734
127526902
129036666
129086987
127895921
128617464
129036335
128964931
128995241
129172896
128691626
127898853
129147578
129164764
129140475
128942373
129141331
128944908
128092328
129158303
128627773
128421054
129015727
127598077
128928086
128191280
129027892
128249444
128942360
128018113
126652481
128137208
126850773
129027151
128922426
128994765
128949275
128709479
127834090
129038914
128234522
128957087
129024301
128585178
128678165
127090315
128179883
128665009
128954462
121970520
129024184
128942212
128655319
128970495
129157899
128704557
129147099
129067145
129038569
127966533
129068826
126811106
128615297
127585816
129021200
129169783
128985127
127092700
129022887
128669625
128671183
128929148
124555832
127113655
129000924
127422131
128993812
128975984
129005307
128271571
127255933
128925199
126813127
129057865
128955337
128962033
129041780
127422138
128941309
128968726
128016325
128658924
128937460
129003862
128638605
125661130
128612288
128620209
129025443
128992434
128702152
125885649
124170500
128992064
127529121
128994279
127615236
121767155
129038533
129143684
129116617
128955737
125272243
127941220
127510738
128047157
128945909
129001545
128699425
129011770
128956199
128672471
129160522
128641544
126910589
129067165
127875271
128677016
128945830
125616262
129140489
129040765
129155739
129087230
128772922
128920496
128936058
129141967
129154831
128950072
128634701
128969679
129139561
129168297
127990806
129035958
128616253
128922981
122986445
129003523
128950597
127606698
128933235
128961058
127567273
128927044
128678438
128600978
127599611
128066099
118962483
88304059
129168948
129021399
128687537
129086999
129028002
128915336
128922298
125977717
128630458
128170520
124946117
128715443
128710395
128290161
92183909
127607221
125969494
129007046
129146750
128947771
128639012
129078101
128679143
129165151
128067868
129062115
119093755
129039822
129164344
128336164
128635114
127183630
128948612
127111600
128981385
128268412
128665934
128706539
128608384
129035016
128830779
128227389
128637660
128664670
128682103
129161620
128713060
128635801
128613593
127826764
128938908
128945525
119913233
129081751
128676295
128630827
129132668
118252201
127354303
129035013
129031864
129154958
129000934
128949932
128851243
128936650
128975742
128772553
127141820
129139042
128955322
128946300
129087435
128584755
129161470
129000326
122638261
129038934
128020944
128977765
128078281
125633574
128991860
128951289
128688891
126590472
129170583
128976584
128977771
129162383
129157531
128860844
127070611
128467524
128671176
128697924
124735214
128967971
128308793
128639681
128937262
128333717
129035019
124604625
129136567
129134942
128525087
128977224
128658088
129043258
129143220
129021837
125907935
128381357
128035352
128136895
128697548
123187553
128710236
128100342
128922323
128960846
129137009
128772850
128624600
127017963
129153336
111065323
129153679
128937843
129038938
127589054
129087460
128705986
129034973
127405612
128638604
129087839
129156863
129002978
129149207
127330822
125120874
127415091
128955257
129002560
128704535
128946430
122514778
128054288
129030210
129153824
129145325
128666745
128624457
128134087
128670501
128998726
129126611
128772562
128946599
128042307
129039810
128607462
128626968
124453138
128982647
129041714
129147885
128970375
128834965
128637855
128705303
123654150
128695961
129156136
110051838
128725701
128955288
129164138
128651284
126572746
128999840
129168282
128714855
128931146
128772843
128772555
129136634
128140903
127999263
129043995
129081000
128703631
124370625
125341576
128959701
128980300
128972822
128836710
126100518
128969548
129035015
129084332
128941750
128421110
122229760
107235783
129149805
128772803
128086494
127523928
128958876
128601825
128007586
128940981
129133963
128662156
128984286
128982477
128971966
129137595
123447772
128772911
128661213
127109767
129025972
124771738
128933258
129038526
128058945
128702946
127270648
128585403
128138035
128983214
128668528
124623473
128387900
122875521
127829833
128772539
128761986
128685904
126616793
129085062
128644160
128943143
127178844
129038529
128952818
129004047
129170059
129040842
128995795
129036721
126835630
128963292
128082207
129047120
129162838
128950632
128938259
128705027
129115828
129001870
127717690
128750184
129139671
128076828
124555824
128611886
100444699
128161366
128662445
128623267
127892120
129087645
128695063
127618406
126913914
128611358
126809051
129086264
129001517
128943430
127116274
127185563
127632167
128272516
128934317
128613308
129000518
126882424
129061748
128012732
128978887
128075984
129004997
129032469
96485472
128581152
124721525
128586663
128662415
125449408
129164894
125381165
129047624
129087819
129032138
128685955
129146424
128661480
129138146
128949061
128707487
128986381
129040346
126649371
128995019
122945425
128744723
128148091
128993499
108054023
128132076
127997164
129146474
128944299
127109770
128772724
124414373
128622295
128640399
128715136
127946482
127161479
128967019
129059199
129163297
129032305
128091348
128304417
128159748
129023363
128772812
128534158
128669592
128707686
128715955
129166309
128089051
128141206
128000639
128950602
129001906
128294428
129126630
129004101
128793631
128674070
129156760
129002203
128635054
128761989
128937519
119584192
128506109
127614270
128961729
128294911
128960706
129083197
126267769
96485466
128059569
128965341
128064583
129163243
127550864
129159493
127710465
121402142
129169685
128672244
128953483
128678652
127864451
127950330
127141821
129023349
128601412
128638247
127061063
128758191
128608055
128939161
128627195
128970414
129144808
96485455
129140022
128942505
126970744
127946058
129032774
128955394
129034017
128437860
127621392
128154689
128809211
129038935
129164957
129142056
129062212
129087667
128947365
128461346
127602561
128972943
129132843
129034167
128637880
128617013
127975522
126835082
129158096
128950478
127865214
128932908
128836150
128685011
128978208
127707471
129151574
128829651
129161809
128934481
125256110
129172894
128524501
128934843
128955079
128680056
129158716
129087815
126645464
128702629
128628540
128680499
128667785
128143042
129148049
129168604
129165388
129034839
129072878
128772892
128628642
128989159
128933086
128011831
126590473
128772868
129087828
127705083
128144862
124077913
127130306
128985299
128414083
128379734
128626749
128976734
128976136
128639689
126265385
127928173
129003940
128956108
128617481
126617272
129039805
128624376
129136753
127485950
128629449
128953024
128978470
128702302
128977685
128772853
126896695
129006696
129136597
128990010
129138440
129039297
128920862
129134449
128997876
128603488
128680568
128928937
128262819
129023118
128772880
129038891
128434311
128935491
128941732
127635608
129022140
128997066
128922475
128807768
128635392
128991055
128155871
129066181
129142106
128964055
125838558
129075594
128982966
126504850
128982383
128434986
129158704
129086977
129035648
128998489
128095832
128691396
128099913
128949467
129169760
129136582
128956339
129032131
128715737
129145089
128714768
128634452
88203640
127993731
128560216
129002826
129003831
128680507
128630411
123140536
128988585
127821411
128996955
123132397
128683530
129143966
128227107
128174567
128660925
128663227
129085333
129043299
128928928
128983870
127929409
128080735
129159405
128960677
124452176
126119305
124462179
129027938
129166407
128702096
129162106
126913875
128615000
129008063
127597573
128954568
129164597
128615003
128125905
128700009
128171324
126983096
128672473
126770205
126923084
128085923
129149750
127540704
128676797
127204756
128946822
128959619
128992853
125277920
129087455
115915367
127499179
128660903
129000595
128471951
126966000
128764474
128945599
128990924
128701557
128042090
128250679
128705625
128997959
129004971
128080807
128935762
128711206
125537875
128993276
129102225
129080999
129086404
128962977
129140129
129040053
128653429
124807899
129150305
128976791
128935906
127949590
128713833
127945384
129159927
128584502
128306408
129167794
128930865
129145682
128955756
128993519
119581656
129136145
127703346
128989536
129034299
129157177
128201638
127422130
128699791
129140730
127115677
128636768
129004697
127491777
128587454
128652055
128633453
128291050
127871223
128772568
127974242
128328381
128971776
129032313
129002753
128586450
128700829
128941752
128484877
128079463
129170061
128925525
128652166
120237351
129141234
128198601
127172671
128051880
128715492
125644179
128987323
128160094
129167303
128961644
129153675
125247675
125633567
129161689
126087599
128974077
124201330
118570599
129021193
119071215
127481276
128638246
129152222
128982805
128631103
128960781
129026591
126507303
128670040
128057597
129135486
128962918
129086687
128996495
128689610
127313547
129039568
129159657
123438135
128634614
128662143
127498214
126497211
129153366
128715522
128139092
129043651
128967281
123450217
128363825
126707982
128232719
128639051
128985824
118560806
129149262
129006319
123738494
128692555
128584476
128934772
129140059
129045598
127952595
128619205
127121637
128708234
128691678
128993941
129002902
129007622
129087224
128964009
126196690
127212226
128380128
128607607
128702830
126671784
129087006
128615300
129071236
128144855
124494237
128516923
124124968
117997535
127458646
129038553
128772861
128128017
123265176
126470617
128772836
127579505
128145936
126606215
128972663
129033889
128319896
129039816
129087794
128983403
124247423
123815425
129087449
121941932
129029136
126616678
128613030
129004834
128682203
128065053
128125411
128974835
128587845
128707651
96485452
129136620
129035007
127581120
129005505
127949268
123416150
128559413
127993099
129147098
128606900
129164685
129038413
128967512
127358330
128685650
124433310
129142042
129163275
128997962
127470773
128639020
128670872
128956358
127768064
125633568
124648750
128964550
127919561
127961144
129075939
128096519
128956044
129138021
129134266
129156931
128981333
129007648
126750328
128984528
128746727
128960971
128943574
126644071
129146478
129136535
126961328
129000706
128616981
128589791
127999155
129001020
128085940
128965737
129145090
129165585
129073649
128631696
117674675
128680676
128982058
127404979
128320706
118857014
103656345
128088927
128959808
129081174
120219193
128772527
100444687
128922326
128690378
128994538
129167265
129140675
129036428
129158908
128922565
129165518
128946573
128971703
128959726
127157506
127532781
128652034
122011336
129021786
129159413
128198597
128706757
128628286
129083649
129134260
108779322
128018736
128898599
128063068
129021979
129087668
129162575
129163314
128772906
125425670
128590960
128680531
128087300
129172004
129037578
129079152
120565668
129141745
128605941
128470023
128953877
96485454
129075375
129038548
129144748
126584289
128657736
103909487
125885943
127271029
129032534
121117059
128994779
128922467
128624130
129003732
128984814
129065657
129154723
128994628
129026984
129147565
128934184
129090083
108349558
129067562
122448714
128587423
128959074
128709524
128091674
127476370
128997898
129003294
129147638
126388796
128715343
128666872
126885135
129169417
128993305
127543056
127141880
129087232
128620333
129161148
129057282
128635403
128667654
128162471
128931869
127941949
129022935
125190060
128980504
128080801
129146329
129065284
126113329
128975409
128639878
128938648
127575074
113880112
128701124
128677522
128959652
127753351
128705884
128757069
129072038
128974717
126616677
126836832
128438118
128982621
128974380
127763163
128772863
128586325
128659370
129141526
129078779
128998629
125925807
128652117
129032186
126966839
127481369
129144242
128953535
128658462
128691134
129007831
128156477
125532079
125502416
127830107
127027692
125500600
127048364
122229757
123121834
129033399
127507781
124860840
125448377
128948688
128995001
128629180
128324573
128685826
129038221
128688588
128614888
128941655
125145422
127195444
129040438
129137568
129082834
128945089
124630182
128667680
127132090
127570189
127313821
128446876
126863740
128938208
127086173
126914329
128686859
128288487
129105084
128044330
128256342
126470284
128715518
128961714
89039160
127098035
129137574
129172008
125674439
125624406
128706533
128516542
128681481
125831864
128951053
127933009
127480576
124529861
129014964
129153980
124997503
128969998
125633585
129110396
128966203
129170365
129024734
129168083
129126612
129153676
129039814
128597607
128969569
128615243
129160120
128004611
129166042
127893604
128999081
129035368
129028426
128960358
129004863
128682511
128056288
129162968
129082041
129038572
128688717
128997897
118047398
128678574
128959458
128194480
128969617
126607547
128656395
128836858
128926357
128622424
127948527
127512581
129039821
128658717
129172702
127600881
129132035
126542009
128536036
129168102
124771812
127537108
127100330
128761963
128615502
128173990
129038546
128941124
129148177
128657969
128670528
128697630
129027525
128607459
128988873
128623545
128999201
129087649
128710288
126984166
128660266
128679088
129165321
126764187
129136438
128710855
129165223
129087642
128973520
128691352
115911197
128998144
128625208
126232923
128958871
129161558
129164947
128672183
128956544
128706727
128658794
128672107
128986603
128960301
128971095
128679802
128613062
129039827
126879104
129138335
128990574
129039798
127470585
129085485
116509854
129168693
128967502
128941342
127448484
127339510
128672519
120731295
128696986
129023138
124220128
129166265
129137182
128296647
128988603
125616949
127715749
121402141
128671532
126750106
128951528
129024211
129038917
128985039
129087229
129083661
127558939
129022082
122384323
127958215
128633968
129036891
129164757
129168575
128990360
127994606
128614637
128972215
129110236
128075983
128714901
128977423
129087840
96485458
127128100
128957048
129144530
128731179
127280535
125490520
129060831
129161819
129039720
122231035
128698408
128614317
128533761
129039899
128926153
127178923
128980253
129170060
128936815
129169791
125633278
128587457
128631925
127011845
128144857
119098924
129140735
129140229
128370924
125929194
128772799
128662639
125901570
127603385
129158139
128610561
128632758
128308653
129163206
128606077
129077167
125882137
127839347
128657820
129139045
127045876
128915104
129133894
128320934
124993935
128656812
128856189
127200684
129134159
125886258
128704637
129140027
129159433
128663873
128980078
128999442
128672474
129092014
127247811
129004748
122051694
129164205
129073142
126857283
128772547
128961424
128677498
128772529
128604637
129084068
129028044
128922804
127621365
128608221
129147171
128968663
129026701
129039813
128691375
128921084
128750204
129163103
128488053
128501183
127241669
128971574
125585709
128671871
128935889
128696895
129061979
128060330
128670702
126554240
127489691
105285346
126793726
128714399
128954681
128992297
129027266
129073673
128995696
129134267
128530887
90348727
126969795
129087450
128934253
125932820
128980075
128658916
128809052
128138060
129154682
129022413
127704253
129020111
128710901
128694678
129061765
128302301
128572904
128140750
127560086
128694863
128952240
128172164
125565386
127608024
125458809
124780864
128772930
129070825
125731327
128983461
129163248
128587633
129004906
128967835
100444684
125880521
129038912
128988022
127422129
128997085
126967533
127206822
129087661
128928105
116525254
129158116
128962994
129027761
129026964
128975181
128950021
129038523
129162655
128668541
128154686
126601221
114811529
129037712
126966739
128253085
127762606
128915428
128998057
128958428
128623317
129004943
129140879
129039793
128670982
127152740
128047513
128612340
128816818
128679698
128596227
128945024
128612782
128084510
126025154
128491868
128083056
128705209
128998312
125885039
128943068
128990817
128590964
129170034
128975060
129153603
128778674
129041994
128701720
129058950
128630305
129137126
129086978
128934216
129139150
128711053
128591334
127761322
128587092
120825086
128539176
129085237
126742070
104377154
127656173
97787444
127357252
128973902
128829947
128971589
128986382
129001810
128969072
128477885
126907361
124106446
128974542
128979714
129034601
127173818
128951554
128587364
129132555
128715433
129039811
129164210
129166656
127891849
128986228
96485460
128587289
128952469
128634617
129036822
128099048
128952544
126534053
128979725
125774660
129023201
127157546
127500595
126776058
128669600
128973569
129031599
129169747
128640384
127996594
129039804
129157745
125914892
128586692
128970153
117579440
128609318
128609878
128708178
128921419
128954642
129132021
129154649
111255184
129163724
128772877
128931873
129000881
125831734
128966722
128667023
127280952
128670741
128942181
129167790
124976141
128634143
129147636
129002884
129081393
126913980
128663530
129087836
128647360
125487891
128936107
127100919
128624363
128091071
128702245
128623685
128877069
121842160
129152612
128940348
127620809
125935156
129083810
128633239
128972216
129155580
128707021
128583334
128956338
129032118
128657547
128686218
128839374
129036648
129024746
128677025
128956039
126614319
128969357
129167305
128084335
110051743
126065522
128943274
128702667
129081754
128940928
120640477
127119164
127791058
128786810
128968924
128703097
128993714
128863130
128093340
127192946
128977304
128954589
129068591
128681163
129159781
128953266
129150464
129039818
128142780
127306627
127927406
129143226
128160601
122218136
128955821
129164887
128936810
129026627
129087682
127953343
129087447
128929382
126964238
129134475
129055917
126508680
128925921
127099219
125300281
129020703
127479674
129036219
129165195
129035319
128995440
128976926
128972197
128616978
129086988
127204733
128937759
129035009
128985028
129028289
128951377
128195249
121665742
128706717
128652028
128942328
129004032
128130934
128675502
128991482
128714846
129162839
129167443
128713914
128620105
129038913
128962903
128950915
129074688
128986844
128968322
127645352
128971278
129085381
128989504
129172684
128305692
129025629
128912050
128676841
128937415
128945832
129075784
129031028
128761983
129030361
129038959
129000683
128974683
129135472
127229843
128966945
128980256
127958825
120036102
128627670
128920671
128947629
129108182
127597333
126039462
127422141
128701776
126108353
124555829
128975223
100444700
128982306
123176011
128710417
128967942
129134369
124707783
129169792
127492364
129006966
129086996
129057301
129164117
128710922
127828878
128920843
94387392
129058937
122218097
128943000
128959878
129060845
128929529
128998034
128583807
128745064
128617694
129161140
129147595
119731671
128715196
128639976
129140019
127409772
96485446
125185145
128980739
129068306
129087240
129021665
129039792
128700747
129136718
128972865
128252952
123624578
128615295
122919317
123397043
129165268
129170175
128940897
128635808
129137947
128956980
128676252
128938126
129155965
128919455
127592420
128921976
129035000
128006426
129064724
128617472
127476118
123639035
128972658
123435938
128585835
128956179
127453140
126023524
100444710
127924854
50582565
128632654
128986835
127837068
128622348
128610609
129137838
127570251
128639144
128714943
126451080
128922573
129039552
128982342
129027052
128692442
129148877
128975767
129087655
129166004
128984454
129168431
126649369
128037563
128630369
128766427
129087457
128472360
129073004
128988893
124676842
121226224
128610945
127918499
129085590
127098691
129109145
128510551
129141817
129039803
128955034
128769401
128519154
129165580
129154811
129157489
128978741
128425823
117104666
127347958
128991617
127559818
126572800
128880804
128817268
127204417
128621653
128149299
124190794
124448229
129086997
128646043
129133406
128926050
129161188
128700708
129147397
128658019
128920003
129135524
129071411
128979021
127710733
122591269
129010736
128140755
128227383
128193680
127775839
122417101
128041107
128659789
128372949
128951405
128663892
129087452
125092410
129131929
129038915
127155412
127889585
128988107
127091894
128667765
128698783
128072377
128635038
127045486
127892044
126092170
128935619
128772946
126491845
128685006
129007612
129059610
128772883
128633455
127236346
128995325
127481635
124938363
127947080
128980073
128613511
129168277
128756477
128335841
128966510
128957973
124435829
109439364
128126015
128957461
128421235
127903895
128938941
128937169
128761958
128623730
120091259
128957153
128943269
127988835
128546023
128140690
128772882
128938228
129024737
129067982
128232714
128388102
128772823
129137995
129087463
129048560
120529579
128634226
129006857
129135502
128976365
129140001
128332310
128951443
129043265
129024203
129147358
128772699
129089671
129038543
128585176
129038631
128174681
129158975
129079415
115911183
128692819
129038554
129158006
129169570
129150385
126406554
129162206
128957404
128672496
129041223
129063274
127838441
125633584
122217515
128616790
128131171
128772941
128680639
128953401
129034975
128671600
129087679
129167841
107191885
129034987
126567588
128015973
128387852
127203405
129169140
128969549
129140739
128995455
129039281
129087008
128942279
129147543
128624107
127588331
129008069
128998156
128059253
129126631
128978283
129168245
124223309
127116912
128694366
129139085
127945024
128932094
127084739
128956675
128968907
127986917
128232716
100444711
128682961
127264891
126917827
127984152
127333356
129040041
128929178
128671310
129075246
128661214
129087798
128935434
128810245
129070639
128971686
128677863
127837977
128626208
127023022
128386794
129059607
125973332
129135145
128942280
127942231
128761960
128591199
125581026
128761993
127917679
128956071
128632077
125904466
128360588
128926712
128072693
128975758
128623315
128325129
128979809
128685888
128697766
128625679
129035926
128657786
129032559
129169698
129088723
128964026
129028520
128834755
128920349
128956345
125846427
128680387
127859003
125748173
128967130
128998281
128035816
128678065
128969201
129159283
128487856
129076227
129032678
129063890
129066103
128948500
129001879
129087796
129138950
128617553
127837633
128247594
128538099
128942015
128692715
129000801
129153979
127633087
128472406
129065804
125831681
128927244
128974468
129002338
128956138
128997255
128104261
128665935
128612674
129046462
128935442
127477266
128699974
128996539
128596106
125485599
128920326
129167958
128587159
128944591
121923749
129040038
126924726
126887762
128925680
127063733
127830069
128679958
129140435
129080786
129026113
92151485
128704841
128762001
129074507
128702699
128399041
128941683
128696808
128854313
129149215
129003686
128981999
128618981
129036101
127178084
128667245
125128997
128538492
127637414
128999805
129038953
128079378
127988390
129150182
129139670
128262245
129132794
125892155
128440256
128640554
129002931
129143780
129133635
129087643
128616797
128635110
128956763
128981321
129167009
129150012
123843849
119093796
128608961
127358072
128408433
128641418
128973523
92952539
129147010
128627715
128950913
128978256
128951600
128713689
127699468
128548209
128985497
129064120
113415081
129035971
104057608
127422140
129147549
127070612
125934980
128709083
129039779
128119200
128772857
128772819
128626289
129087639
129172022
128383462
127609389
124170582
129038530
129137826
128645059
128670728
128956936
129074846
127296316
129168534
125502133
128950019
129060357
122623145
129139384
128976648
129163441
128970118
128953484
128021316
128781054
127007670
129029944
121792997
129159922
125260120
129153681
128672156
128946067
128942281
124373138
126496271
128615301
128772703
128971710
128183547
128636407
128772942
128102484
128948309
129156850
129039799
128952122
129074674
120722667
128624069
128969000
129087241
129087468
125345568
128951157
129144836
106956526
122745514
126988165
128934860
128836151
129126628
126397469
128676796
127980543
126634825
124713127
129009980
128586135
127928795
128061782
124602479
128714060
129144683
129033948
126566247
128620580
128662081
129033568
129162159
128944060
128952763
127978370
128772673
128201622
129133008
128622903
121696566
123638962
123808489
129147126
127190448
128695165
128608789
127141716
128956670
129172221
129133015
129139733
128937993
128660239
128695630
128965761
128998323
126875864
129031772
128940553
128669385
128674617
129036363
129169912
119372763
119585539
128749731
128697208
126833058
122471254
129007301
128973340
129007500
129023388
129084059
128606834
126894303
120539081
128046427
129061724
128481420
128709446
128856465
129043774
128973074
127710764
127654982
128222219
128919543
129002736
128629840
129084927
128315129
128980370
129087007
128973467
124728205
129040032
129145394
129166496
128941724
128711538
122229763
128609667
128624197
129032496
128921246
128947280
129087825
125671852
128657012
124443238
125474915
128659930
128481417
128623581
125480477
127622777
124026883
128995509
128615583
129041403
129039184
126401442
125266299
128957036
128922861
127961213
129087838
128492689
128162782
129168035
129038054
129029576
124990862
127522261
129035559
127797066
129166776
127102513
128973136
128794000
127439027
124309318
129164856
127608139
128772954
128974426
128930221
128866182
128940633
129071847
129006413
128986941
128709269
126905630
129029421
128971929
128996633
127101827
127727749
129169266
129059758
128969324
129143818
128327875
129008985
128628485
128972218
120886906
128149272
129026968
128682595
126649263
129166310
128967805
129007939
129137889
128992835
127706975
129167028
129060453
128677453
128936160
129034794
129068176
128612283
128611006
128933690
128642142
129146307
100444704
129164641
129066198
125337949
129036426
127909693
127898844
128761977
129083318
128933561
112530094
128835497
129143607
129139020
128601258
129040431
129139089
129000218
128985034
128762003
129045221
128611263
127927408
127780781
129144440
128620786
128998887
128107559
129038539
128691388
129014368
128519379
96485463
129138471
129144643
128636713
128693036
128747788
127931332
128149473
129087436
129157804
128715313
126534305
125620954
128992067
129078354
128665008
127952324
129087638
129061977
126167091
128972687
129161032
129146557
129024172
128864275
127136671
128678843
124231514
128958650
129039794
128690453
129042681
129003274
128927222
129087249
126792199
128631967
129126627
127313690
128955470
127864953
129126613
126961719
123191520
129082377
125245909
128173198
129154636
128914045
129039795
129153805
129126623
128589177
118464194
128590444
121796511
127690227
128634199
128662478
126243299
128712501
124419966
129065048
129110487
129076234
123097211
128015213
129135450
128980174
128336064
127696939
123811180
129169343
128934834
126548497
128739456
92964515
127599612
127526806
126064048
128105170
129038940
128671737
124165732
128994252
128792066
127890302
128981955
128636691
128004326
129165870
88189523
128949724
124183706
129076811
128625482
128432716
128991635
129135506
128183523
128624953
129060181
129080366
129165013
128054289
128974475
129023273
128628372
129074466
128707523
128969981
128600822
128152678
129136218
126238870
128232720
128621701
92958989
128547431
128658138
126916224
126496026
126551383
129171276
127829683
127601381
129038086
129034265
129075775
128942881
128942287
129083804
129027677
128957155
116767331
128300536
129080860
128615002
128991598
129007706
128956931
129021878
128939133
128657400
128713522
128031760
126011638
128657558
128690719
128337965
128040387
129162666
128713346
128772524
128772711
128945359
129007832
128706760
121791818
129065307
128614812
128143571
119340961
128969556
128159439
126649367
129026157
127920093
126603780
120849022
128945176
128956392
128331024
128684863
125648125
128975717
128709715
128227388
113831249
126727618
128676849
129003935
129082688
129163058
127479817
126668255
126098255
129038937
127113657
124771584
126375754
128922734
128944379
128975371
129169784
128227391
128615032
129170610
129002636
128982246
129135614
129038952
129016789
129163261
128772526
128617547
129140967
128980221
128975508
129116697
125885284
128968419
125934917
128709663
129071109
125901802
128960050
128699008
128615291
129164483
128972550
129064373
124019769
126008128
128670079
127113652
129004836
129158852
128969363
128925765
128925904
128149878
129075027
129042188
128733319
129140574
125168175
128922894
123998618
129061480
128877083
126961994
100444696
129083308
128584246
127709163
128931336
124170397
129081939
128631966
129003053
129035003
128319169
129150929
128999509
129022312
126475579
128772856
127447515
128946066
127768101
128042596
129153286
128934645
128712955
126092917
125380195
128983150
128945269
128946113
128620669
126763094
129157874
128672021
91519088
128518532
128096518
129035737
128698232
128613473
128981064
128951288
129040894
128706318
129002428
126836861
128264748
128668731
128979950
126437240
129168032
127145344
128599253
128148017
111255188
129040049
128703290
128952374
128974837
129003533
125972338
129162330
128616794
128071166
128956334
129153826
128926998
129021303
117862721
129029811
125961821
127570215
128772797
129159805
129038574
128627441
127511122
129132979
128957612
96810729
129090979
128973930
128258769
128658935
128019034
128981553
129002603
128053274
129167304
129033217
128559803
122750147
129142530
126030624
129141300
128628916
128941244
129069902
128701581
128948803
122513640
128981556
128973159
128972090
129135416
126366777
129079087
129059127
129132559
128699705
126967293
126117454
124697864
128631567
127130301
125943392
126982677
129169546
128586191
128865881
128062167
128922562
127523926
129071541
129087830
128609861
125244026
129041437
129145049
128140062
129158431
128939307
128969408
128685097
128086107
129148164
128975243
128996132
128949545
128664149
129072782
125976126
128948975
128017769
124829072
124555830
128865880
100444686
128595994
129146666
128707135
128593473
128372455
129034685
121340870
128685126
120545477
129080985
128586485
127559570
128935910
121183868
127934497
127159792
129061468
129005926
128974427
128685613
121710311
119815670
122750420
128317602
128694859
128656043
128032509
90974296
128977527
128653982
128951208
128992696
129025672
128148086
128974439
122526822
129087251
126097774
129082584
128921862
127100920
128659713
128991882
129038630
129004234
128633693
129144267
129041028
128977994
128924864
128927743
129137987
129087807
128772951
129005932
127822917
129024956
93393118
129029541
128669187
128711313
127969876
128686397
127967068
127159049
129146042
129032507
128678650
128669340
129008065
129163295
125520282
124853525
129075840
128657548
127101080
129142554
129171727
128973969
128583740
129138063
129130958
128542961
129078969
123223974
128934848
128970717
127507278
128948315
129168826
129081752
117452258
129158001
127141318
128709511
128977272
129025683
129139141
127501164
128658122
128097153
129149148
127864442
129034984
128671979
128960693
127213605
126657353
128992840
128934284
128473022
96485476
127829986
121158772
128634200
129131501
128366077
129171851
127882574
128940205
124926016
124964085
129034085
127180018
128999934
129167936
123678634
128227386
129162598
125469543
122004619
118466379
129074644
128817433
125870176
128875527
128609577
127484988
128478765
128040818
129057882
128684768
128935529
128059577
128710777
129033329
129115904
128971862
129145040
128675152
129087810
128944957
128938320
127142596
129087841
127704459
129078507
123354460
129028410
129158998
128983224
129076647
128324575
129169006
129153663
128999861
128146275
125754555
127962342
129014438
126002823
129170218
127923373
129040820
127669443
129026369
128714750
129002055
120219909
129045401
129161015
129172796
129087218
123224608
128690524
128946309
128656675
128959999
128585085
128952237
127836766
128930195
121525940
124835453
128998448
128611856
128948026
129004249
127959358
128149217
128710026
116443280
127060084
128318998
127110001
128092680
127231191
128712547
129158764
129166810
128245590
128961431
128959609
128701978
128620021
128945335
129146342
128859230
128963165
128981266
125530431
128415993
127207931
129152758
126885211
128621521
126752881
129167727
128608360
127962697
115911200
121885162
128993157
129087422
128953844
128927180
125902673
127021442
128999156
113737216
128473664
128612052
129144385
129172612
128586764
128772716
118797193
122229751
128772530
127919231
128772829
124893306
128710061
126369934
128955650
126746909
129040541
100444685
128610822
128002293
128954454
128761965
126565338
127314755
129137571
128698679
128945831
129000664
129154001
129148258
129034999
128997370
128043720
128772865
129036765
128584821
128608218
128954268
126820172
129172755
128683756
128965717
127578600
129038560
116077779
129001989
129086968
129144125
129024108
127760049
128942013
128995206
126267130
128924530
129087446
129023772
128704712
128640991
128976405
128973216
129150819
127298860
128095821
128772727
128947144
129143523
126103174
129066595
128239881
128099973
128967657
128996101
129038532
124421681
126323613
129029825
125835152
128675323
128269167
128941246
128623463
129126614
128097725
128608952
125723368
128714138
129006163
128969193
128661514
128634612
128019050
129004091
128865878
129059941
128395039
128974814
128045462
129016790
127571461
128102298
129140029
129171280
129038626
126123479
128949540
129086980
128943020
128954004
129038556
128008016
128940132
124120214
129076673
128966913
128063073
128715068
128954748
129140753
128934590
128609031
129005236
128999441
128633474
129021797
125886018
129087444
128912065
128619933
128964709
129027687
128320733
128988586
129144971
128085711
128959261
127022230
128757371
122824696
125754542
128924998
108123272
129156949
128651170
129045319
129140714
127071984
128955854
127604721
129087252
128168301
128975775
126906318
127112310
126881121
128995571
129005815
120870402
129084701
129000557
129087671
129138992
129149941
129139768
128686444
128429335
128267355
116444391
128988728
127505034
128614545
128699598
128661788
128585065
127195702
128954612
128982126
128708739
128538168
129043675
128968114
129169759
125754539
127945489
128941907
129007865
128300535
128705449
129040704
129027137
128947561
128622741
128965929
128978694
125500602
128708515
129138071
128651836
128676758
128931796
128952492
128221598
129133190
128982686
128935993
129035740
127592793
129084734
128998388
129022645
129063299
128680076
128638914
129027873
129146667
128585841
111255190
128068566
128584039
128958511
127550665
128610024
128711485
127556795
127958090
129061077
123224356
128621084
128018118
127855996
128999281
129076023
129076240
129086995
129163830
128148942
122080354
126971407
126484429
128116040
129021252
129146702
128774738
129126621
128973850
123426089
126914331
129036281
129142920
129155143
127958498
108800005
127901887
128623110
128198599
128772918
128713005
128135654
119579773
127298755
111524116
128995128
126583375
128941734
128971422
128994911
128609540
126071783
128638249
128658633
127051987
129145366
128616350
129006110
128935409
125618961
128665230
129139434
128904145
129171871
128995126
128989204
129075920
129134714
127528642
129079393
128941330
129079004
129136505
122426103
116577111
129071079
129021404
128421223
129064939
129016412
128969663
128940813
128356539
128989964
128854316
128966006
128668602
126120114
128999420
113880009
127143334
127448253
126065533
129043649
127254723
129163310
125210992
127799330
129087001
128976789
128990356
129073422
127013931
128974569
129168813
128661211
129134151
125951002
128935340
128947378
128636049
126550268
128244760
127709421
129147566
127222545
127743053
128615388
129000976
127028364
129030030
128618970
129161150
127397381
129155773
128534526
126779326
128926052
128601788
128635492
128968911
128705504
128684752
129159364
128983141
128935579
128772903
128233262
127488418
129161795
112686254
117473768
129040059
128080782
128697555
128998991
127115881
128978491
128984910
128616893
127950410
129001612
128934486
128330344
128705045
128997835
129158926
128927236
128958515
128971086
128268911
128926051
125633598
128629057
128983233
124534978
129063642
129023847
128715069
129083800
129148783
129039787
129038570
128714738
128587042
129038550
128710479
128096857
129146410
107445429
128994835
128664751
128136926
129039823
129114474
129167976
126473155
128975103
128715690
128979185
128923492
128370923
128010822
128936497
129037430
129082030
128708657
128952616
129114473
129000196
128035754
126523458
129013848
128493042
123239623
128666663
128963193
128929262
127521802
128984434
128772717
125494867
129142814
129125236
120948150
128772525
123590525
128678994
128694161
121904683
128836263
128772827
128962046
128138037
111961653
127054108
119272814
129001364
128927061
128614501
128999980
126552857
128680968
129106569
128652361
128944010
129065767
129153984
129164186
129015472
128621034
128654100
128634144
129140410
128240555
127404978
129150821
128945286
126123689
129005329
129081968
128961366
128977821
126953043
128998543
126019767
129163881
128704264
129061460
127286804
121282521
128613993
128962310
129021195
87761506
129136430
128681574
129064139
129145757
128267089
128989618
128967138
128942827
126775251
128935120
128907337
128943918
127760413
129161541
129162069
107590621
129063074
128711123
129155966
127988932
128949606
128966039
128666716
128617708
129003975
122229765
129023603
129034991
128638406
128707990
128686387
129040758
129071414
128711858
128638248
128772542
128926044
128589699
126973793
129008183
129082689
128713894
129170030
128138985
129087674
128626325
128980725
128628721
127615327
129153883
128952678
96485474
129166273
129086972
128626239
128669064
129159469
129170650
129140474
128970322
127997411
119080978
118844746
128583897
128976292
129155893
129169577
129038573
128135467
128660476
127431069
128928147
128970120
128934312
127573143
129169269
129058135
128772862
125261737
129033663
128076000
125902045
128982587
121176002
120832607
128929048
129018005
128959935
127010744
128935879
128714567
129138609
129034988
128976307
128148896
127698195
123586937
129140923
129171525
128696632
128669668
124269641
128257367
129150176
129045314
128962615
120054197
128610012
129016693
127955907
128147172
129162140
123333362
128382471
129003411
127114973
128979699
128622283
128968370
129146046
129133908
128827647
127509834
129158175
128953841
128979146
128694456
128703774
128167843
129079410
129131927
127927407
128935373
129036380
129079169
122229756
127600538
129140514
128961462
127092702
127323361
126117231
129139184
127816088
128636569
128769337
128762000
129035014
128772900
128700162
126747453
128968891
128128281
129078267
128761978
128999865
127634830
129137423
129021600
129023185
129082081
129132893
128935884
128658231
129035940
127588332
128680994
129159817
128383533
129163082
128687421
129033505
128950189
129080863
128956145
127822855
128633586
129105745
128705731
109153182
128963320
129032596
128699565
128660305
128920004
129134150
128617808
129022365
127209667
128976653
127103787
129136143
128955482
128227387
129162428
128638074
127456035
117188828
128259016
128772532
128637625
128998253
128637266
128630963
128713661
129160518
128171364
128046790
129066679
129087824
129136702
128671010
129035046
125185301
128956854
128738486
128662073
128927742
121236238
125880583
128986242
125846884
128986380
123259955
129138548
129140464
129147963
129160685
128985679
125893905
127188044
125447374
128936916
125884186
127576535
128395405
128054549
129153875
123615151
128987070
128950675
127073232
121928396
128305140
126835138
129141010
129013158
129076249
128059626
119538955
124990863
129075878
128936660
128787080
125753789
129066552
129063643
128974623
128994929
129169363
115911196
129087213
129003026
124213565
128981067
128772675
129171580
128925903
128961200
128988635
129062086
129133703
129135646
129024365
127919782
119786681
129035179
127358332
127652543
128962829
128935539
128960772
128005229
128514723
125611196
128921643
128976412
128989563
128376769
128710996
128703996
128021088
128955468
129034980
128929630
128585221
129038943
128634197
128772670
126971056
129156324
128035329
128610153
127157142
129144592
129013159
129006341
129011674
126024189
129002602
128782957
129039783
123432995
125595416
128589965
126048439
128955693
127593831
129156061
127530569
122750270
119867578
128678978
128943915
123812013
128954195
129131397
128935917
128996821
128951139
129017517
128711689
128587343
128961567
129040768
127914178
127368923
129001066
129139672
128115837
117546081
125850726
128961786
126479260
121390611
128951206
128630061
128675105
128974997
128707886
128610816
128625934
126861488
126746908
128699563
128467396
115911192
129085598
128663254
87638446
125724258
128715225
124745762
129005260
127994200
129038531
128674995
129038628
124469490
127200281
129036272
128954702
129141635
129167133
128057691
126055764
128970940
125885852
129141241
128668130
128755412
128974091
128670245
129172869
126812260
129059760
129026187
128682956
128991794
129140347
129039802
128712262
127991377
128963738
128698493
129146663
127491003
128947995
129158427
120476409
128636919
128877081
128146160
127151946
128468543
128671464
122776010
126456849
128625219
128772576
127823534
128940836
128686221
129170031
129140032
125154031
128227122
128545900
128635799
126082420
129141076
119427120
128953197
128940417
129006969
128981099
128772556
128994300
128971765
125633560
128905896
129034796
128958406
128953589
128983674
128970036
128980990
128615198
129146065
129144240
128969365
128988521
129064146
128980790
128806527
129005919
129058253
129170047
127219912
128232869
129014389
129006385
128997197
129145164
128635339
128976277
128228136
128650738
120123020
126126119
129023976
128587094
128644565
128922580
128954087
128255555
129070050
92952280
126551439
129163838
126469576
128614207
128990137
129140150
129169731
129164423
115911193
128984414
128978087
129003467
129087660
123797838
128967530
122797553
126968651
129023842
128703523
128468536
128969087
128927318
123637219
67762735
128689750
125609990
128386784
127120958
129077277
128143303
128640471
128688592
128940335
129152738
128942335
128242323
126335787
128700803
128988555
128036657
128968718
129001468
128667131
127114971
128972641
129043899
129148985
128992775
128414089
110792248
129004281
129041767
128010823
128982732
126583490
129160572
127720925
129040036
128171868
128622691
128679274
129087816
128620065
129133467
128958132
122229759
127925945
129087669
129038525
129022941
128631559
129169263
128939241
129162083
128671055
127724403
127001974
129038084
128951520
111391420
126721608
128144860
100444707
129064316
128947316
129038918
128633039
128595992
128651432
128702843
122157857
128969816
128597131
127602401
128707486
128916921
128930768
128181659
127024559
129143131
129135428
129032669
124242943
128943037
129034713
129026969
129002276
128710767
129062868
128976097
128637309
128660286
129067739
128430954
129067305
128995843
129140015
123408176
128704702
128071498
128703236
129140477
126100450
123952377
128772561
129040009
128982741
128658846
127976937
128998772
126557031
128986719
129150719
128964925
128239049
129008092
128049378
128205681
129138981
124437286
128603200
127180951
128973305
127055354
128305898
129060458
128951522
129028879
128947741
129160545
126774989
128714027
129139399
127946383
122755958
127342256
125374987
124190027
128027107
128667544
128584281
129057389
128617693
128517005
128954281
129151971
128592850
115147059
128264415
126754917
128961693
128948083
128148089
129077174
128539563
127827665
129139034
128709708
129138437
129154676
128973367
127961885
128609058
128679291
129109392
129147160
128983676
128660285
128969491
127882412
128983167
128945723
128654654
129061902
128772944
128681345
129135601
129005435
128704986
126639755
128772540
128668896
128975373
128936663
129087799
127084766
120221708
128971898
127741934
129023919
128976426
128645047
128614479
129003027
129156514
128925742
126568150
128663007
128713413
128702891
128631841
128908390
129080794
128921806
128683143
127115363
129153780
124601356
128926389
115109674
128050716
129032353
128973320
128038007
129011254
128148090
128625771
128975985
128934732
128933111
128972625
124083802
129075710
124218917
129027964
128137324
124865863
127358333
128472012
126923874
128920005
128588097
129027509
128982060
126920566
126811720
129087803
128067925
128585569
128993846
126045258
129067264
128590150
129087640
128973150
128954593
128561798
126959718
129038954
129004942
128980076
128715893
126879091
128995872
129161424
128385230
129059058
125399801
128245428
128697697
128983220
129077392
128713087
129087431
125425619
129139493
128702596
125633587
128704836
129149193
129167798
128710948
129087644
128084548
128613634
129001819
128974481
127978852
128968917
128103035
128956221
127562932
129001255
128635425
128942399
127542413
128947309
127108985
128148971
128961689
128979254
128603082
128657113
129136629
128685996
128096520
128999109
128982319
128675563
123937464
128958847
128581414
128963631
128312044
129161017
108328875
129041770
129169599
125203852
129037384
128613837
129078225
129172271
128364848
128976831
127571523
128462640
129043447
128977225
129034990
129078015
128032512
128932057
128142591
125605773
127197948
129160484
128661619
126448052
127627988
127921286
85687124
129087266
128947660
127991925
126771381
129048792
122073724
128658490
128927223
128335258
129038527
129004491
128706342
127891428
127921916
128157872
127559819
128947025
128958390
129144044
128933442
127712918
129152642
127768744
129001109
129002601
127640751
128981281
128610020
128175239
128638156
129083862
128519461
127821826
128679954
126503794
126408129
128587386
128956270
126925264
123288918
128949018
128714913
129137258
117133234
128977967
128304218
128709394
128608082
129038152
129145504
127154776
127334544
128072590
128555691
129137028
129069512
128713373
128949524
128948974
128679344
129087014
129006816
128700825
128987202
127077742
128626131
129027326
128587007
129166113
129158529
128613497
128611877
128602062
126914330
123590675
127989599
128772938
129079018
128615001
127974237
129068796
128772915
129087237
122218213
128974977
128939771
121965847
129015606
125924501
128607718
128674239
128697815
126749989
129035809
128629989
129068084
128939847
127934914
129148999
128954806
125751711
120122993
128791654
116443932
128181660
126616668
129130979
129167264
126072737
128630253
126406033
128704199
129167271
128589873
129028891
128266713
128954682
129143314
129035999
128158638
124485403
128752790
129085081
129074467
128160843
127190449
128682837
124370345
127178590
129073692
126980062
128028493
125995842
128954721
89427121
128864625
128101867
129063882
128653417
127314221
126513722
127895924
127629306
129058239
129066874
128951504
126774902
128586365
128679603
129006510
128994519
129038542
128664980
129169532
129030269
129151864
129142850
127943333
127895929
128711114
128927741
126398354
125633593
128627058
128936536
129023375
128761967
128706494
127441165
128701133
129003261
129038944
129087219
128954857
129165714
129038956
129150868
128971094
129147193
127891089
128761985
128681518
128920684
129085621
128040168
128659443
127911748
128518174
128958127
129153978
129154079
126589362
129018010
129024555
128981166
128994820
129033306
128982019
127994980
129086970
128948576
128955381
128310519
129170143
128966684
127925710
126016802
125633591
128972864
123157536
128940929
129040040
107708624
123948451
128761984
129033304
128948942
128772821
129104440
129145237
128161814
127967949
129138253
129166984
129087673
128948573
128635140
129152815
129007051
129019377
127700263
129153764
128668743
129165679
129152683
128697944
129038565
127023409
122560034
125891236
128825377
128232717
128602810
123556748
129163728
128937371
92958955
128979674
127655138
110989942
110268065
128698272
127149443
128988228
129108364
128587734
129167513
126896013
129036680
127056224
128985442
128761972
127904675
129023376
128865879
128970247
129159471
129140028
128075709
128922451
128655915
129153672
129008001
128653979
128961647
129043652
129075719
128616982
125445485
129033645
125345654
128147185
128621511
128951898
128003501
128999751
125969295
128657904
129038087
128632691
124424924
127804898
125425642
128529738
127790702
126655834
128709760
128772811
129069951
129139705
121498560
128928698
129000625
129087683
128955125
128645753
128240334
129041327
128973592
128943347
128585564
127588939
128635909
128970404
128993720
128930095
127109765
127944071
125633589
127617578
128935376
128941719
129033186
128741049
128175394
129159708
129141692
123586757
127755983
128963272
128998660
129170032
128920701
129081205
128620040
127655194
128715057
128980080
126052288
128927877
129083354
129013205
129157719
128701598
128953517
128536011
128710567
128710668
128974521
101625923
128193373
129000014
129087636
126060241
129168097
128666221
128686686
128928855
128963607
128982519
129040816
129137312
128682809
127422133
129136165
128971078
128575338
129024198
128222190
126703925
129138846
127051527
128941469
129077636
128952860
127141819
128656915
128978182
127655010
128784320
128708647
126966490
128923674
128382960
116595237
129040062
129087680
129021992
124648751
128965934
128978004
128907263
128607171
124435419
128635079
129040132
120202944
127046839
127940508
129021466
129006320
127637166
129037704
128709213
128058721
128709517
128759526
128600949
126588116
128659279
128942795
128672497
127422136
128948348
96485459
128660284
128693295
128440340
129141440
127116911
129166022
128162799
123917161
129154709
125907763
129087257
127159062
126920886
92959025
125753864
127948050
127097063
129035012
129004331
128146265
119577332
128968886
127978897
129040763
129156110
128772674
128927547
128999240
128583947
128663090
128680038
128713177
126052896
129169589
128495437
129027800
129167564
129087250
128622512
129092016
127141717
128588000
129029153
128921630
128461916
128956429
129168052
127943835
129160974
125426448
129134370
129168828
129026491
124422409
128947022
127129938
129013635
128087994
128546191
128985943
128772534
96485475
126096059
128968837
128680419
128977764
129037533
129036463
128617014
128658024
128936566
129005717
129062854
128922536
128714337
128708821
128679084
129034535
128963774
128609857
128670881
127204932
129169271
128939747
128702752
128658945
129137259
124711092
126974904
128999216
124913257
129167796
126206283
125672679
128655050
128969731
128761991
129138010
128124313
129022961
129163172
128955209
128986104
126192157
128683212
128789132
128382477
127116276
128686128
129087827
129168635
129007425
126961717
127116268
129082585
129166299
129000334
127753345
124544254
128136104
127221830
129006647
128998602
127854977
127279940
128666224
128862092
127280536
127122028
129022659
129039968
129087659
117579271
129141133
128676472
118903274
126770997
129065374
128699186
128538211
128093920
128679256
128949585
128970431
127422135
129038085
129149201
129165306
128941853
128710343
129022976
125633586
127904674
125191451
129029111
126590234
121923039
128030939
129074518
128935531
128639008
128019616
128921379
128538772
129057765
121451523
129169474
128696024
129038528
126616675
129155821
128941686
128148649
128975220
126362611
129011774
128147186
128669823
128714190
126622953
120386669
128978952
128030236
129005399
129159140
129136830
128992890
128153712
128669049
128143469
128128818
129140014
128713366
129045694
126877109
129157021
127627926
124696332
126615196
120959957
128639307
81834526
97787806
123190390
128942376
128962058
127114972
128674160
128674630
128598787
128675553
126779441
128954031
128663884
127709422
128824354
128704547
128627238
128631958
128608870
129038557
128613697
128955225
127712006
129034165
126958808
129171458
128772919
123534526
127915761
128942340
128617401
127109769
127934915
125633576
128583879
128970392
128031244
128619553
128772889
129138344
129038549
128012786
128675038
129139739
129140141
128656464
129078005
129074821
129006501
128663856
66596606
129135434
128994839
128985601
129018987
129035006
128954003
129087637
129036734
129043382
127601674
129085066
128955890
127133654
129147419
129172358
128951283
126626113
128600488
127132895
128114118
129057744
128325198
128997896
129033623
128026570
88929336
128999691
128971560
128652823
129006577
128931737
122246408
128667456
128942563
129001099
128826367
126108429
129071665
128584814
124507519
128682126
125132625
128927987
125898169
128946028
129009172
127956323
128968747
129139616
129153666
128685581
129035759
129037717
126649368
126020597
128628771
128953805
128621245
128587738
128620793
127031200
129086976
129168267
128794284
128993673
128988336
129017000
128625199
129158885
128942012
128933968
123889098
128986388
129036462
128986614
122273147
128838182
128626999
129087663
129153822
128928714
128939761
129021191
128772931
129022755
96485449
128609050
128994098
128148655
129137066
129085765
128974847
128227385
126969681
129154423
127730766
128948583
128138693
128704422
128677489
128627233
129087256
128710396
128588845
128998223
129009483
127895741
128639335
129141633
127080473
127843688
128776723
117213012
128148938
128135183
127699922
128298591
129135632
129171574
129145071
129058962
126835115
128847944
128679424
128614833
127523927
129134212
127109766
128937757
127551857
128772907
127150975
129149413
128227390
120999917
128685685
129002120
129083782
129006132
100444689
128963757
128965038
128979235
128961653
129085056
128966001
129039812
128968929
128772963
129144056
125327994
126968227
128862446
129138687
128999440
128992898
126273733
127859738
128615125
128634601
129005177
128616470
126123580
128924676
127368882
129087800
128246469
128999262
129055922
128772681
127599433
127945081
129000878
127148423
128623585
128038485
128608140
127116275
128679283
126700855
119786656
128658686
128091216
129082890
129035210
129138336
128926136
129142145
128772810
128970269
128666665
128659460
122759153
129038916
128925771
125633596
128939357
128684179
128672472
128940509
126590233
128594637
128600979
128756689
129154422
128707015
129148772
129075725
128680773
128981144
128711065
128619858
128606781
128953248
129144668
128701261
125383337
129138579
129166561
129043203
128627164
128994778
128978848
128941010
129126607
124153746
120529822
127047560
128093368
128587433
125684807
128994343
129169264
128789304
126863743
128272318
124224936
129058472
123490164
129145421
129037963
128678692
129087835
120345561
128945829
128959712
129164698
128994443
128274964
128442950
127841765
128042549
128715745
126739649
128998232
119066414
127141881
128940434
129009000
128997771
129081666
128585450
128927833
126407745
128772830
129104336
127299602
128227382
128942798
128938167
129080510
128311067
125605683
129081954
129172214
128983433
128761999
128535160
125839618
129038537
127909126
128772550
129136599
128772945
127542936
128050826
129000152
128949824
128696894
129087246
128617019
126791452
128611836
125926502
128636724
129151891
129147469
128159749
128586745
128680878
128608498
128920150
128283337
129161519
128232715
128086509
128077413
129026619
128618827
129087829
127456101
128088635
128947217
124787070
129169732
127520923
128140754
128624527
129078528
128975494
128996063
127491799
127537981
129042414
127979108
128708459
129058340
128696700
129135485
129078601
129087675
128699384
128942278
129006313
128662435
128656696
119016348
129172761
129130956
128704652
128175313
128943276
128607810
122462299
128711650
129069921
129039809
129147775
108239692
128715815
128709825
129144388
128262455
129016032
128931874
128711909
127929478
125732168
128596656
129156887
129041579
128659026
127756628
128985170
129014452
125604510
129171403
124382160
128703033
128941727
129138441
129000384
126870564
128742438
126463768
127920279
129110476
127331482
129043331
128250212
128707292
129002294
128980074
128505626
121438420
120237350
129073672
129006461
129136755
127793827
128668029
129147915
128250910
128096654
128857458
127310074
126560428
129086993
129038924
126771942
128999680
127240946
121060930
128772948
129166190
126251244
128867696
129038928
129001823
128695730
129027961
125280310
128935664
129171958
128653750
129067568
129165240
128975897
128920182
128989400
128553903
128964671
128587021
128711110
128622050
129149961
126969954
128079487
128853910
129149488
128626270
125725758
127957960
126616670
129163433
129161611
128946329
128049523
128127565
128681168
128050351
129158333
127374080
128941529
129163216
128657628
129025609
128920696
114811435
127774828
128962989
126460315
129100216
128114990
128004878
128970095
128926901
129148379
128049345
127477364
126959173
128060252
129135193
128686148
128686870
129087261
129069865
127168737
121836616
126953224
129005139
129040364
129008938
128958126
128980744
129021438
128636278
129150017
129134758
129148666
128949182
128951020
126994068
122231044
129006190
129157250
128651872
128413953
128689186
127959882
127192561
127629672
126627341
129138049
128656636
128165138
129039781
128919659
127009937
128693356
128976471
92964575
128951857
129145595
128272422
128951217
128932095
127479109
129066118
128979054
125966037
129087011
128925912
128936997
128669662
127378221
129061485
128062219
129063888
128970052
126791140
129004213
129041346
128979608
128362671
128985139
123293375
128947526
129001937
128949080
129154421
128676400
125502126
129134628
119425963
128982457
129142433
129149689
128669060
128004547
128973116
128657823
128678471
128080558
129165625
125475169
129141737
128957308
128707606
128616184
120099536
129166516
129031169
128938766
127612372
127224733
128635732
127099499
129021198
128982110
108691757
129151128
128082774
127074545
129036427
124926103
128712734
127471072
128616969
124812003
128978089
128092988
129040764
129134766
128385795
128692959
127768228
129036634
128201266
127540882
129153916
125633577
128699351
128988587
128664375
129001149
128076518
128687422
128982547
128922820
128946848
128307897
129022242
129148868
128980098
126073123
125895088
128308492
104983503
124083135
129011027
126616671
128674576
128988410
128772905
129137794
128697876
127513015
127723060
128638245
128772879
128944614
128714802
127595711
128945140
126920451
129028106
128659295
127902241
128162674
127107347
129150515
129165565
128950700
127617319
128094830
128623783
127835860
129000329
129017527
128584655
127511303
129034992
129142865
129038563
125940856
129093042
128144861
129087441
128545337
129039806
128636976
128227607
128667310
128185816
127141879
128971486
129140031
128590147
129163452
128789932
129007067
129074824
128190039
129160446
129004248
128544750
129156109
128665672
127607000
127015540
127705507
126623010
123091875
128340347
128708578
128772859
119919394
128625713
129147352
127866959
129046407
129044112
128946252
128127782
119316667
128060142
128699497
124341307
129087421
128772548
128585174
127195834
128715070
128691842
128928074
128713480
126508793
129005580
128999122
128080718
126356181
128660017
122229758
128660327
127253802
126961718
128963673
128653495
122242354
128714896
120817052
128252548
129071683
129140736
129147166
127955599
127116270
128953827
124806142
128174293
128692777
129165102
126777802
128954504
127858599
124643975
129172393
128685945
128703107
129064997
129000773
128953189
127666204
127947206
128027108
129151158
122231034
128972683
128954578
128705352
128635458
129034981
129038512
129061743
128321078
128615806
128639812
128762004
129036504
128362320
128984492
128085521
128616034
129146678
128714753
128979005
128533238
129157257
128989520
128979413
128962924
128984675
128705298
129038561
128384066
91774039
127887355
128051770
127621260
129040138
128673914
124281930
128697561
129136996
126287509
128615805
128772838
129172238
127573157
128957400
125387198
128952770
129162476
128992301
127615326
129166591
126616672
66818306
125748129
128634892
129135316
128714902
127726119
127815205
127889622
128669034
126617265
128633616
129066161
129087677
129039158
126913937
128153164
125926404
128959068
129034703
129080139
128121888
128961699
129063041
128508534
127122208
128943535
129153677
128639682
128985295
129138586
128953211
128544327
128927175
129017237
129021669
127902681
129038074
128894674
129151760
128938640
115147181
128938151
128772800
128173642
128962238
126025657
128711286
129154678
125130026
128997372
128003150
124112125
129153678
128623530
128862731
128981902
126775568
129000113
128641719
129083625
129131460
129137073
126993313
128173043
121183870
128833425
127592872
128260476
129147100
127070615
129001698
127727775
129039627
128666913
124557094
128818079
124728905
122229750
128818803
96485450
126792052
129147125
128979900
129004569
128956216
128639683
128614336
129162690
126112691
128682283
128010832
129163946
128979808
129039807
128675043
127077283
128685985
128973383
128568876
128695182
128710561
125798933
128194479
100444702
129075942
129066451
129039801
128619992
127685237
97787508
128657484
129026568
126449771
128127884
129038933
128934846
129146781
128973009
128634983
129087430
128955901
129022583
127980331
129135465
128994769
128967604