136714662
136686210
134824641
136725052
136795453
135851369
136897726
137056781
136505340
136836100
132631059
135884414
137222202
136680770
137449421
136743930
135051083
137514383
133433218
136670412
137527900
137138027
136579014
136862320
137262199
137127193
137539313
137125286
136830282
136092431
137046761
137102420
137210070
136652171
136719133
136396714
136937980
136304810
137532503
137206127
134230551
136322121
135465599
137101869
135597780
137380903
137219356
137537299
136841897
137141104
137009391
137395444
137499095
136083295
137422796
137394216
137302407
136163686
135023730
136995372
137235701
134548115
136296662
136768812
135796380
137095549
136609005
136323152
133539136
137292794
135639832
137070603
135476144
137095682
137307702
137124031
134063924
137336519
137253930
136716152
137538707
137236316
119911043
136229563
135786352
134577710
137352125
135987236
137047889
136951432
137487752
137120917
137127206
136967565
137384274
136865840
137533644
137196816
136552055
137375911
137340768
137178215
136871925
137413842
136888014
136703472
137448533
136158387
136763583
135878283
136132539
137212564
136626094
136723526
137332847
132856465
136360556
137223837
136638529
136809096
137209884
137088903
136733836
135544731
134597958
136856113
130539330
136410139
137516992
136717666
136661923
136890833
136810983
137068211
137507763
137449788
137075973
137128678
137119818
136676219
134145312
137160298
137091558
137430923
137438758
136677141
133443068
137117358
136897656
137366746
136613344
136481827
130817312
137297738
136485399
137112574
137372663
136774161
136907646
136983054
137507980
137367048
136918308
136956785
137234711
135032935
137367811
137534423
132777036
136488082
137487733
136916555
136850740
136499188
134877842
137213985
134455292
136917857
134199189
135398058
137000023
137463412
137174777
136985214
137317385
136673844
136546933
137246065
136480704
137359791
136557051
136816807
137492991
137434054
136469538
137463089
137303927
135660711
137422365
137393484
129974513
137197433
137321391
137497405
136748332
136853436
137250284
135940986
136968918
136327086
136495685
137304631
136680012
137514017
135916091
137040008
133595203
137046525
136853499
137069320
136297629
136905776
137228630
136898639
137395644
131988451
136501762
92964515
136210910
136762392
137168665
137005500
136121401
136119047
130452680
137430959
136069357
137485188
137001472
137430422
136811568
136859670
136906855
136797939
135939504
137069617
136561822
136163192
137396739
137085302
137118866
137495669
133958552
136968397
136770076
137057601
128970481
136877807
136815838
137466189
136785792
136610579
134488204
137472372
136683243
137199420
137370452
135757073
137367192
137003536
137234349
137527850
133056261
136212658
137067067
136785891
137461664
136968928
137138149
137286813
137127213
136000878
136565702
136586714
137242448
137181470
136896287
136494957
136119111
137381902
136893731
130817448
136774116
137280455
137000640
137534239
136624687
135709646
137108110
136601102
136962760
137121401
136644379
136796015
137116241
136919641
137466136
136578185
134889989
136556173
137496082
136241457
135544440
137112661
137291880
136786078
137379606
136572537
136900697
136723229
132122915
136908551
137072251
137244067
137119320
137127194
136720918
136370133
136536041
136549145
137303285
136791718
137169976
136942877
136210136
136909267
136608322
136600710
137095883
136798190
136918285
135559785
136646140
137345399
136702541
137350455
136768170
137472457
135992059
136569448
136869325
137148316
137308382
136575183
137534975
137195818
136908777
134498753
136739401
136540272
131719766
136249481
137176501
137391964
136667631
137100486
137372651
137244144
135174045
135288991
137352812
137127871
135854569
136659753
121886863
137055929
137441898
136491764
135345687
136552815
134511077
136800672
136636411
137276735
136988639
137199857
137048989
137478815
137524143
137280750
136547093
137245689
137196126
137300710
137248470
137315527
137185719
137216898
137538103
137244900
136710479
136666371
137003354
135030738
133234121
136760508
136909268
137159215
135988653
136651999
137083139
137144567
136087634
134473570
136903569
134422411
135827323
137390554
136931987
137527864
137235335
136885519
136665940
127649580
137006632
137023034
137302282
136301224
137444130
137237761
136652130
137289472
136502917
137308550
137380830
136988925
137367049
137317039
137438027
137251965
137294961
136775421
135751714
136632410
134265916
137346047
135960857
136605608
136799642
136986302
137544086
137127209
137453406
136479794
136643578
137302499
135430537
137440888
133238744
137192665
137464036
123451644
136638573
137349467
137482814
137194930
136905991
136957787
137496931
135217351
133486535
137476167
136714870
136967883
136992614
137282853
135949931
136643775
136325060
137126769
136522070
137504131
136805864
136770906
137052329
136289724
136361373
136276198
136224856
136973332
132838117
137302928
130534929
136537708
137341366
137516091
136708534
137076547
137266885
137079347
137196172
136994242
134717166
136986897
137438542
136631333
136984474
137422601
137128685
136520468
137380411
137438705
136058188
136980621
137337308
137317589
137276745
137480281
136838698
136500839
132066978
137477888
136769882
136694807
136791312
137432494
137270938
136673351
136925949
137008070
137219935
134639572
137100423
137210415
137240221
137297151
137380088
136998342
137500907
136440245
135265289
133135692
137030641
136422735
137116676
136991248
136422830
137155235
132526465
136556598
137527942
136535161
136607223
137288683
136703301
136895470
137196770
136421380
136576831
137495107
136567967
136607189
136730572
126056608
137166392
136578803
136070729
135560431
137127202
136790896
137492593
136873979
136609763
130520557
137205331
136921108
135917702
136963544
136889967
137246210
136908265
137372210
137360654
136312170
136751440
136702129
137248285
134956434
136769826
136923890
128745772
136689676
136857016
136218447
136650875
131624632
136855274
133250354
136503592
137120168
136770967
137423692
137055628
137023032
137525136
137511725
137500094
136930098
136893697
137042796
136758619
137506371
132926181
135458827
136983774
137193648
137541420
131884156
135174043
136607561
136910812
132779702
137438829
136670408
136907019
136900700
136516496
135684191
137381415
132759995
137094344
136838886
136941205
136792723
137438384
136109890
136504565
137147114
137107621
134614474
136082774
136857485
137210973
135655474
136636605
135902613
136793167
137485154
136781862
134233323
136943740
137526382
136818585
137349550
137492994
137446667
137197616
134747596
137481617
137353789
136491670
134337968
136704618
136323448
137257291
136944566
137259257
137103349
137531142
136323816
137167315
137155001
137101744
137306109
137365893
136705342
136917931
132378281
137511383
135319614
136567010
137382689
137097106
135026355
137145447
136727865
137381041
137042323
137079414
137266592
136881076
137276791
137409045
134448870
136553198
137531805
136768591
137044102
137139556
137134291
136322737
136930129
136928390
137034481
136780986
137156805
136568056
136641701
132883315
137126790
136878077
137295819
132112597
136644656
137227814
136702423
137394359
137421569
137466463
137171790
137046835
136917394
137315898
132015384
136062272
137471898
135980131
137406666
136674998
137444575
134800136
136955920
137000798
135894280
135278692
130916462
136901260
136833168
132875273
135736072
135420617
137252814
137141513
137194021
136991036
134842031
136853883
137497676
137271602
136032799
136560061
137159198
137024770
137259732
135592022
137180446
133764701
137438478
137447116
136498317
134522934
136624513
137488747
137427379
136574449
132840094
136643512
137302849
128457511
137537099
137494361
136362493
137218098
137259019
137154881
136569518
136401989
134602118
136681835
136645103
137527810
137215557
137352542
137102419
137537883
136591652
137465556
137062800
137534416
137509967
137169841
137421638
136734743
137191300
135406982
136614571
136967676
136504559
137048304
137026126
132282963
136830619
136181580
136981025
137255024
137421403
137470929
136735919
137034224
137217002
136562247
136918893
137463376
136483809
137156521
135995036
137383099
137483745
137526805
136503910
137237898
136663465
136776017
137260693
137438698
137127686
137003665
135398866
137498495
137238740
137415930
137119854
135892010
136476278
137525648
136693442
136654071
137095419
136530410
137113487
137157401
136841699
137226569
136753121
136548863
136921295
137481453
137440452
137366102
134619139
136360817
137159135
136841500
134511078
137328961
136930423
135538706
137266846
130451679
137386213
137520671
137423761
137269105
135972083
136830634
137366388
137532246
136178931
137244613
137252506
136415708
137216173
137123193
137491906
137012076
137162437
137289442
137504726
137076872
137334610
136537075
137354800
133765410
137142305
136851739
136879988
137535999
137068193
136588346
137434770
136643879
136740761
137444540
137086680
137246957
135794328
136899899
136740095
137465578
137028878
136837972
134499057
136914751
136453948
137445731
136511474
136376285
137199419
136805294
137354981
137061999
137128503
136531326
136530891
137393760
136895072
136891261
136966738
137406663
136711871
136657377
137343708
136690081
136855113
137134063
137433577
137146405
137326387
135327339
136602295
137524939
133189665
136930986
135606620
135346910
136723668
137394177
137336563
136391834
134337919
136998410
137151037
133504880
137249109
137483442
136562514
137464493
137194695
137167766
137062579
137256119
137346771
136686198
136900378
137041680
137283048
136624746
137075944
136351310
131602878
136442796
135471172
135812918
136509237
136916662
136594709
137461598
136146283
137138853
136378473
137198541
135079517
136366553
128079592
136868346
136965910
137417689
131800178
136606895
136881892
137390257
136652028
136180169
136959818
137534657
136997729
134295591
136121927
137139458
137380661
128393213
136440013
137356923
137285022
136656933
136407861
136613690
133519577
136477242
136777973
136808768
136177180
137317983
136594984
133194190
136683178
126418008
137480393
135545261
136901282
137466441
137534349
137296832
130714370
137528228
135873428
137063170
137186015
136382632
136797410
135244564
137250602
137167320
137401169
137118145
134183920
137343441
137256039
137514667
135831481
137486656
136967076
132348151
137437306
136930409
136442801
136750303
136563723
134758106
136926153
137353725
137486905
136704148
135835591
137420857
137251053
136546208
137369500
136669444
137307203
137238689
136694661
137371080
136967885
136898794
136980069
136689623
136858453
137529147
137276741
134561746
136544352
137123731
137361422
136711877
136968925
136911308
136662403
136010444
136835174
136586448
136999131
137434571
136975704
137341224
137297168
136857073
136317964
136721100
137382524
137350318
132034517
137514644
136488951
135237097
136718669
136734300
137278062
137134408
135583663
133759514
133546703
137122485
137058571
136693698
136981633
137219505
137026634
136647853
137290926
137151798
136990726
131693649
137514625
137415537
137394123
137480317
137049946
137078431
136667493
137452892
135290653
137123027
136727849
136706713
137343020
136735615
137380702
137063501
136994260
136924558
130759144
137333472
136836140
137348675
136891483
136249547
137538596
137529978
136385703
135812272
137075949
135605469
136732556
136478231
136839014
136930747
135582353
134485685
135842435
136495520
137416488
136511500
134312503
125391508
136888594
133059565
137097257
136790000
136674347
136525924
137161952
137521619
136860500
137545071
136565403
137179770
136783354
137072966
137419692
134736073
136575560
137194878
136961865
136595352
137220857
137170499
136937792
136626371
136432740
136914918
136484104
137229684
137247454
136718166
134527524
136083758
136780201
137164200
136974814
136723496
133866105
137021070
136994261
137101287
136819109
136892015
137196028
137493831
136124094
136695810
137141976
136980780
137287975
130767616
127055354
136594472
136984368
137205004
136394894
137445895
136460428
131347339
133665139
137199870
137117852
134941456
136915544
136598241
137227035
136458456
137371857
136395955
137480814
136575531
132472232
137466983
132325681
137055269
137241126
137527444
137301833
136551282
136599141
137364349
136491253
137364344
132211306
136964570
137497026
136699729
134772928
135976910
137152743
136713380
137171931
136884937
137125647
136779676
137370568
137063266
136550517
136719024
135619670
137527234
137160455
135017524
136719272
136511505
136690427
137026181
137143121
137508494
137135903
137229551
137428105
136815011
137435540
136566584
134720001
137466922
130122249
134727308
137372561
136638394
136899009
135901389
133185459
137201423
137449207
136502383
137319302
136836143
137483468
136743127
137510266
136989647
137458381
136482572
137540365
136812479
137452901
137210577
136625648
136525306
137094673
137067744
134080709
137197395
135991237
137207320
135864422
132126517
136341492
137236445
136567862
135020600
129434612
136918221
137302610
136482366
125271994
135446036
136613331
137313058
136605526
137176751
134174503
137509183
136676103
136575830
131990090
136930941
135821496
136884864
137397189
137330231
137433423
136487307
137053491
137434558
136444353
136901791
136681455
136736137
137369672
137387483
137156507
136834950
136135255
136644418
137052669
136771701
137290599
137050755
136577275
134750948
137017467
136565644
137189713
135692042
132858386
136551581
136583777
137192197
135485641
134371884
137197977
136923967
135986546
136493992
136550471
137353123
131327482
134000626
136932740
137349346
136083797
137294530
136818797
136779454
134714880
136494768
137099072
136712775
136583865
137162461
136957129
137149305
137485549
136605879
137082768
137120896
137016462
136927857
137364254
137365055
136833551
137186016
137076097
136841693
136991522
136974424
136956005
136122945
136495665
137497271
136955900
136212281
136767794
130452947
137076781
134983771
136743977
137104563
137011241
131934499
137442706
137401242
137238801
130279256
136770362
133195391
136163629
134276921
131741882
136433494
136961085
137002331
136860676
136626708
136741329
129806484
137097292
136656998
136285186
137307730
136638057
137067681
137163893
136549940
136735646
136414458
137473716
134427427
136893679
136556591
137098550
136159372
137074045
136994699
137485921
137085888
137236752
137433376
136669893
137073970
137497911
137337986
137147014
137485435
137057169
129836538
135472946
136794168
137285671
136727982
135895349
136960277
136892424
137297842
135473566
137394782
136738885
137005359
137294825
126811106
136610694
136419185
136523453
137293876
136548322
137358782
137354054
136950586
136881301
137180496
137412131
136536699
137100619
136960208
136819942
131396391
137495638
135388286
133570246
137343142
136422855
135650986
135295249
137158628
136570559
136688012
137331071
134337864
137041485
137263966
137063184
134307136
136962091
135889978
137373508
137358989
137472730
137105047
137313330
136808628
136855838
137518993
134742083
129951189
136592779
136882673
137466566
136442790
137380914
137255010
136637298
137462932
137073983
136917189
134720998
137417413
137176690
136780345
137266904
137056588
137109331
137528328
136903298
137141514
137236127
135523508
137189164
137365321
136695360
134948949
137167339
131774942
137193281
137519782
137344764
127843549
136475238
136164753
136578518
137016487
137224383
137019090
136291584
135973840
136372604
137037415
137175544
136964048
136144064
137170970
135793060
134807891
136550506
133917885
136656272
137073772
134100630
133712102
137423402
136889038
134816858
136659794
135264230
137300981
137060743
136676564
135724876
137508884
137195138
136874386
136914183
136861277
135880025
136103046
137207731
136585383
136031083
136254364
136999673
136029260
136549503
137240822
137232685
136135669
136824083
136545623
137526313
135554720
137167390
137414276
137445332
136822751
137029720
137281030
136551299
136564269
136338033
136355078
136032142
136521163
137219721
135542086
124189179
137458157
136809199
132521784
137308301
137439984
137245712
136605140
134895773
137220928
129669127
137431707
136691380
137057974
136397112
135966934
137294864
136629579
136324979
136257222
136716083
120258137
137336443
136854615
137161882
136791236
131441564
134958340
131406386
136554379
135443627
136564239
137133807
137257324
136677581
136487270
137097774
137375861
137213905
136598806
136900577
137152434
137479301
137002587
133722627
135753808
137126805
135716564
136902911
137544356
136869547
137429096
137237828
137532218
137434460
137290793
135889172
136930326
136936299
136718899
137146437
136692420
136462073
134000917
137266594
136794393
137154114
136993776
136550393
137067915
137005681
136845595
137126953
136701204
137094017
135334008
137153244
136838884
137318931
137210953
137103436
136476056
137171222
137187747
134300063
137188214
136884957
137264280
136550126
136588284
137460132
135524055
137440834
135766794
137478385
134993477
135720467
137528543
136883883
136792698
135824070
136631470
137096240
137435896
137153698
136652821
136530777
136525548
137371978
136578355
136613284
136930498
135902190
137006099
137307179
136999635
134956838
137306465
134527949
135501990
136568851
137048657
137207261
136499674
136667632
135489726
136808301
136702785
137496961
137392697
136919298
137481547
137314537
136891054
137508711
136144057
132856310
137237822
134455668
137037677
136784166
136228913
137416804
136895252
137055796
137066534
136210827
133271241
137442811
137044018
137307944
136566809
136593484
137431042
135689975
137532593
137424284
135503461
137221622
136769386
137150226
137436353
136730919
136629007
136816483
137126955
137127878
137140898
136778082
137101616
137471066
134901646
135078201
136567572
137186736
137526314
136596981
137158174
137433803
137238724
136387325
137475798
136259263
136790774
136537648
137526529
137429732
137252482
137104843
134827150
136849734
137505100
137157072
136878209
137205311
137487232
137043728
137111326
137066475
136644946
136977924
134160545
108157362
136503131
137311529
136710994
137097412
133655484
136643463
137296066
137145026
137485994
137299995
136828323
135891847
136897918
137128767
136596339
137348395
137534355
133479466
136887168
137047056
132375186
135743080
137525873
136625820
136995847
137059880
136769632
137496956
135969966
136200356
136888599
137151504
136540665
137103240
136690054
137360375
137406355
137399791
136922098
137244847
137215433
135930668
134445418
136857823
135822813
137549559
137336839
136989110
137230520
136641551
136472613
137431156
135016297
133301283
137447029
136894123
136155394
135993546
137533864
137207783
134207263
137266067
135470837
136904426
137199124
135689176
135946534
137103458
135416599
132793345
137214466
137086280
136675391
137154282
135248315
137510786
135896894
137169769
137202038
136525847
137227241
136998319
136661050
133764420
137079466
136943276
137005989
137000613
136791234
136569147
137517569
137364066
137365165
137440870
136378331
137206953
136683263
137532137
137352277
136882797
137193640
137002892
136930932
136103055
136736106
137113303
137126352
137496197
137238575
136959237
135621162
136792447
136496220
137212377
137189413
137149489
136743116
137417481
137094644
136680570
135756964
130582276
136808760
136979623
137411095
137051552
136580015
134337908
137250484
136774836
136608477
137249934
136734111
136582244
136481311
137001769
137487294
136972619
136733819
135306602
136955716
137101947
136487107
136599903
134585733
137518579
137534118
136859883
137533501
135651651
137067990
136964708
136633669
136962430
136721463
130085887
136954468
137283061
136867257
135883060
136473771
136836568
136909155
136671179
136823604
136677863
136795538
136647653
137236107
137513002
135772783
136593762
137466493
136906571
135383922
137316791
136589561
137501191
137445314
137203719
136823260
136255066
137158527
137535859
137415695
137291062
137333023
137419536
135052793
136694394
135530347
136615066
137181247
137033958
136738828
136392291
135658969
136546216
137240086
136578981
137022108
136908032
137391771
137085686
137002915
137003404
137282136
136185490
136883993
137447166
137111939
131975557
136891784
136718321
136603852
136566343
121012118
137421241
137381977
137493805
137203001
135744970
130481646
136770499
136585338
136532230
137100261
137297393
135908730
136855985
136723339
137119092
136551288
137199428
136553846
137534524
136389101
136968730
136608753
135770716
137332987
137257349
136836154
136555296
136869460
136980692
136836138
136850422
136494342
137064377
137520316
137107180
137302085
136717950
136536286
137069803
134797081
136184902
137507025
136993869
135639530
137049230
134825178
137483067
136426105
137220789
136839261
137120022
137244108
135295085
136474021
137083688
137453791
136885501
137103745
136830629
115622254
136856920
136963448
136995383
136883800
133264139
135114226
136553522
137266754
137273726
136621189
136860639
135195448
136491539
134901699
136212514
136999074
136296407
136772652
137434553
137006083
136442798
137497510
137154778
136011915
137046434
136326659
137489181
136747003
137159493
137243096
128072467
137256930
131615530
136364411
136989930
137521112
136883112
133403895
136550510
136564449
137331385
136592138
133987272
136886599
136614642
136859831
136550176
134251512
136896284
136890612
137445753
135590526
136540993
137546908
135972331
137419163
134897121
137199430
137134324
137093523
136810956
133136449
136973075
136073102
137394042
128905442
136651545
136753042
136474038
137464436
137232572
136663211
136737821
136840142
137431451
134786471
137427176
136587132
136298668
137362382
137353946
137357941
136631336
136622299
136707139
137118097
137432031
137380140
137520940
137363204
137363158
137486671
130427517
136059345
136662391
137091249
136704461
136787469
137361371
135893508
136886414
137496958
137076900
137127285
131607655
136347819
136957826
137253486
137507794
137122235
136598077
136907271
136928880
136548943
136805307
131248727
136851339
136049040
136596765
136695051
137357116
136953157
136661555
135275236
137370191
137159705
136327627
136720632
137336112
137537541
136832904
135543997
136694323
136650896
136657291
136632187
136812730
136810683
136490529
137258825
136590051
136482639
137099122
136683246
135158344
136808457
133697971
137430486
137162010
137497661
136090379
136857865
136562499
135184853
137470675
137181687
136480937
136892614
136344665
134369997
135925753
137249302
136204545
136725342
137419864
136698007
136568759
137136670
137142386
132067644
137161799
136477939
134990816
132149198
137098181
137496774
135842842
136472264
133239367
137264321
137207069
137381007
137311050
137063597
137330122
135993324
136791392
136095693
137058756
137049428
136492883
137490701
136376889
137225614
136839619
134370297
136591914
137127072
137427975
137530952
137515564
135590482
137176454
136715232
137445241
137305615
127814877
135351337
137413543
136981711
136905700
137443719
136885809
137145519
131011749
136995878
136624021
136566505
135896301
136494706
136522170
136639740
137184870
136945756
137089516
137221206
137201009
135218228
137484169
137394610
128506568
137472065
137364396
137380813
136541019
136926997
137503623
136816786
136070195
137137043
137050723
136923648
136473904
136028908
137295103
135776012
136957793
136480771
137146193
135236503
137153973
132665475
137196010
137295795
137393888
137189668
136998320
136900927
136873167
136524104
136563754
137276794
137244823
129965450
137155310
136639886
136603503
134806632
136892826
135488475
137377162
137515952
133580530
136836283
136220913
136871208
137432851
136528299
137296627
137236248
136501004
137434244
136798668
135555521
136486820
136558643
136867745
137377319
137338123
137099540
136770591
135348139
137098736
137040249
137062184
136731817
135130001
136962233
137309865
137277296
136496696
137278756
137334693
136695259
137303166
137422710
135034246
137281045
137460232
137010919
137426439
134486192
136667432
136685453
136597140
136211498
136591563
136606649
136908194
137444792
137033351
136777489
136566039
130344903
136465480
137300957
133568136
134972958
136909534
136194173
137242641
137247090
137194119
137124282
136962604
136900726
136544702
135372629
133875992
136498633
136567625
137256407
137351906
136411596
137443817
137494118
136494605
134577494
137155816
137518849
137406425
137034432
135698763
136658406
137003671
136858021
136986065
137264531
137166770
131676330
136836086
137276778
135618831
136523368
137371672
137247408
135580263
136740504
137169683
137098591
135464478
137276797
137024136
137022074
137127210
122004619
136997279
135219670
137302979
136789694
137241157
137001553
133799203
136590690
137533857
136813087
136833271
136524418
137432039
136297627
137075925
136868670
137203971
136624154
137048075
137075886
135417501
136847254
136623100
135286005
137022047
137022051
136498796
136442791
133302757
136456723
137122713
137008572
137496972
136606840
136070730
136642129
137481941
136874481
137440711
137448209
137059892
136579578
137171409
137045939
134977092
137011237
137277287
136973667
137233791
135778163
137347453
135560434
136407539
137001046
137313592
137298062
136773411
136671598
136719179
137046996
136999703
137493770
137137914
136635043
136518862
136665135
136761338
137519513
136931453
137004995
137501189
134893736
137511032
136704427
136971752
137227698
136770702
136894882
136794485
136645016
137226464
136973733
137266605
137047027
135032597
133881331
136808161
137511538
135695095
137077626
137106396
136559636
137258943
136930207
136831067
136010478
137511362
136809279
137343788
137000380
136692158
136579214
136172791
137441421
137027536
137530069
137016474
137221429
136668660
136536953
136121199
136920971
137361856
137038702
135550487
137117357
137174496
132248048
137507642
136543284
136703556
136304700
136641152
135154304
137407866
137549552
131195395
137383764
128758458
136780649
137530792
130498605
136840412
134428231
137151062
136887830
135660521
136616761
137493782
137313642
137231388
136749276
137152534
137141240
136491572
137283484
137294993
137359474
136656057
136882389
136398979
136567485
137372441
137204582
135852618
136893196
136485277
137354562
135933765
136796475
137167831
137427487
135558616
136577760
136225688
136670680
136359059
137502975
132925783
136993292
133804668
136966522
137359335
136853638
136711870
136683454
137517675
135644323
137163350
136482535
136538298
137206229
136390036
136385270
137197997
135961793
135621751
136778068
136731941
135995285
134431402
136868125
136534173
137199969
137533129
137348253
136581951
135496342
137537886
136682866
136627696
136862604
135988983
136430426
137416637
137281690
137147311
136700222
133455326
137181197
136065866
137467680
136512520
136810615
137099612
136396703
136590747
137123135
136330421
137002793
136553816
136638882
135435325
137466600
136566545
137114477
134887240
136617900
137182053
137445619
137486845
136825444
136913486
135897429
137416806
137514876
137347618
137133614
136676116
136550788
137520589
136921643
136924094
137127659
137165344
137190120
137289574
137189117
137232226
135979383
137252333
136890492
133928605
137518995
136880862
137444034
136506632
136967689
137258642
135239292
134498853
137202937
137529081
137472512
137092974
136795945
136845961
135663394
137235001
137122486
134238553
135396771
137319103
137271830
137361335
136869791
136732305
135012696
136799142
135871775
136592037
136499835
137376106
137175705
134086689
136600538
137316949
134832624
137141503
133856955
137220512
136476883
137422519
137531172
136994298
137430253
137472456
137127954
136667858
136931276
137311038
137130001
136775648
136629886
137000459
137421396
137147042
137154480
135562658
136488370
137388781
136719991
135723635
137329141
137422353
134703471
136812031
137500004
137534425
137194099
136594212
136196977
137422151
137304209
137116507
137242818
136703382
137116779
136643020
124086241
137446084
137503865
137406662
136012263
137250341
137418378
136987105
135509151
134077136
137369088
137311190
136964037
136861617
137429892
137090255
133516576
137250324
135662902
137247093
134312549
136929854
137243193
136966891
137076700
137327233
137172198
137441762
137093417
137124378
137491965
136819896
137468974
137459672
137532775
136984176
131531637
134590226
135752992
136524735
133926396
137252817
137359787
136880539
137006470
131132639
137415007
131119379
137357310
137315249
137005357
137468983
136555722
137362762
136895489
136651971
136905574
135837149
137175853
137472853
136842036
137165779
133185847
134914522
137341402
136631600
136877864
137193778
135348264
136995377
136905749
137216366
137359208
137495070
137065810
136937725
136248967
136478816
134383127
137198115
136499667
136550487
135017435
136907862
137293173
136248151
136341491
137341541
137463289
136540111
136473394
135217473
137206931
136501308
136559701
137353720
136971692
132293864
136576078
134841857
137104555
137342963
136349987
137478471
136511492
136883117
137254879
136713609
133540530
136618579
137181139
135247263
137341756
137545741
136667920
137098219
136727528
135523448
137472483
135052442
137371245
136322122
137353189
137036897
137049805
137342162
136827402
136564167
136584707
137285410
136525669
137219419
135947493
137367344
136175163
136930285
137492185
126528740
137317939
137533712
136633671
136751606
136131565
136693378
130344904
137411608
137364065
124696840
137213581
137082888
136665051
137290390
136545599
137461551
136981006
136678345
133642963
134070904
136647552
137250782
136873195
137468133
136788964
136683007
136963406
136782336
136658020
137384707
136946774
137077558
136875945
136671839
136916747
137531625
137159145
136992109
136804957
136979704
137254212
136563704
137051284
137539773
137392004
134697266
137328213
136339334
134986353
137169821
137499469
137347072
136957128
137078402
137112067
136968917
137249557
135432390
137106063
136511482
136187280
136510473
136734457
123701393
136868347
136433421
137063153
137443289
133297601
136888528
135525141
136894916
137062625
136648854
136769524
136670389
136985637
136965328
136350643
134943740
136511491
137481879
136790959
137188531
136462800
137046668
129264259
135623039
136966506
136861726
136813516
136487304
137472869
137260004
136777200
131623595
136776987
134894354
137528788
136489383
136900020
136627331
137212826
133293285
135525058
137121045
137205378
136070165
137380683
136907045
136834608
136922897
137146774
136607683
136667854
137357124
136792632
136688729
136414095
136694070
136884574
136620864
136406056
137525292
136676295
137152302
136996911
137366547
136907852
136928038
131450315
136095609
137064376
137128108
135843789
136976441
137368410
137266827
137229126
137444716
137510849
136313399
137500582
137155054
136998399
137088296
137310435
137099609
137419520
136899596
135463099
137401330
136714423
136811474
137300478
137105517
137218927
136649576
137498496
137009867
136676454
136351176
137339202
137069632
133506255
124013446
137159551
134063417
136882939
137065764
130452842
136885176
137090472
137357099
135994620
137518672
136188084
137381029
137486464
127315417
136478580
136440243
137188069
137181452
136809882
137088846
137205583
137123535
137364161
133978680
136745337
137210327
134065162
136028223
137113026
136178817
137504852
137153287
137101796
137408872
136833853
136476917
137242331
132877461
136954548
137124418
136236542
136503401
136396752
136534853
136969083
136773341
136586947
137434013
135973715
134212847
136117083
136650127
136084426
137035569
137193558
137439192
133567895
137438308
137255894
136050438
134626812
134227396
137492988
136588042
136632007
136577713
136532136
136602434
136621531
136856771
133296357
136577930
136985691
137292448
137045685
136481540
134382600
137421586
137134596
137266883
137266825
136656427
137384172
136075058
137489831
137312634
137205114
136768675
137089914
136464039
137096531
136499676
137215612
136643773
137123029
137209883
137057683
136211501
136555228
136860348
137154707
137232017
135017104
134069171
137316492
137002700
137350710
137382713
137092065
136481400
137036493
137219928
136733258
137097168
136638812
136841601
135468640
136501247
137033713
137448772
136952295
137257237
137299470
137251563
137494691
137393099
133124468
137239785
136458382
135019142
137466489
137055505
136413038
137423330
137503235
137494602
136670411
132026579
137320142
137142674
137479282
135663172
136777878
135297515
127280959
135635687
135661185
136490399
137142803
134878628
136592758
131381740
137473600
136595746
133895973
137342132
126635810
136832099
137119319
136657854
137237864
137524775
136967414
137244722
137316553
136476260
135888535
136875334
136681468
136969289
137512202
137234169
134435920
136493713
136473994
136646907
137507281
137325536
136835941
135900967
137026845
125501551
136091386
135667522
136705301
134901842
137105782
137205678
135237472
136029387
135133958
137227980
136117447
137427041
137446053
136999208
137139824
137061223
137001727
137436275
137493977
136476181
137241095
135904085
137539276
137181734
134572688
131535933
134885042
136994250
137215558
136906246
137011251
137055905
136983600
136306296
136531066
136542248
137156468
136712270
136090924
136604462
137006893
136833759
137546624
136978464
136715761
137087964
136983380
136848989
137534256
137515851
134651219
136502068
137170042
137042031
136889056
137521646
136636747
137376105
136848462
137076789
136107062
136448350
137315623
136672828
137029073
137427281
136892883
134799604
134240014
137022114
137416643
135868311
136534790
137471943
136783635
135911661
133304464
136239770
136571071
136495489
134822412
136957980
136511488
136610862
135740632
136714473
137158531
136827855
137156523
137336588
137106891
137491427
137249394
137267515
134268387
137523933
136876955
136324153
136641082
137434039
136561987
137103211
137369424
136365923
137485524
136550477
132980938
137116831
137202330
136818434
137033367
137169132
135557339
136900876
136739089
132422603
137328353
137076583
137235889
137242939
137491582
137321957
136535931
135758516
137199886
133551158
137480280
137146402
136199493
137256637
137214461
134833530
137422876
137370261
136867883
137357165
136756794
136716778
136919221
135181650
136712062
136737024
132766519
135995920
137127174
137429460
136119435
137391680
136433867
132169037
135903644
136870475
136901841
137245797
136413643
135869480
137208455
137446754
135877987
137310112
137041857
136671370
137259207
137232461
137090601
136532493
136606907
133112604
136390869
135969010
135726704
134717822
137213837
133629890
137497663
135323030
137062044
137388806
136898830
137480136
137413395
135244859
136897622
135718557
137212978
136784963
137482768
136405712
136742609
137241944
136945025
137307806
134741701
137208521
136442748
137412032
137368358
134829476
137316753
130280848
135928450
137360910
136705332
137455974
136326213
131187682
137166979
137246921
137383833
137442650
137364058
136562062
137486648
137112594
136570402
137073984
136178175
137099430
134452032
137266793
137358270
137123855
136810689
136593295
136523625
137061523
137220206
136869371
137296999
136787471
136651181
137042613
137480126
136442713
135507290
136719897
135196170
137538098
137311267
132849017
137216199
137281310
136667687
136556372
136782567
136487292
137382663
136932614
136480063
108648632
136646746
137385101
135253889
137463615
135503689
135756754
137104106
136995227
136734736
137328917
134808591
133949591
136812318
133774137
137539037
136681294
133522887
136079060
136811217
136713941
135629619
136187826
136145743
136070899
136685388
137069439
136714772
137367858
135195469
135363001
136657069
134108646
137061067
136735638
134477361
137313646
136071467
136626706
136824655
137308062
137477376
137468074
136363985
137005916
136737524
133309853
136545078
136682502
135790347
136714520
136812324
135839023
137427941
136765059
136588900
136670381
136790522
137481011
134337944
136354547
135363944
134299651
137070319
137422543
135977401
137073451
135023811
136480839
136973132
136552058
136786222
137072538
137412399
137259190
136865895
136526651
137492603
137076369
136298295
137349184
137371326
136886268
130751497
111556548
137367984
137525018
137346465
137384292
137509494
136658561
132982228
136910187
137336491
136598851
136657707
136893264
137356225
136891586
136485081
137008029
134717827
137428837
136727466
136437179
137043870
137474312
136910913
135417237
137254225
136704673
135910446
137066453
137341367
136983230
137083605
137126355
137145420
137286272
136999670
137134035
136531748
137224563
136871294
136822292
136426101
137422557
134520461
137312737
137145435
136787081
136923887
133773712
137090864
137196911
137479248
136546156
136715623
136923453
137196236
137476645
137415949
137436603
137091032
137376112
136788378
137201654
135658881
136805778
136841109
135852258
136198016
137434734
136483405
134983662
136554589
136818103
134971702
137473866
136907270
136490409
136647099
137204141
136604118
137069643
133408276
137076241
135485514
137260593
136628857
136988207
137183888
136794083
137111095
137415736
136599266
136629943
137425908
137198951
136556583
137212428
137356710
137518903
135420374
137051609
136656755
136954458
136798464
137153039
137137347
137213411
135322888
137352426
136436100
137374109
135396735
137124620
137059573
137470760
133844239
136076711
135310752
137142286
137059595
135168710
137136659
136596172
135409015
136692044
137007643
136812081
137307068
124630023
136923320
137236754
136511489
137086960
136883216
137134502
135503457
137257725
136742470
135816769
137474530
136489790
136659689
136705340
129949295
136669338
137016147
136681224
131038195
137063511
137432093
136605054
137311686
134938250
136937070
137531552
137140562
136788247
136780515
137364068
132804869
136766795
137417272
135236674
136519874
136824283
133579676
137549571
137158300
133838597
136372649
137157301
137370570
136892874
136551015
136567228
137462040
134275191
136536497
137149293
136719093
136979900
136611803
136803414
136583075
137016437
137351989
134745332
130782478
137036094
137324744
137177354
136680228
136629120
137452801
137150218
137441918
136531787
137255110
137321309
137478632
136686147
137051866
137499102
137070821
136900853
137112340
137224148
137481948
137523269
136504552
137343050
136550498
134707379
136570027
136728767
137331262
136740147
135507267
136774181
137247881
137465924
137360557
136662844
136437177
136707018
137353197
137148953
137434219
137165300
137072816
134809972
137501122
136649452
132600516
137356598
136958238
134780027
136358177
137391081
137205387
136855407
137038496
136748464
136745624
137050983
137030052
136559213
137412850
137112102
137091094
135844041
137252087
136529472
137534451
125428124
137104142
137382352
137086892
137133078
137258500
137427628
136306982
137216544
137351089
137337487
137079467
137442674
136920260
136621534
137241087
136603958
134580823
137512958
137266780
137113472
137428184
136994272
135983062
136648633
137116620
136957385
137297951
137124483
137202159
136618253
136077428
130196524
136667069
136739729
136831263
134324561
136328320
136511511
136523145
137382359
137472739
136586852
136555508
137212228
136727155
136768533
136375263
137164661
136504381
136788329
137495042
137249578
136795787
136967636
137017226
137123944
130200702
137199569
137496974
137533833
136952729
135992092
137394141
137510922
137372412
137501159
136669198
136891657
137367387
136654612
136797406
135050340
135247260
137319927
136722987
137370505
137413837
136649436
136373898
137159793
137494476
137357605
136351535
137543168
136052622
136093801
133082832
136962431
132329683
131511657
137090327
136039197
137452469
137209553
137166405
137137838
137535093
137340799
136771253
136604055
137312379
137043328
136626998
137483233
137169563
136545178
136301228
137088723
137443357
137447662
136560911
134733752
136769656
136456809
136442755
136720836
137421998
131670364
134385518
136770677
137052643
137266863
137356298
136806421
137010075
135752292
137127315
136880863
137205337
135251075
137110014
136953165
136879794
136550962
137008116
137184565
137045484
136890560
136882538
136955864
136786441
134754718
136938305
137071784
137086974
136827697
104013885
137540612
136613365
136899802
137346640
137433535
133570296
137258919
137010659
135869622
136497750
137177459
134493921
136351073
137103501
136511974
136927345
136722349
136087007
136595819
137307681
137015861
134503254
134445324
137520258
136480187
137329762
133547905
136650529
137210546
134419898
136998649
136989371
136594454
136121153
135899093
137494014
137523463
135978661
137444823
137074259
136604163
135454106
136439987
136688030
136485328
137397852
137285791
136751441
137499741
137075906
136737043
136735785
137307234
136635955
135935711
137241096
136610649
137090416
136922807
133302134
137156322
137309072
136880405
136130901
134942744
136712854
137220846
137493063
136701452
136530673
136939567
137471617
137311179
133998829
137324383
133250550
136551291
136810012
137110248
137256322
136984189
137219801
136474387
137076892
136818041
137446164
136905070
137193475
135561592
137156834
137496975
137061797
137100363
137203199
136912192
136702759
136741423
137441869
137139734
136943144
136728036
137075910
137524712
137135946
137242794
137235070
136084932
137135279
137534149
137052008
137449603
136845075
137314878
136404695
137317700
137167054
136692095
136540662
136428600
137058004
136981710
137065674
137290811
136617038
137364813
137480137
136720940
133082559
136730465
136689353
136962928
137381463
136752570
133553517
137155737
133086205
137539077
136144046
136885865
136681384
136582707
137496165
136735168
136796493
137255111
136197679
137519682
136867847
137519310
136844031
136911184
136418146
137448792
130761798
137058838
137474689
137462934
136697194
137039101
136564426
137494264
135896920
136913897
136142166
136768517
137199868
133261410
136480835
136067084
136125761
128484483
136872587
137127215
136588797
135174053
137535086
135738316
130440673
136739003
136818830
136423371
137173594
136632859
136926477
136848350
136529544
136537279
136508512
136600621
137470674
136415656
137383154
136006284
136855992
132275084
136423025
130995656
129740217
136899592
131337604
136074856
137499461
137104550
137412025
137365597
133362346
137466012
134206707
134544669
136608865
136922015
135992011
136623973
135774582
136010184
136604836
137514818
137040756
136471373
137285226
137042033
137298953
136892549
137207828
136761695
137417110
137266131
136794506
137240615
133151690
137492750
136772651
137089056
137296181
137211883
134845170
136919058
137057642
137184041
137161622
136697123
137364435
137425105
137191639
137500872
137290405
136830571
137534789
136841837
136777523
137215291
136899353
135615083
137070646
135138249
136560606
137001998
135903627
137254232
134948604
137276748
137114375
137094887
137219120
137077485
135690357
136703620
137370662
137393644
136738197
134986424
136784715
137483327
137047195
136065698
137525259
136604353
136533457
137112922
134702846
136051891
136669965
137193695
136246625
136164335
132396931
137073052
136877632
137162943
136981226
127236346
137458745
137293875
135992480
137464437
137418899
137059991
130451681
137365958
136631976
136670215
136608576
136085838
137154795
133663599
137319500
137216543
136375819
137392362
136356645
137233565
137429127
137381059
136690576
137279342
136991804
137011236
137381490
136879917
132017649
137427264
136959180
136495777
137076261
136932996
136384035
137127981
136805425
136534844
137288770
137473531
136805107
136090581
137420987
136582104
136319144
136701945
136151224
134725501
136793409
136904685
137252214
136744106
137376725
137145530
134521459
136962649
135487109
137293390
137073975
136879841
136719266
137064092
137258188
136701946
90599147
136713001
134451943
137294138
136927152
136812313
136635388
133607005
132484074
137203563
131998818
136787610
136654118
136648920
134537599
136788520
135032596
137486139
134879995
136869044
137435239
135179712
137518048
136756006
135993216
136629963
135928560
137520494
136922084
136180499
136773415
137293502
137524069
137360717
133734188
136810851
137018831
136639238
137427263
136778519
137259807
136830357
136302626
136674024
136575842
136730978
136503589
136956228
136730744
137323758
136595248
137423213
136605809
137194078
137499854
133049725
136881127
135438074
136500474
136547346
136795514
137321174
137154555
130453407
137333525
137254214
136778120
136777471
137350187
133983026
137117844
136723431
137006378
136759669
136485840
137449255
137005722
137460778
136563596
136496600
137108065
137213582
137392536
135820412
136893009
137234028
136824575
136884292
136743031
136398427
136930281
136809284
132830959
137248797
136688531
133556731
132612739
135634414
137156105
135438610
137146714
137297331
136789195
136927782
137539913
136185479
136483315
129849236
136499863
130156931
137249969
137371836
135515157
137433068
136220798
136574718
135555589
136595434
136855266
137280258
136188060
136833750
136753576
135467626
137072917
136079116
137107431
137305539
136738546
135754912
137341574
136761738
132734062
137449396
137484392
137398521
137038050
136156866
134904134
137523639
134976724
136141083
135910486
136876432
136649862
136852821
137358473
136077444
131771612
136458177
136404100
137149902
136770414
137427545
136964153
132282846
137527235
137254231
136883170
137239267
137287221
135008945
136747690
137376113
137517152
137548428
137129221
137520738
136031013
135559991
136606812
137317150
137070091
137046246
137098508
135385824
137111705
136494292
137496055
135446700
137206078
136656280
137441633
135260340
136772849
136701182
131423444
137123442
135620437
137483306
137191951
137480338
137139748
137302865
136624590
132723629
137417972
137033107
137230193
137341493
136822642
136952917
137237810
137049577
137466270
136671060
137371796
136568116
137042206
133441920
136831738
137254230
137159931
136696201
137301868
136521092
136229711
136670286
137490474
137199373
133942754
135200733
136498232
136743190
137476614
137364400
137448112
137240930
135607808
137235775
136664852
136328007
135831619
137138626
136475542
135473112
136173604
137448428
136500435
137526007
137539183
136501736
131529729
136551297
137092916
137220911
135028280
137156144
137350787
67762735
137024110
137140905
136648851
137035692
136308626
136795997
136654782
136256849
136822761
136974185
136981844
137036637
136924477
136833553
136769926
136987806
137229181
137246002
137528654
136888962
132629993
134807975
135378415
137059623
137545704
136504961
137168199
137438040
136958597
135969071
137350964
134536636
137170421
137236273
131327206
137316973
136585186
132281675
136511490
132325791
136741387
135661027
137199439
135705635
136688691
137517078
136740169
136818680
137301261
135303474
136490590
134960890
134981478
136920973
133828692
136451805
137507656
137363067
136704377
136918894
131529414
136751085
137247447
136511483
137101887
137057367
136574877
136631297
135984872
136403134
137239695
136613618
134835381
136556822
137095018
131198720
137509109
137549775
137532484
136775238
134750456
137444826
136732971
135663946
136646709
137204417
134744500
136764645
136877913
137282720
137256157
137104788
137369130
136871108
136803729
137362836
136740574
136322073
137484153
137177531
137418021
136525704
136223526
137221077
137037538
128951061
136483205
136576184
137356712
137354150
136136294
137116502
136601468
137345398
135762937
133517271
136886162
136565416
135917603
136895011
137294145
136766815
137299707
136878612
137300857
136697116
136677645
136782933
137445782
137048738
136795713
136705263
136643255
136804395
135927312
136900777
134161925
136901075
137066602
136898990
137481290
137502370
136601152
136647462
136519682
137496084
137087654
136555503
137005028
137330359
136878387
136396731
135877006
136305513
136653769
136590102
136715709
135125639
137457476
136988100
136416212
136860524
134046586
137409877
136920747
135774736
137470992
137367103
137150635
135856937
136705225
133825697
137500662
136508429
136919833
136529469
135786159
137311161
136859141
137397930
136062147
136875113
137494216
137316663
137066830
91986196
136658293
137546640
137406668
136670378
137043492
137027802
136908144
137220203
135262430
137093990
137201884
136179992
137212438
137116161
137314061
135271554
134666482
133014814
137284559
136863223
126671325
136957071
137421370
137455533
137362259
137249295
137502401
137527778
134942947
133373088
137497968
136885971
136987494
136853575
137360756
137150691
137528647
135925420
136963951
136593794
136920194
137259519
136786943
137187451
136141866
137352368
137381660
131653756
134976048
137290838
136941309
137328419
136855387
136312342
137078344
135457972
131624571
137326153
137539194
136920921
137065775
136704810
136678890
136974600
131366393
137287302
137360006
137335508
137043304
136535216
136650467
136118924
137467290
136540874
134846872
137077436
136442802
137336584
136157301
137144662
136834691
137267474
136955894
137007982
137141543
136297742
137432261
135940381
134155059
137151063
136396763
137445795
131556599
137259897
137037429
136125728
137127690
137053963
137424083
136998100
137535087
136603109
136146199
137471365
137162330
134141984
127658667
136786866
137004303
136484101
137154796
137193216
135823408
137481046
137444979
137055576
137002869
136952069
137239453
135752224
137016451
134962722
136993390
136128331
136881012
136721279
137259465
137358608
137468123
137305703
136956586
136884503
135939207
134822616
137064265
137549551
137465156
137428672
137207946
137213548
136957151
136694415
137379338
137312085
135865367
137351821
137011448
137152944
137049430
137406524
136830269
137023045
136561009
137180921
137471372
136553377
135856105
137373027
135612700
136036508
136684492
137044833
136795067
137000326
136587400
137493950
134077134
136824846
136605186
136760841
136959485
136235093
127091194
137154863
134601870
136229698
137085500
135892732
137363144
135694987
136481804
137345891
136603873
136567362
136114264
135612010
136565363
136566825
137350995
134069207
137071313
136689612
137094706
137411889
136979166
136529201
136862797
137534688
134962575
137046754
137128920
137208729
137501266
137368754
136720590
133495604
136954048
128921806
136504126
133236012
137140228
137320316
136924112
137251739
137317204
137040882
136930479
136640619
134217147
137461235
136624517
137064198
137079657
136876354
136545569
137278465
136724779
136717628
137069141
136222666
137296172
137529684
134297105
137417858
136672621
135975162
137136862
137313880
137228772
136472602
135631443
136652260
136551289
133858117
136786967
137365419
136166807
127271037
137353132
136649954
136872118
132714996
136587218
137413596
136977025
132342008
136864175
136739961
136960638
137370935
137181154
136570992
136918756
136838377
133325339
134170911
136930175
136965359
136706082
131976736
137470679
137163821
136479445
137022122
135384311
136581669
137402157
136579701
136923052
137382224
135967198
137472918
137462776
137504035
137203440
137495621
137006248
136764522
136119775
136375662
136536526
137238173
136086732
136795186
137472727
135631259
134050790
136825736
137094489
137336629
136602411
137196054
137189074
136321884
135944188
136361427
136591428
136588905
137370081
137233240
137414447
137284222
137354341
137198926
136701169
136835160
137016446
137214823
137353819
137223954
137144488
136922889
136622469
136642825
134753929
137324536
136762286
133488389
136652873
135982229
136898723
137018212
137066809
137521180
137245974
137151499
136253899
136654608
135411761
137497819
136543386
137207196
137258315
137050925
136374074
136857452
135793094
136592322
137010438
134445537
136701230
136557538
137001074
137102058
132330846
137337572
136918709
137204768
137028872
137481961
137052054
137452221
117326467
137315450
136959708
135961412
136952784
136562170
137158299
137326475
137514195
137430349
135535451
135606514
137448397
136330531
136028884
134880648
137335206
137334692
136731365
137214773
135925135
137193593
137227869
137008150
135205034
137339365
129527285
136918634
133759310
137257774
137517485
136712792
136615136
137443522
136473369
136930282
136640775
136628539
136936747
136940571
135560907
136524955
137010463
137110640
137522749
136965199
131384889
136877415
136777520
137418398
137413377
137023637
136568578
133790401
137387284
135488174
135479941
137236105
136457429
136839667
137010200
137101277
132333219
137537411
136955552
136768589
136895739
135946085
137198952
136878705
137359030
137459858
137091154
137483824
137539636
136656837
136654511
136810920
130995645
136682226
137173832
136415244
130328801
137486061
135708035
134494244
136181649
137192395
136405493
134455636
136892666
136009493
136903225
137174364
137062191
137139133
136536697
136974827
137266792
134152016
137314448
136579891
136479279
137492467
136549184
136856794
137449315
136551151
134169603
136408914
136997682
137498028
136740473
137358680
137218620
137239788
137366525
137485759
137526491
136401468
136714783
137205411
136588899
134558908
105951137
136575992
137168197
136644679
136646157
136639241
136563842
137095680
136623208
136603924
137236367
137128677
134815439
136898751
137433281
137537885
137297173
137354409
135875573
137327534
137341392
136653095
136703495
136852641
137484291
136632844
135645640
137394278
137043493
136886278
137447476
137360285
136852124
136918785
136365900
137074481
136699970
137120903
137192954
136604539
136944014
136673199
137484995
134693777
137236420
136857729
137533673
131038707
137388128
136573287
134758549
135491721
137171797
137084588
136414759
135258765
136563489
137302229
136534196
134589165
137202791
131945622
137448102
137342018
137422202
137256181
137464583
136501199
136799388
137037905
136813823
136485515
137161153
136597556
136616175
136981172
137101493
136853669
137248561
133847138
137054013
136648283
135180276
137466836
137147429
136972769
137106829
136958587
136523219
136500047
136391179
134989629
137529547
137198320
133243424
136983955
136897599
137437511
136488904
136915476
137237417
137132485
136505068
131814033
135608686
137367425
137047563
136743261
136645775
133347771
137293005
137124126
137052660
136648264
137342153
137283111
137227500
136809588
136070552
135219058
137472999
137023065
136654080
136989251
137250218
137354192
137410077
137120447
137518367
136676320
131534228
136846106
136972664
137161514
136457754
134972445
137533435
137094018
137160898
137464019
136942663
136702655
137053205
136796741
132752999
136891746
136966809
137062965
137057259
137215091
136814291
137134956
136351030
136511513
136756916
136219960
137445956
137159600
136735627
136222175
137232697
135520490
137436162
134923930
136166560
137152084
136563466
129967507
135826918
136915595
134455706
136178107
137415496
137033057
136752402
135066187
135389283
135774587
135485640
136704675
137391280
136462515
136808947
136578899
136579272
137195651
127173249
136906410
136597539
136688319
137305684
129264212
136628967
137010199
136601478
136644392
136857975
137487590
137056201
134247074
137003107
137252318
137495503
130451697
137129852
135182070
136983635
135441730
135320275
135312134
137441681
137368755
137075889
129468018
132018417
137151919
136800908
137091295
136284035
136776881
135997286
136946799
136905144
135488895
137432496
137371132
137518411
134953574
134829924
136801759
136859139
136827984
137356640
137163212
136736178
133604722
137357158
108691757
137279688
137150614
136511575
137254270
135365432
136611004
136609910
136578053
137193665
135140493
137197130
136983911
133702245
137527404
137144678
136836697
134754039
135773740
134618326
136977198
136265254
136992150
136692189
137152877
137034709
137096092
134174602
137518050
134585861
136385268
134357585
137164684
137245275
137382379
137327405
137330386
137444151
136919772
133826024
136795938
137538814
137497678
136921087
136827672
136036306
136975526
137547116
136596920
136678536
136668524
131913597
136775826
136780259
136894670
135186962
136626618
137056406
137288264
136487829
133216521
135127905
136997015
136301277
137075874
135182165
137508291
135180328
137140543
135602434
137350439
134950724
135539139
136100547
137110315
136551107
136946744
133552073
137136810
136698108
137098565
136030371
137486149
137062192
136965167
133768142
135621929
137136813
136973038
137523022
136478769
136693700
136683595
136726535
137197680
136460625
134824782
135880009
137239044
136608473
130661485
136177129
136469654
135876056
134876293
137317520
136123786
137184175
137342423
137305567
137253152
137238784
135939630
136884921
136674712
136724640
137365482
135823135
136557926
137492568
137495360
136899764
137045079
136070876
137066771
137205582
133150728
137254221
137518292
135920345
137001933
137016467
137452784
137062539
136986780
136315353
137462795
137292362
137317840
136772540
137022101
136810136
135644268
137388804
137395201
136738733
132439558
136663586
137388325
137088302
136720795
137529772
136697452
136693159
137429580
137192264
136320891
136737423
136656162
135416996
137443304
137516983
136248123
137243732
131529461
136651835
135321410
135764940
137481954
136572811
136492989
137000409
137366084
131111208
137155511
136928557
136661960
137357585
137031862
132779451
136897719
134198341
136746021
135887425
136032722
137064923
137341724
136786758
137357678
136683413
137458411
135977753
133712173
126418018
135945593
136647999
137515779
136646808
137182730
137069326
137538600
136979606
137299502
137293749
137058398
136552278
136810964
136705348
137196255
134807413
136900509
136524541
136544306
137060738
137085492
133867929
134672651
137437831
135028180
134628125
136820579
137122611
137048625
135994663
134386097
135754023
136656808
134195904
137168690
136925629
137141774
137064511
135875552
128298974
136724404
132804237
137526507
135855291
137008232
137408077
132718151
137483346
136522945
120848294
136421232
137070361
136563086
136830655
136880859
136848780
136882686
137276793
135016298
129848411
133994760
137486698
136674891
136920158
136253232
136499631
137539199
136740299
134377241
136850738
137395461
137139948
136442775
137544883
136797942
136934521
137472434
136892296
135776995
137266766
137166102
136319701
137073973
136917218
136263519
137168903
137178285
137199442
136839292
137326472
137435375
136475622
136360179
136694396
136790253
137170695
134337903
137531775
137144842
137467865
137266858
137150838
135236074
136968120
136957681
136628167
136607931
136795742
136769494
136658278
136545122
136125498
136577900
137392002
137165242
137352987
136127541
136140967
134051166
131556593
137189397
137550182
137408496
136809451
137545164
130767173
137251207
137376104
136776573
136546102
135184322
136550640
137293051
137266875
137495654
134437869
136478412
136577121
136931694
137142536
136790029
136364642
137379598
136916431
137361361
136705538
136962926
135207797
134165710
135244435
137258839
137295591
137236102
136156301
137424118
136574853
136962205
137484892
137485303
137381256
136587935
132957066
132776646
136981123
136448428
131482164
136567324
137046559
137301828
136519006
137046758
137229603
136504570
130510313
137385374
136686452
136787076
137237789
137415008
137527830
135500651
122390433
137478076
137092896
136938796
134767030
136094958
137467118
136780644
137347992
136796684
137266887
137329232
136621826
136985570
135944652
137159532
131506387
137219132
136816279
133371520
136335940
136343865
137063143
136990666
136515979
137227595
137300617
130134236
136982858
137453589
137154121
137493057
129467767
137326474
136794534
137421234
136197077
136724774
136897847
137093345
137424429
137082601
123015192
134870731
135743070
137113305
136555645
136980690
137416055
136813075
134545875
133759305
137233406
137123559
135204352
137281843
137206874
136573385
136445669
136859729
137472201
137416941
136599247
136565344
133019502
137357312
133514523
137435068
136559639
137167998
136067664
136664851
135623135
137337883
132295887
136641277
118248540
135299225
137474783
136876545
137349848
136810968
135827838
136896435
135831108
135537388
133604736
136890519
134142912
135909301
137255796
137016476
136857086
134229266
135145074
133832312
137541547
136742490
130452758
136879580
136665517
131453294
137452592
133661414
137460597
136790548
136881415
137286071
136073928
136587733
137266888
137288599
137144684
137199411
136504579
136986582
136465583
137199544
136491270
137362659
136889138
137066467
137534702
137057492
135225623
137480204
137433307
137494316
136789415
136923072
136168338
136485701
137276780
136992960
133994791
136771996
136225463
136940675
134376241
137092944
137470677
137098621
137418977
135611028
136998429
136501482
136496149
137203969
137210507
136358618
135425200
135443604
137069658
136602149
137292466
136714652
137215138
136860502
137285082
137235762
136964702
137472501
137233334
134567324
137199883
136485752
136796220
137453849
137207439
137036639
137380685
136521764
136881379
136527173
137171233
137005630
136373951
136833289
137022110
137465011
137218265
137389737
137225445
136813896
135894461
137234044
137110881
137540266
137236380
137195478
137094932
136694373
134600608
136566175
137492204
134452942
136627697
135410450
136961609
137005268
136928478
136678705
136389163
137140530
119316667
135611145
136879125
134882462
136594943
136792134
137022115
136578258
135968487
136503690
120687303
137127214
137167095
136604852
135033880
133149718
137058828
136901509
137502499
136604504
136694038
132905988
137500126
128999737
136550505
136563161
135826424
135055987
136649197
137159838
136600631
136986617
136669600
136545675
137527123
137201419
137364862
137549573
135734429
137071453
135373190
136605417
131532342
137298908
136805257
137190988
137394036
137240811
137189850
136703402
136521939
136394633
137093202
135076877
136500508
137182246
137391834
137276762
137394825
137103493
137534486
135837603
135823369
119766974
137055204
133388200
137384233
135851513
135725860
136564427
137186883
136597238
136651218
137449477
136770265
136457404
131527704
136604900
136610692
136919301
134939970
137186391
136457294
137455730
136957598
137071997
136918284
136852183
136897956
136995087
137527085
137465916
137033388
136197667
135917256
136780252
130623772
136558540
137195822
136504566
137165805
137086082
137519523
136580662
137333091
137487535
137266505
137201898
136437066
136880875
135551772
136035365
137212094
137476365
137321096
137059696
124120214
136300914
137416697
136228430
136778348
136552523
136653755
137208856
134173749
137513799
137418417
137367105
137160975
136715196
124694728
137121887
136085152
137156198
137105339
136858850
135313473
137243330
135583327
135133004
136795115
136610099
136477920
136682495
134930924
136805785
137525227
134214297
137337499
136956941
137340051
136574798
137342520
137044534
136854868
136993468
136442781
136295837
137313389
135525472
136563593
137455736
136810961
136930456
135718623
136120937
137105334
136689070
136735913
137043421
137287910
137147496
137431704
136646469
136356300
136605595
136262659
135658882
136897160
137430581
136552026
136660185
137514550
133474252
137047262
132736334
133083442
136896401
137447349
123755808
136841925
137301356
136979393
136674124
136775762
128255520
137091114
137207331
136791117
137189129
135802889
136265658
137508212
136888844
137528419
128054091
136783393
136637661
137510787
136556660
137229484
136801422
134337885
137318830
137376117
136722899
137251538
135521766
136917468
136904048
137037388
136921991
136571016
137359058
137234438
136646634
135437032
137362665
137545658
137498377
137185129
136574721
136897155
136145832
134565907
137191756
133705978
137157068
136379358
137492411
136740949
136798333
133248140
133690720
137114612
137415329
137117077
126068439
136827454
133892428
137518500
137040957
136596132
136240692
137237942
135472624
136060852
136807002
136885279
137404638
136154603
137238040
136060986
135485240
136547368
136723699
137526780
137151067
137448776
136657532
137521759
136995033
136671305
136761922
129637403
132434730
134492344
137539048
133397896
137291210
132790894
134488609
133406309
135869566
137005380
137424876
136537503
133899914
136975063
137523446
134921376
134722103
136093946
136760129
137437049
136588583
136742987
137362319
136861931
137266593
136568096
136592966
136909148
134907901
137529011
136394713
136983434
136822470
137412950
137107615
136125218
137330678
137146077
136858851
134431284
137153186
136471586
135121298
137169552
136608688
136957412
136545099
137339641
137167284
137149172
137191854
136494294
137297175
135424009
137363044
137199873
137506180
135739512
137528016
136671615
137299439
136960223
137128384
137203660
135877479
136494220
136994188
137266617
137252311
136975888
137224960
136691411
136834609
133781954
137075724
132320030
136686621
136824502
137434917
136737059
137518679
137221171
135444302
137335541
137362677
137108181
136281130
136901691
134639573
136312171
136197241
137154172
137541774
136860344
137455973
137030410
136896542
131274309
136945063
136136856
137337697
132650652
136825518
137328327
137170320
136721561
134885954
137352986
136888254
137136528
136718674
136758711
137510066
136727356
136538528
135403145
135829589
136965105
137294175
135982457
136905656
135265141
136094190
137328601
137352298
137484985
136952329
136890788
136542087
135156152
136901109
137270331
137312686
136789888
137146386
137354159
137106838
135661900
137276415
136766128
135893935
136300537
135965942
137391957
137487421
137429899
136812346
135652441
136250794
134541649
136812106
136550515
136229704
130865678
136494293
136624281
137080267
136494062
133763496
137418068
136654543
136558547
136664871
137294280
136744255
136474654
136886759
137493206
137382993
136704791
137497210
137206524
137523927
136566193
135759579
136550459
137515261
137104228
135422462
137229727
136573730
136649653
136316580
136835610
131324472
137329681
137258354
136953302
137160451
137193958
136904905
137449289
137095121
136589257
137096334
137390418
121117059
137292590
135160953
136450188
136325374
137498083
137332169
136901261
136442706
123879213
137236503
136528686
135922494
133135693
137414970
136601828
137461554
137136842
135689907
136653247
137517316
137255409
136887701
137474282
135794227
137481517
137511379
137143749
136597901
135902604
136504557
136997440
137343789
135485541
137047567
137154490
137179370
136442743
137315619
135793967
137048802
137239776
137369293
137209752
137033555
136811358
137312644
135849991
136889063
135777519
136904575
136541979
136812559
137219114
136874206
137435167
137309516
137534131
136877248
136396744
137016450
137192953
137179769
135819525
134795239
137352610
137354254
137493639
135378924
137180965
136670404
136115938
137250289
137028441
134213917
137358863
134995010
130497387
136689523
136659761
137471067
136598060
136657701
136524841
134529878
136534428
136652733
137221798
137329890
137248238
136928316
136796382
135693822
137101663
137372717
137056178
136809507
136930691
136874387
134940774
136799360
136976304
136918812
136717652
136730571
137492352
137194345
137528407
135732315
137142780
136334786
137495713
136584055
136653867
137252138
136897154
133490421
136907085
137329454
136060753
137356182
136795151
136812071
137082758
136909470
137527557
136736441
136651528
137425872
137273955
137432210
137290299
137276786
137253353
135778274
137463517
137516368
136567210
136598774
137022106
137127621
133704701
136201630
136591850
137071350
137254030
137447566
136855525
136704014
136361819
136804154
135887586
137115743
135438339
136903384
137420149
136994234
137380913
136717046
137503380
137486052
136860287
137306577
136764321
137527383
137395500
137448558
137415653
136503891
137241735
136851277
137082347
137432683
136403398
136977107
136673719
129625644
137139340
137070632
109153182
136552220
129586923
137210130
136714287
136787411
137399885
137364332
135760027
137000729
136535536
133356497
137153321
136807369
135871440
119232652
136889640
137210723
137122331
137314340
137302319
137010157
137286927
137195972
137272991
133387775
137197907
136703834
137153657
136707705
137328547
137211773
137031452
133114071
137239271
135643840
137248817
136029774
137266595
137301883
137240352
137117822
134681533
136994432
137199519
137383707
136869833
134337939
135022690
137061615
135969661
137426493
136575956
136552748
137204747
136885113
137524404
136454380
136040428
136159330
136502918
136297780
136998317
136550356
136576671
136730551
137253874
137047119
137530542
137202276
136832386
135591305
137437630
134441123
137078373
136560151
137534981
136836014
122444117
136597658
136802061
137127625
137519242
135233726
137056481
136935866
133324572
137172271
136882547
136170947
136587195
136671815
136122532
136651954
137205121
132757601
137383158
137171642
137197750
136770952
136723377
137245446
137350146
137154112
137232834
136591571
137115038
135902612
136988791
137432855
136607288
136217356
137167556
136723492
137509948
137266796
121664263
136908598
137440908
137199410
137464515
137090899
135788956
137250337
137423487
135550337
136617386
137409811
133249102
137219435
133629967
137155061
137215086
137382075
137443933
136981516
135997288
137130071
137109982
137064626
137219728
137356879
136544497
134744321
137032238
136483496
135412771
135732605
137276771
137467301
131771617
137434440
135322875
137075376
137269946
137189595
137330597
136702878
137062202
137117976
136761994
136676589
137503985
136555737
137304602
135514095
136061454
137266868
134730778
137520326
136962722
136128310
135101866
136485648
135736136
137526123
136500923
136322948
136567076
133546687
136769987
130687658
137535572
136917541
136974139
135608743
137528566
136918144
137209392
137165001
137203129
136786993
137361102
137035003
137315912
137354503
131429750
137206183
136859270
137142133
137090229
134882229
136905256
137036269
137283058
135232863
137090545
136534520
136919709
137211847
136908753
136987028
136811098
137299035
137316089
137068815
135043682
136593406
137134405
136134092
135635011
136777391
135783849
136192422
136990841
136816552
136775971
136822633
137073518
137084010
137077654
136686662
136968552
137295021
135439642
136638574
136536788
136896377
136464055
131527449
137076359
136987140
136694620
136967535
136578195
136798523
136786657
137182515
134723223
118172944
137529552
136798211
137372267
137499396
137436130
137516546
137203802
137356462
137520758
137413553
136480460
137144557
137266756
137353770
136654850
137394198
137005270
137023060
136991816
136962345
137087826
136928887
136602249
137329162
137165012
137426314
135824624
137164697
137484873
137139476
137064446
136449164
137057821
136544225
136740243
137358578
137359788
134381023
135479521
136653961
137478141
134618577
133965028
136479193
137080716
137326954
136783735
135634825
136989720
137098669
137509971
137476463
136535505
136651687
136657137
136926683
137150078
136988929
136690561
137422074
136907866
137367686
137033282
135586671
137518320
135921294
137390835
136387018
137076398
135736938
137148291
137317170
134048373
136321491
133525909
134227549
136102031
137383141
136599678
136035121
135114638
137301721
137472989
132855566
136406788
137415980
137424358
136787615
137486478
136489945
136784192
137533556
137124582
137315356
136873239
136296592
136740711
136591943
137286780
136887716
136545837
136594589
136645200
137005447
137498823
136631041
137403535
136849884
137518667
137241269
135943468
136418134
137215917
136889707
136255755
136584908
136078286
137136591
137079455
137306780
133852304
136910315
136739064
137421233
136485154
134687022
136484931
135287609
136400411
136776738
136709835
123505902
137523289
137462614
134201738
136990029
135774583
137047228
134761663
136442712
136965337
134618419
136607888
135702939
124501120
137031845
136556577
136586487
137313548
76630371
137266867
133184021
136104603
137540074
136749790
137453059
136475167
137548672
136417195
137441913
135700988
136473995
136857259
137298710
136290380
137092669
136686208
136830877
136875218
135196425
136745301
137278182
135648785
135308326
137084178
136224218
137056964
137164917
137096622
137395511
137240405
137134141
137132377
136469882
136865727
136910246
136442793
133610969
137539135
137095849
136971333
108800005
133791408
136654604
136928136
137057322
137516232
133129319
136649937
88127777
134617717
137318881
137126250
133213936
136841663
136656448
137493947
136786165
137137535
136432934
136995141
136707971
136535624
137467198
137532693
137039134
137039224
135767952
137471384
137041354
136301227
137437717
137146443
136263061
137340797
136735005
136919217
136702786
136540225
136931862
136887813
136581092
133360262
136609137
136669289
136786001
137385088
135066575
135900626
137244085
136628972
137409473
136525937
136114084
137308711
136796571
136455196
137117648
136899702
137483323
136966622
136738381
137519440
137304659
137249663
137112104
137156725
137058212
137205786
137139246
137186150
137294413
137118788
136263042
137314279
137139272
137084735
136458853
136168318
136724358
137060703
136635899
136481320
135854515
136963513
136559939
136643774
137427713
137290431
137115222
136396725
136995285
136821083
137222033
137464246
136203976
135864391
136896330
137126515
137220029
137254675
130995657
136696174
136860272
136492492
137254519
137186337
137105229
136485560
137426328
136976272
119227637
137426348
137362517
137491355
134150044
136622887
132736566
134619000
137340166
137177118
137461423
137517999
136222360
137227563
134777737
137321373
136511518
136803945
137424891
136445137
137332146
137372236
137457194
136722868
136728097
136509629
136683253
137470683
134990101
134337896
137352475
136788783
137446640
137490864
137266789
137060618
137446642
136919738
137023517
136637559
136787211
135824381
135925494
136982848
137197852
135881253
136412391
137227583
136373518
136187807
136396696
137519584
137141282
137016461
137440741
136578703
137354029
136993850
137348126
136767627
137301155
134093632
136998318
136951220
137318632
137419669
136654419
137369581
137321753
136609540
136478300
137339369
136181730
136069849
137032460
136408774
137290175
136825471
137128926
137039207
137151200
136719732
137482765
136802060
137527532
137342155
137235018
136487660
137317982
137129476
136841824
136618848
137341317
137057608
136874357
137100406
136812330
137158461
136921128
137441379
135838419
135660115
136797575
136673778
137400546
137150899
133288877
136796018
137531080
137534011
136398961
137481427
137087251
137000118
136891700
137295458
137246933
137009897
137486072
137522218
136736940
136686478
136499954
137088456
136746127
134954875
135856081
137497395
136551296
137477289
134947494
136968425
137486179
135218676
137056433
137286881
136927655
137331644
136137747
136548270
137331146
135588741
137309087
137350487
136547657
137364599
137193316
136892149
137394271
136650259
136629732
136869859
137359652
136704015
136700440
137071039
137535915
137433923
136639000
136449591
132154240
137533928
136955390
137474851
136609608
136772836
137422428
136598299
137096950
136706191
136501514
136657326
136873928
136795718
137126439
135542634
137246634
135772646
134748294
137528804
136898122
136884580
136898813
136486011
137516949
136546982
136141374
137103328
136961179
137063764
136495729
137055405
137194760
135247259
134501565
135817980
137193434
135394240
137371344
136826132
136838387
137367108
137380926
137095456
136476990
133926397
137170495
137292845
136612066
137193994
137517487
137252418
136185299
130995639
136980156
136118335
136571265
136885107
137293759
137415308
137530807
131794396
136586274
132550381
136825380
136220582
136897403
137524585
136975125
136185330
137533702
137069299
136818894
136350513
130970982
136818583
136597236
137513288
136410100
137042718
137042046
136896540
134717556
137239663
136815367
136888219
137441886
137146063
137006402
137420932
129671061
130536374
135478113
136558543
137022075
136964933
137175533
137440411
137490596
135668257
136509133
135755810
135689315
136550462
137137428
136928308
136720924
137211988
134610358
135915609
137240868
136934101
137335133
137209929
136887773
137508321
136562342
136728623
136977782
137417339
136403373
137033104
136685333
137337472
136701139
136539847
136811134
136672555
136535441
136962287
136968142
136548394
137066684
136547268
136591134
136905868
137533840
136711137
136089905
136610739
136861539
136733257
136833539
136783925
137357079
136771779
137039287
136120235
137464699
132985927
137266884
137461633
137175886
136498623
131675795
136133152
137442893
136567223
137417845
135884792
137456522
137421237
137058236
137376755
137064471
136904603
137199081
136992988
137330733
136792726
137022536
133064209
136896848
135147657
136523322
137439854
137460641
136556217
132899345
137076249
135497541
137459292
137129711
137445401
135380817
136549635
137022061
137430273
137224959
137252129
136666182
136829580
135646105
137314730
136855846
137394159
136817797
135480619
136476946
133839585
136903268
137210002
137238900
136950702
137068670
136756803
136915893
136672829
136581065
137038276
137058722
136722782
135144809
137392491
137456487
129528749
137361956
136116782
135733384
137368753
137157065
136503612
136852601
137076640
135585304
133545498
133996325
135421057
137423214
130426180
137520591
137187707
137486809
135438527
136570946
137537708
131397240
137369868
137476139
136704671
135607844
137486718
137316062
134202302
137157540
132828573
137208559
136828568
137475345
137421882
136013882
136297544
137166791
137510942
137206672
137218916
137169871
136556450
137518929
136323210
135758291
137073232
137534109
137462566
136985201
132461053
137145493
134193592
136886382
137233359
136929783
136866026
136282156
132220936
136907464
137004525
137494255
136962433
132373463
137133049
130961097
137049425
136442786
137317392
137184585
135924069
137397524
137043536
134767034
136530690
137331505
137137743
137129244
135645249
136810957
134896469
137408786
134977099
136300995
136757187
136666681
136490171
134068585
137427304
137177205
136111001
136657526
137042077
137312748
134169058
137442089
136909878
136061853
136724918
137486009
131527812
137393562
136328868
134147058
137111749
137498776
135692135
136502830
137204683
136511523
136966636
137334650
137435236
133977459
133732887
137027447
135020248
137071698
136933531
136771299
126821915
137217812
137438827
137481944
135489074
136579702
135939544
136880000
136581141
137278878
137101906
137481945
136797281
135275985
137538164
136499431
136826369
135289270
137228049
136952130
137292692
135557340
136650173
137241089
131346253
136559063
136727374
137297961
137119446
137002174
136670401
136365506
136742046
137076043
137241091
136895250
136585025
136905668
137266795
137337216
137527901
136957409
132524202
137259857
137160952
136890331
137127616
136744999
136776826
137008573
137521096
137312083
136469095
137031090
137401342
137395660
136661423
130614383
137208413
137455872
137495519
137521202
137219764
136783121
136922511
136963925
136925155
137531801
136711051
137214041
137055647
137364391
137288584
135862725
136527195
136765790
136895003
136983474
136889785
136670407
137488865
137512732
137371584
137245495
132985515
136480671
137092936
137527671
135311490
137186139
136321805
137119075
137509139
136990986
136943393
136631948
137117740
136719187
137059927
137174611
137138061
136743017
136262388
137526735
136896296
137442243
136361084
137307888
137165013
137391831
137002493
136929194
137464861
136648777
137527365
137023024
137448071
136638490
136678395
137272526
136426223
136592134
136796200
136556117
136690047
137136349
137206861
136853919
136731815
136718193
137129475
137124308
136371423
136904139
137203808
137054342
137082761
137046806
137434369
134457560
136821538
136915031
137419896
137314767
133732875
136824915
131806870
137110439
136490740
136988477
136006985
137431788
136989310
136693528
136921229
136509335
134074037
137326715
137184654
137485520
136742628
137354135
136497286
136926236
137496872
136973797
136833425
137039937
136493587
137259982
137377305
132564679
136993689
136946732
136608399
134832445
136363227
134337965
137428481
137260039
137480133
137149830
136574403
133225337
136649254
134536884
136486560
136975259
135722281
137368908
137194704
136967884
133769469
137075945
137456557
137544849
137355569
137075923
136358881
137238307
135362669
137548221
137495629
137257360
136959779
136740792
133712101
137499846
137218915
136536436
136649559
137135966
136991229
136732510
137294997
137353099
137171430
137353468
136953151
137129699
136789774
136511504
137266847
137285823
137249403
136234099
131809815
136646306
137251017
135755425
136938299
137496080
137196080
136967622
136566055
136112767
136527510
136862982
115794035
135926890
136573295
137276758
134518125
137429175
137549543
136795992
137507996
137209001
137448318
135735055
136621533
137214384
137465113
136164817
137149701
137295986
137040043
136581163
135703251
136998196
135353960
137104115
135258274
137085638
137491419
137337217
137075919
136894458
136815247
137186147
137525942
136393643
137210948
137345873
120442005
137234928
135908838
130077075
136852309
137476916
136705498
137086032
137431264
134497941
136591675
136643776
136028565
136442738
137116291
136184849
136236620
137222170
137198601
126418009
131482525
136959238
137118776
136889151
137289571
135984873
136673345
136839186
136963794
131995174
136852426
137245358
136835573
136628207
137541943
136564706
136859248
136185647
137186149
137200200
137361860
136442753
137120436
136938706
137449869
131209873
136724201
136712971
137375621
135174042
136771403
130328891
137360573
137343049
131602568
137432670
137160310
136921763
135131654
136264636
136238323
133600963
137055195
137122728
136614769
137496921
135618968
136918794
137442652
136608382
136442749
136741227
136246221
136567066
136407463
136951639
136186270
137425311
136983772
136964302
137038674
135824588
137493948
136473658
135900931
137070194
137515936
136781654
135173559
129458171
136596545
137092786
134907945
134178083
136580052
136242775
137495622
137259043
137156785
136204231
136994834
136672150
136853519
136906302
136803523
136833761
136864591
136909562
137538199
135788972
136829952
137527345
137023033
137075936
137307746
136692243
136878049
136903360
137052022
136678289
135590358
136069999
136967633
135830310
137367260
137156630
137447305
137506435
137196221
137022057
124630375
137407190
136629476
136786315
136809834
137550067
137073979
136428844
136778189
134890180
137260584
136838252
137515860
137120935
137313291
137534972
133855231
136904333
136886061
137485689
136515238
137293654
137535471
136658684
137233928
136975304
136578468
137016444
136013013
135721805
136784385
137152575
136989657
136735592
136977121
136918669
137094240
136576477
136720631
137148581
136188417
135522042
135757126
137219984
137533841
136496899
137071480
137037472
129260641
137448491
136670018
136488726
137499990
137483451
132302190
137080420
137219074
137255180
136866425
137532677
136601822
135831208
137540073
137208041
137444003
137239693
130639502
137300677
135793546
137455971
137461803
136153333
137453107
136931586
137440890
136807128
136832322
136908235
137266597
136884241
137254226
136998148
137022069
137203328
134864429
137040767
137155958
137519309
137543843
137239053
136796072
136626369
130961096
136903928
137495340
137429114
136847002
136500994
136142300
136828965
137550403
137166407
136248020
136962831
135877508
133020079
135554162
137259870
137442967
136557580
136235022
136998008
136791756
136502886
134945107
137023044
137248942
136845143
137361604
136262993
137226372
137228918
137394613
135944156
137431567
136096292
137548668
137022112
134088481
132993118
129378339
137395217
137123513
136789234
137055366
137003066
136670377
136894647
136795806
137328838
137523359
137519312
137266835
136968061
137266618
129963997
137398852
136245080
136906776
136607120
136162394
136967456
137161137
137446638
137442787
135457303
134754413
137533945
136150150
137389523
136502285
136592111
137280897
137133367
136528677
136936685
136925400
137453777
135741320
136559867
137109340
136808754
137428619
137511604
137534564
136987219
136482027
136602931
137110269
137388533
136567067
136955710
137462747
136805795
136415721
132626240
136946877
132531986
137530479
137242022
137181442
137472504
137300585
137121649
136779292
137271781
137229796
136835977
136448252
136809488
137057628
137241038
137529640
136962220
137485958
136394683
135689799
137406262
136261853
137199859
133292664
136800033
137525315
136489691
137439068
134521596
137156493
134064356
136327291
136770658
137461046
136584146
135590326
137286884
137139913
136568431
133996504
137341877
136489656
133759311
135011582
135660712
137230269
137361103
137083286
135488547
136586306
137069139
136692113
136355077
136895073
136852993
137076709
137233480
137546730
136935536
134486087
135984268
136635156
135990799
136911400
135851469
137194785
136251136
136773607
137239911
136988622
136541454
136587621
134990146
136648534
137522341
137285128
136792800
137099194
137330682
137221094
136233880
134995680
137127633
137448456
134174152
136018590
136641076
137022042
136476476
136843949
136859176
137351050
136643166
137440059
137368873
137515498
135816429
136502591
136652710
137172114
136675481
136586938
136651241
137010566
136602483
137143265
136256199
137538888
136758502
137142444
136915467
136826091
137436387
136855534
136703501
136514612
136638256
134953099
136849493
134558563
136579615
137024477
136701587
136739331
136065388
137200372
136957432
137115218
137107629
137486539
136421253
136812472
136951641
137308810
137470681
137214019
136927497
136794653
136875084
137358344
136683315
137440301
136226099
137040205
137531637
136912168
137280835
136996144
135438874
134511045
136550522
135760093
135429086
136724820
136095697
136889199
136613342
137440362
136105646
137495499
137157182
136715167
135463555
135837280
136287071
131823050
136131998
134661095
137155286
135925203
136642244
136917374
137075837
137138743
134895078
137447665
135622642
136779259
136954432
137127705
136528745
136624017
137525288
136559275
137101682
136914494
136305587
136570232
137191899
136998996
136756370
136379505
136883080
136859437
136868854
137194714
136985933
136249083
137033109
134587212
136820469
137383579
137194233
136633286
137248444
136792832
136552789
137232980
136481296
136841761
137449424
133868690
137145415
137525178
137143612
136865936
135276653
136573782
136991399
137373940
137537762
136472496
136566395
136866665
136855520
137087727
132186654
136652091
137466987
134055493
128441814
135659924
136692354
134830528
137364049
136884742
134978021
137323108
126527228
136875777
136535041
135624216
137327668
137266794
137514424
137122515
137420156
136469879
137508656
136873311
137520092
137266586
136476651
137060889
137328356
136445637
137234902
136093696
137219020
136416436
122239286
136790465
136791760
137027625
136828176
136780257
137161066
136146804
136689567
137117235
136940410
137080799
137158737
136821876
126743240
135878074
136453248
136375763
137358181
132014088
136289295
137166598
133897162
137097556
136122375
137049239
136604914
137331091
136899601
137433886
137048760
136604714
137300247
137498492
137111203
137295141
137195024
137295482
136351333
136259274
137119888
136841502
136236629
137325453
137332083
137364027
134441443
137446059
137166394
137473799
136134569
136482309
136653426
137111330
126100518
132119544
137008090
136763509
137308176
137443816
135218370
137095688
136882399
135556937
137477210
136977561
135814904
135982778
136154928
135517493
137380206
136074855
137152569
136533550
136841332
137072342
136988200
137159139
136483957
135141135
137529006
136437160
136720837
108583835
137538855
135794411
136638366
136693401
137144377
136886384
136879464
136538613
137034383
137088747
133055912
136059429
137116091
137484891
123026328
136389722
137074425
136605803
136868059
137076358
137518200
137176876
137314759
136608786
136805786
137497009
134835778
136034445
136036676
137144413
136898523
137349810
136494341
136719044
137056473
137293650
136154470
136920205
134961251
137169961
136581164
136935702
137236947
136599643
137124277
136553180
137121947
133135694
136607376
136968497
134541289
136869825
137313240
136639243
136152200
137122570
137431834
136809537
137364384
136856737
136792433
137067292
136791116
136584826
136838885
137465770
136892681
134511044
136786569
136977356
134897420
136875663
108203319
137518729
135881626
135602805
136475131
136564064
136733880
136103070
136699481
137277734
133595333
136198138
137267683
137142881
137328307
136638391
136921819
136198706
135731366
137253477
137124574
135011625
136677171
137007043
136584064
137453313
137225616
136579631
137170123
137282565
136632594
136545731
137098826
137373942
137293107
136658238
136556707
136869456
132649805
136633700
137198074
136921413
137107967
136598285
136892706
135166283
136670805
135976803
136483973
137512719
137540628
136611614
137042305
136858922
137362906
136817891
136705644
137211333
136779599
134684677
136556943
137162543
135428501
137172679
136796718
137459977
137420542
136997190
136595075
136501307
136845781
136943583
137364767
132925470
137283417
137291072
136523679
137221158
136998103
137357727
136553562
136957187
137059572
137512696
137298443
136772262
136745352
132239588
137234010
136646186
137427499
134207785
137212855
137159750
137168729
136636834
137308093
137299864
136707691
136363391
137292931
136655735
136803802
137056202
137121580
137053237
136740179
135031738
137357012
136559299
136843581
136897008
133851317
137324033
137426302
135313710
136957272
136610905
134784066
137186148
136712814
136830254
137526294
137509707
136744635
136944492
137236506
137529343
134515852
136479474
137207077
137251831
137358169
136887395
137216124
137000632
135185029
137199363
134018690
136407059
136131908
137532839
132515953
136468409
135188390
137220366
137497812
137051731
137106775
136548287
137328150
136571066
135882182
137373074
136832120
136657279
137433824
137534778
136536740
136785623
137354242
134748419
137190702
132917772
137452664
137195418
136927195
136495910
137052575
137361955
137266616
137517507
136600851
136832635
137479918
136830915
136693232
137022189
136560620
137438823
136604689
135702695
137149713
137314087
137062516
136616417
136491560
136235667
136532362
135446657
137021825
137066532
136898796
136602802
136178373
137240026
137062484
137515785
136964664
134271640
136585778
137061293
137127757
136743178
132294552
136563233
137348161
136879527
129467828
135363135
136596119
137149161
136655566
136536243
137315311
136661846
134988804
136326753
137350550
136998841
136898404
137296427
136246627
137226250
137342015
136543258
136987711
136986125
133888708
136600989
135932530
136504875
137139267
136503953
136225351
136657466
136564391
136885828
135192214
137105285
137319296
137547189
136644802
136237449
136111248
137209552
135991223
136494723
137110972
137515512
137453784
136165732
137106278
137103627
137518051
137539410
136559568
136358809
136927225
136437718
137030160
135474007
137540907
136483416
137286328
137207785
137176847
134545938
137491753
136794279
137356660
136119054
135772547
137022152
129344624
137327287
133125397
136830027
134505570
136527326
136821076
137001049
130453388
134202416
131856506
136554525
135325217
136868679
137251541
137329007
136597538
136795041
134337893
107445429
130995648
136500284
136883018
137393619
137350257
136706590
136596088
134994858
134511076
136807946
132488748
134337975
136548793
137296525
137364361
131295550
134943264
136836073
137494486
136571180
136575541
136578059
136982635
137186342
136563592
136483598
137220281
137029369
136500537
137466491
137492433
136498012
137073033
136422148
137459209
136812986
136644943
136674989
137414856
137296998
137311639
137432549
136629353
136994227
137121635
137069473
135847029
136816336
137262908
136766842
137011319
137044981
136855311
137487194
136571848
136806003
137203985
137302090
135634670
136635754
137206039
137361954
136668057
137292374
137272024
137539006
137016442
137061551
136853781
137098590
137302508
137469786
136970042
137054263
137418901
131943207
137306751
136824241
137151668
137125902
136494137
136071256
137108705
136926668
137137089
131027958
137256493
137232106
137456316
137493231
136700736
137245590
137043850
136557661
135489969
136697125
136820673
117041432
137243513
136625364
137546633
136568215
136720277
137359649
136551629
136079228
136555723
137138637
136433380
136662890
136796628
137167482
130298994
137075939
137191340
134063016
137210918
137461425
137258903
136828173
137370877
131075830
137074101
137201082
136200204
137218544
133963263
137346379
133850887
136609115
137046304
137433191
135608553
137494804
136695966
137080850
136531878
136890188
137472505
137088619
137369557
137430190
137090399
137548671
132167927
136320343
136582456
136681441
137208408
136982181
137328360
137146512
135721860
131677448
136791115
137113404
136874838
137117998
131527472
137382890
137531017
137379111
137198199
136852217
137207876
136873586
137186343
136094552
136632154
136884907
137133896
137411238
137063788
136998007
137369379
137446140
134738362
137372827
136798309
137323460
137472558
135924418
135768366
131495439
136600869
137362076
137040200
131848590
137097419
136605381
136704056
135942276
137362614
137033460
133237136
136486670
133518287
137237809
136533229
137463896
137217583
137159794
136693654
137298907
136876311
137038292
136925847
137091013
137016469
137213000
137314997
136929904
134722891
136849585
137196155
136892312
135821776
137366339
137155358
137512700
135852174
137434374
136696495
136105972
137361270
136844310
137424738
137428535
136773055
136679934
137262901
137168194
136465620
136873395
136855181
136647205
135614438
137460658
137204191
136900021
136649892
136978677
136695779
136586604
137167048
136962084
137256228
136810981
137369698
137472482
136246202
130361847
137149021
136916208
137058174
137166731
136694192
135262359
134487066
135957818
137292391
137485442
136786962
137238481
137428482
137172517
137207411
136702804
136471244
133580222
132154115
135489065
137237414
137009946
137531876
136880861
136323280
137483276
137330133
136321502
136808224
137053258
136859184
137179671
136584576
137362084
136714283
137270036
136478622
136968644
136178134
137232744
136948969
136541013
137089625
137364155
136500203
136967687
134816939
136632322
136904856
130914818
127819917
137014763
136927244
137190708
136886260
137472522
137297760
137436790
137111218
135287947
136901131
137466784
132007274
137276782
135846933
136411439
137326480
136877477
131925715
137255773
137060198
137328871
134575376
136344543
134504542
137244848
137151410
137247148
137339445
137523142
137000823
135318602
136857948
131671766
136783764
137048004
137005398
136481846
137443863
134099755
136031662
136327085
137192372
130973067
137320125
136537578
136597657
136952309
136171202
137516423
136791692
137543013
136788345
135617655
136863648
137532310
136736682
137216545
135623736
136810950
137436050
137497209
137062622
137324387
136519005
137321538
136256287
136874915
133332021
137320177
137496955
136991011
137476238
136679312
136670391
136552302
137118134
137276766
135801446
135686025
137375940
136857894
137249702
137043915
137446643
136593499
137163444
129908809
137152760
136082503
137549756
136643504
136537507
137311644
137022119
137116280
137512156
136599468
137329497
137001035
137073767
134337962
137276796
136397767
137097061
137137808
135439734
136520139
137383257
136593405
137121126
136677160
136796492
137145416
137023068
137257643
137127658
137003095
137531054
136978469
135974172
137005229
134522458
135875704
136602087
137472475
137303266
136591529
137109270
136947560
137072630
137535941
137194863
137465918
136758837
137430587
136544523
137266848
135998935
137237484
136826050
137430593
137153312
137430005
134940219
137098921
136936376
137208312
136918283
137298538
137328970
133326708
132458934
136186635
134905752
137329721
136772824
136758520
136929138
137082212
135726908
137420409
136879938
137178235
133354110
136144364
135880235
136868730
137238911
136702416
137412584
135689724
136658149
136965071
137011399
137069674
137513217
136800099
137295400
136737258
136071228
136782391
135055151
137339614
136614934
137500087
136502845
136551977
136913527
137481024
137394327
135990590
137090852
137253128
137267128
135431035
137200032
136684347
137149486
136875615
136703692
137534114
136955511
132278344
136312299
137001574
136667045
136603988
136544826
136869279
137503031
137351440
137490487
136193838
137231525
136967881
136742887
137094513
137111979
136220394
136550464
136906533
137303187
137269898
136240897
137430595
136995076
137250648
137049495
137016459
136028119
134973403
137486754
137210387
136070759
137287901
134328285
136905690
137177464
136923034
137483441
136769537
136813192
137197986
136740536
136785372
137452658
136485610
136375999
136903796
135596729
136730683
136958731
137101962
137016449
127627887
137276849
137123853
136703580
136892293
137368805
137270247
137358150
136987919
137176049
136976165
136957130
136560143
137086630
136193755
136320628
137496083
137478598
134802702
137271776
137256271
136613301
136742469
136835477
136742000
135266646
137153328
136654973
136624546
136419978
137199414
137203041
136724253
137043324
134880323
137438411
136554977
137190364
136373068
137452277
136703182
137408787
135837253
136721504
136286821
133118757
137049341
137101098
137396941
137364371
136832095
137163684
137388606
136984897
136919259
136775213
136103955
136551277
134829549
133786235
136956952
137202031
136777411
134758066
135479651
136572364
137495281
137137758
137320612
137225682
137265444
136525741
135440381
136057646
137104604
137358531
136591516
136835684
137348704
137196860
137493851
137189066
137534405
136575386
137117668
136980025
137133583
136874424
136743767
137419054
136704678
136128336
135734430
136653688
136487215
137208198
137289273
137073175
136931936
137492658
135740656
136545186
137088227
137244034
137252383
137298249
136889943
136596384
136839222
137086699
137088721
136444362
137353264
133857886
136807361
136539675
131693690
135528214
137448388
133267043
135781955
137381512
137130066
137418721
137431982
136922454
133332645
136604747
137040031
137418409
136742288
136963705
122924375
135714054
137472846
137531790
136687302
135307229
133407395
136788941
136876994
137514005
137480135
136302464
136595517
136124701
136493939
135878429
134834155
137367792
137163669
136146623
136719285
136186362
136653436
136561989
131884864
136212393
136657110
137096776
137072314
131766500
137008176
137287354
136639887
136511476
136323087
137341842
136484951
136675514
137162242
137195073
136537994
137116860
136797938
137380276
136695087
137472319
136535891
137310282
134708919
136782996
136648858
136893337
136629911
135392699
137124607
135658957
136483169
137211305
137515108
135730357
137492838
136974463
137105176
136910759
135911973
136503952
136462770
135537321
137257239
135127329
137027905
135358242
136990719
136357830
128235730
136783345
136487230
136550468
136927597
131005764
137447703
135899520
136586943
137510417
137362362
136988056
135199382
125501954
137414378
134270204
137354480
137185332
136556826
132826432
136891769
137322410
137416808
135890981
136675790
136771365
137431142
137257944
136779358
136919452
137440894
136554276
137045590
137046937
137011230
137373031
137170789
137480283
115205860
137421623
137475461
134337932
137481949
137528784
136495676
136856711
137106566
135738242
137412420
136721051
137181645
136502216
136467991
137257984
137310784
136604687
136765324
136792158
137112680
136425352
137349306
120442881
136714382
137004920
137370669
134828093
136297447
127612451
134835166
136769724
136077225
137380635
137044225
136945088
136442804
137472481
136880036
137487453
136889479
137500658
136656473
137155210
136835424
137224627
136498932
137362390
137474281
136779558
137474682
136420835
137019853
135987047
137053410
136544030
135984777
136936509
137290075
135424282
137314628
136535210
136069238
136497280
137365681
135020376
136957652
135901606
136462746
137481964
137074104
136806137
137307680
135824428
136676438
137102689
137440595
136838379
136135117
134882468
136798385
136705877
136512717
137364364
137407092
136906628
136308150
137215816
136695406
137117245
137492519
136525008
136987091
136949579
137022083
136957951
136411370
137237299
136895484
136920715
136642763
135612921
132229556
136796006
135720652
137194315
137031810
137172241
135573584
137422384
136125288
136718761
136141598
135887514
130631352
136959471
137144561
136076084
136720800
136877823
136579783
136918037
134948947
135136777
137421190
132955163
136445534
137318914
136876011
136705960
135985140
136979188
137107885
136920694
135737448
136898177
136550360
136544829
136773502
137483129
137056968
137549574
135523504
137475871
135981347
136882469
136764367
135772621
136737443
136589113
137308289
137426447
136240284
137016435
136498309
136780513
136648072
137141749
136528793
137123629
135936942
137005103
137095204
137182041
136567052
137054667
137056203
137364357
136876429
136942283
137485120
136551194
137092633
137419636
136706884
136566776
132650192
134542797
137447052
136901895
129746446
137237793
136092061
135189264
137436363
137383026
137434622
135875602
137280929
135901917
136485632
136797463
136718753
137056910
137003185
136711301
136736182
136657492
136549374
134168927
137095255
137067310
137419081
135762729
137375826
137105905
135811196
137300824
137060729
137438850
137037119
136647100
136511486
136481798
136586923
134679584
134067200
136880761
130396595
137106808
135863485
137342893
137117389
137413268
137174347
136778998
134653425
136927432
136187860
136617781
136678604
137382878
137527847
137453437
137069945
137165635
136494812
136182972
137357874
135607201
137255786
136682862
136666737
136993738
137224040
135790574
137097530
135389282
135849317
133268723
136262978
136024019
135069674
136528720
136563705
135774977
135127166
136524815
137541899
133831712
131778792
130804172
137011234
137360467
136667623
136995514
135841066
136708698
137523048
136009339
136724859
135128979
137305902
136214010
137483807
133397162
137073177
135268441
136881654
137530714
137328535
137043767
137205641
137296155
136480328
137336567
137091520
136221645
137368051
137307987
137075984
137172354
137443525
137248349
136683124
128906350
137356499
136682999
132830960
137540750
136706048
137532351
136866074
136745435
136899680
137355631
130451711
137191913
137194984
136806296
137421904
136505196
131379067
136537102
137252446
137111100
136797252
136689475
137196027
136704679
134976715
137300897
136902377
130427519
136493799
131037992
137474228
136494566
137244800
137163618
136334825
136853484
135207800
137423215
136562380
136895467
137140050
136550461
137509893
131179234
136187951
137167319
136386994
137357414
137154274
136955766
136861491
136903151
136563083
136604415
136989656
137051331
137430244
136481926
137370875
137437039
137443874
136640460
136396721
136938561
136998011
136919892
132928800
137192170
136594562
137216523
132787575
136671430
137441385
135830822
137531147
136674054
137499215
137366834
137448470
136327082
136612001
137443951
134324107
137053669
136787367
136885329
136534089
137481983
132154034
136891688
136968569
136610213
137110754
136536193
136956781
136890797
137199863
136566177
137257002
127843906
136613588
137307606
135521664
137393666
133821964
137308887
137248642
134654883
136595418
137053536
137533359
137359039
130938475
136741266
137243377
137481292
136658665
137082346
137158778
136829922
137155325
131281062
137257425
134637059
131177004
136927144
137066060
136265140
136439908
137185708
137495205
131841599
136119504
137023070
136283006
137537218
135120656
136813001
137472219
137266598
136653157
137352371
137445560
136546890
137300084
131256395
137364563
136791759
137445879
137047197
137125686
137216840
137471009
137531984
137005122
136500956
137283207
136860445
136892601
137165524
136566176
136971363
137023061
136552820
137267108
137207708
137546012
137256272
137151971
137379301
136791235
135943579
137241639
136486294
137296612
137088979
136550526
136873761
136221910
134346433
137328262
136405965
137495718
136523789
136856816
137253112
136785134
137354956
137196858
137116344
137525598
137036099
135463801
137254399
135555565
137237156
137167576
134826849
136735231
134490660
137544353
136966486
134044478
137467152
133200834
136675393
92964605
137157755
137091675
136240819
136476242
137442822
136461398
136958837
135944762
136554590
136809296
137157546
136961836
137537327
136663286
133751725
137342983
137429755
136929785
137443573
136987447
137231249
137473786
136897675
135614865
137198377
136684870
137473084
136984424
137117217
137015932
137365771
137456660
136329943
136745141
136606659
137095771
136748307
136989066
137372193
134375207
137352200
137050419
137240548
137046881
136553712
137418435
130452961
137513268
137330495
136898190
137193368
137540001
137010711
137047161
136780346
136677500
134935929
136769347
136488109
136989420
135891438
136996140
135707023
136893986
136301229
137524443
136540303
136575216
137438977
135703223
136931071
137466490
137529379
136614609
136867229
135503456
137367332
136578890
134316030
136581695
137067906
136795150
137033083
137349123
136657524
136824693
133926398
137156837
136314013
136995657
134173892
137257260
136795454
135220120
130498776
136156153
132121098
137079722
132016051
136821433
136682428
135709540
137445164
137011369
136899878
137241772
136946122
136971559
135778036
137187945
137495441
136722215
137140070
136605165
137369053
130779411
136478292
137149995
136089655
137472959
137516002
136986700
136465589
136852793
131531907
136999984
135587566
135792800
137055313
136902679
137333538
137063178
137420286
136696071
137316384
136580384
137127207
137533115
136907269
136611605
133184696
135457938
136607451
133525885
137447550
136968320
137236863
135936183
137222089
137068829
137484293
136715800
137460065
137522174
137508187
137086975
136782734
137151185
136979000
136546995
136894019
137194192
137048824
135540976
136566702
137360525
137445946
136629631
137380271
133203628
137447711
137109749
137367799
135113527
137383838
136966370
135003460
137459532
136825436
136870324
136364215
136632369
136601109
135153262
136726053
136818570
136538454
136640370
137053826
137011232
137189481
137266581
137296728
137001058
136607469
135903127
136918855
136500516
136996636
137266777
136705351
137444300
136639303
137476091
136560601
137134860
136536531
136954334
135507661
136863023
127111467
136890213
137039231
136195893
137281609
137092866
137463208
137349025
135006333
136533383
136841680
136523026
137312890
136924787
136535719
136775813
137036378
136750040
136639301
137368443
136440231
136386641
136701612
136885543
137537952
137192955
135823756
137495984
136794972
136685297
135023604
137068015
137147274
137219158
134107227
137222196
136958068
136477216
136476399
136575446
136538926
137328197
135885612
127181421
133527726
136492514
137213688
137406992
137075915
137050361
137008503
136222212
137055802
136999094
137071988
137474153
134944482
134677321
137197332
136853365
136001946
137498842
137524400
136906134
137127219
137093946
136075059
134094000
137533185
136400871
137187889
137293538
137383518
135847598
137440282
136884660
136511096
137211791
137202268
136667741
136726123
137094306
135895092
136576152
136491099
136640544
137428926
136677752
137500506
137394349
133460817
136827886
137050070
136958574
135244712
137198493
137472240
136714909
137128379
137510792
137315276
137089427
137430168
136655274
137308322
137441634
135844736
136776402
137126144
136885409
136327371
137100351
137010642
137307698
136740603
136739095
136373250
137141512
136561953
134337930
137025032
137124514
137417830
137480374
136908044
137003101
137365503
137202136
136599950
133850384
136566988
135285558
126286473
136626024
135896562
136394436
137081131
137133561
130566615
137043363
134615156
137492996
136973550
137430406
136493703
137260829
134655856
137240655
136705098
135994513
136926996
137200595
136997331
136861473
137177323
132871055
135702879
135943156
136722795
132076387
136823309
135056780
136630244
137348805
136082504
137384679
137204416
137197770
137266762
136864124
128375905
137472521
136989762
136893733
137238736
137011252
136702652
134007267
137168483
136524601
136928463
127839985
135996774
136475680
137355919
137301734
137430579
137205680
129995818
136980214
134451580
136892715
137314939
136202352
136810965
136548922
131333453
136838385
137430734
134302881
136109886
136733878
135483638
136704676
136601627
136592669
136864178
137436242
136760910
128540300
137022109
137266869
136003733
137381998
136599134
137093988
136998339
137101939
136905416
136212639
137310218
133094022
135114254
136671957
137110368
137223578
137411852
137510789
135870500
136442783
136177899
136840123
136992205
137057291
136872135
136200347
137146669
137120546
136743301
136652855
137476275
136651814
136919441
136600307
137342678
137067444
137435493
137251198
137298393
137011346
130995655
137141838
137368632
136678889
116359513
135696961
137229976
136533987
136478002
135942285
136509493
137296952
137199861
136672396
135016797
134825502
136630682
136317414
136705294
137383328
137326479
136637892
137175546
133249291
136648919
135206515
136586526
135141147
136924406
137497795
135791119
131923481
136394217
136608649
137048924
136540297
136805206
137299262
132943016
136490650
137023046
135879077
137196905
134581617
136766505
137055081
137022070
136992515
136596723
136607949
136988176
135244818
134182338
136504337
137355567
136652347
137031942
137381992
137266787
136875693
136175089
136841113
137269191
133122245
137176864
136174631
137027768
137538213
137046602
136075667
135726765
136861026
137254733
133392473
136225780
137143046
136401935
136703996
136885332
136828511
136900807
136827444
136918223
136578768
136994694
135159464
137382540
137101899
137003833
137202413
136873929
137057080
137276777
137340089
137018701
134877354
137372849
136877244
135905248
136853654
136714770
136793968
137468126
137469394
137129203
137115344
137075916
136830258
136627916
137328128
136561298
136497306
136514768
137524116
136640354
134955841
136181242
136526222
136144824
136422402
136902768
137524492
137340036
131891812
136075885
136979966
136367174
137035298
137146789
137255452
137280092
137357840
137216126
136125609
136886603
102357219
135839932
137266894
137312918
137527734
137245178
133187762
132713080
136965830
136164353
136118322
137016464
134565195
136661389
137199879
135422803
136802284
136937659
136895139
135459807
135022539
137068051
137116425
137453366
136909870
136478305
136406749
137043423
136997088
136991508
137142059
136693539
137167807
136658578
136511517
136718649
132541403
131380742
137251529
134381666
137311032
137126438
136551301
136753835
137549564
137355964
137413256
137453052
137114078
137468936
137221899
137030442
136391987
136777029
136078665
136942597
135659670
137520850
136136304
137432587
137066919
135846342
136357630
136909817
136066146
137067840
137192814
137514300
135232429
136413515
132973877
137108934
137142531
137477930
136830923
136098699
135892305
137121003
137496345
137123670
136816487
137187098
136550513
136730516
136596020
137408404
121388985
137548720
137254958
137259579
136766310
137480470
137134537
134558038
133521558
137070839
137033326
134675324
134453968
137084399
137038601
137203025
134545955
136962844
136609471
137353393
136693926
136744926
137051301
136299572
135827344
137214048
137443948
136810687
137095764
136289332
137381407
136894874
136666723
137144426
137022049
137308883
136139357
132118013
135594143
136739360
134074038
137523418
137153088
120988086
137215603
136334718
137521126
137446026
136381366
137475949
137124498
137363345
137437509
136894114
137122918
136879945
137254314
137507285
137470680
136628693
137364051
137335656
136900278
136533563
136032861
136752821
137308277
133248618
136609139
135610693
137039657
137144724
137280604
137166500
137353618
137352842
137239669
133854853
137470786
136893998
136927243
136946120
136495537
137316221
134840628
137062058
136676966
134721214
136727450
137335064
137518110
137497021
136885840
137462993
137320450
135523594
136701315
137062631
137099759
134431408
122219604
137300547
137496789
137528765
136565306
137208977
136520610
137433208
137466552
137048615
136981845
135418184
137353418
136903279
137102110
136900747
137122621
136660223
137487265
136785306
136897822
137130590
136491511
130833971
137357683
136567501
137216209
136549086
137427852
136840159
137479355
137240791
137109612
134505466
137537542
136170777
136711715
137301077
136745117
135514591
137117046
130995649
133096910
135692619
137069900
136523118
136494152
137035421
137427303
137474529
137442452
136892397
137484309
136652216
137174455
136714365
136642519
137005422
136919850
136869536
133017658
136928030
137336892
136876912
137453631
136807901
136453843
137266781
130685454
135503899
136068456
137457727
137540375
137055213
137035733
137314032
136787298
136672550
137037926
134484113
137276799
131692764
136002839
137471058
137065695
136503010
136962271
137406285
131531592
136901417
136670201
137308888
137198793
136792953
136763103
136654638
136985028
137346394
136776938
136898050
136504536
132592779
135703039
136605518
135634753
137362258
137416022
136977726
137200132
136686226
136757852
136092703
136804404
137166920
136572138
135692463
136643931
136538509
137195243
136831966
135839672
137522718
136504547
136455618
137388845
137380568
115898435
137440367
136229258
135926776
137495027
136744494
135664026
136543443
137466207
136661557
137336627
132660894
134496280
137000156
136923975
136560559
137064834
135604504
137151317
136676495
137434701
137206688
136486401
100578456
136339420
135657860
136906669
135849993
137074814
137065896
136257359
137525955
136883172
137165243
136461985
137343371
137285917
136990637
137506332
133462993
137289056
136691376
135825818
137500344
137362866
137212250
137126657
134867110
136298667
137487583
136901639
137235281
136541320
135485850
137126492
137209974
128506770
135793586
136186855
137332265
137493822
137380831
136525328
137167911
137128207
137440976
137465427
136970366
136511512
136801810
136882726
137434855
136797937
137225147
136112523
137056220
136880316
136763390
136321988
126267769
137479967
135301735
135990613
137092594
137219605
133005511
137517925
137174781
137129535
137522739
137203498
137197136
137193221
136864179
136483877
134748336
135307188
130453479
136774222
137257926
130121577
136995667
137045671
135622948
137095535
137342092
134739035
136446804
137493921
136834008
137039576
137234187
137299744
136585565
136687701
137090623
136714590
137430774
137238621
136703052
137036644
137535173
137266783
137544027
135881913
136714074
137525800
136672563
136153466
136676620
137420890
132670934
136021503
136579634
136957250
135311278
131529815
137120670
133999688
136743699
137067533
137077803
136856800
136757012
136591560
132109413
136894781
136325379
137135968
137334993
136181936
137075917
137480437
136807115
136867192
137460684
134770042
137440658
134896516
137357215
136905043
136504509
137022045
137210004
136616262
136906531
134270561
137308900
137010248
136807473
137069939
136586632
131333121
136659582
136975575
137070584
137139226
135587937
135757929
136688902
136567068
137359660
136403151
136969902
136676283
131573279
136299555
137145460
136995858
136839408
137096224
136785654
136772654
137040698
136657979
136874656
137290925
136170624
136902037
137496952
132022524
137157070
137513368
136560561
136869266
134969493
137163911
136961784
137337377
129721868
137482004
134866145
137157069
134594918
135120517
136668606
137442798
126581878
136593124
136913820
137035900
137309007
132069695
136093530
137165083
136541342
136610384
135658880
136664985
137531490
137464469
137202743
136544357
136126066
136176148
135901772
136074734
136998824
134231645
135436490
136962871
136705235
137339242
136975754
137124605
137153961
136686604
137383476
137069123
137245487
135172846
137241903
137487682
136855500
137207982
134420073
137416764
137249595
137342541
137041718
134338572
137054978
134613390
135584995
137044827
136678436
133952970
136590977
137448723
137064615
134337960
136895302
137266873
134208653
136640384
136159766
136573000
137312535
135747194
136961481
137163232
137523433
136449230
136269824
137201184
136793915
135184424
135889716
137302885
135691972
137202806
136044561
137517362
135661028
137068187
137112595
137144378
133357432
137048069
136490396
136069873
136489751
137076365
136901801
137498380
137241625
137407987
137065912
137153070
135554638
136502215
133453768
136563626
136593522
136565114
137328196
136614636
136530962
137038216
136958706
136794172
137547942
130351650
136783421
136786502
137315353
137352667
136665022
136994243
137132622
136415754
137448780
137065916
136970277
136361085
137156688
137460682
137326459
136480565
135558367
136907562
136836142
137149553
136670416
137535578
136671443
134944437
136327215
137095450
136566179
136481858
137381216
136600156
136875114
136688190
137219277
137299394
137215084
135855305
137512101
136810027
136959240
136740187
135941153
136026183
137188940
137447854
136698873
136844076
137153701
136892495
137430096
137192599
137297021
136808441
136693368
136875750
104795646
136964963
136505169
137324178
136183019
136658061
134914523
136856064
137499002
137027669
136067727
137306131
137079326
134174380
131619940
137535539
137528308
133706981
137434883
136597343
135187444
137424036
131819141
137105621
137495144
137203507
136774684
136770536
136913468
132161221
137376692
136639671
136551266
137216179
135845803
136739403
137009969
137363635
135484349
132890951
134603513
135658817
136587735
136955861
137255527
136930503
136623779
137495405
137452386
137114942
136227762
137189270
137460561
136504548
137352192
136735482
137023049
136435321
136075421
136670695
136535768
136197859
137252116
137496870
137157231
137219327
137311340
136774773
136566369
136962598
136071207
135881089
136705484
137274978
136752579
136642453
136357740
137202795
137170441
137113631
137422930
137255382
137430111
129515843
137266855
137000397
134277237
136688430
136813173
132838925
136484825
136498622
137333247
137266773
137043439
137368009
137008831
136810972
137258339
137220349
137473780
135753961
137097153
136893937
136772367
137162405
137116158
135547958
133953641
137318800
136545573
136654260
137296513
136787087
137076952
136958334
136167138
137136340
137431675
135633893
137308656
137494378
137266587
136894790
137241692
134841160
136705111
137519768
135725814
136133546
136827458
134893464
137415136
134558928
135660518
137026341
131990682
136791983
137237503
136493718
136927884
137384138
137301661
137208039
124991624
136663244
137364079
136774995
133991997
137478420
137501051
136768104
136670303
137194219
135014915
137254224
136587569
137049378
137004662
136607668
137050968
136695174
136967634
136355199
134225097
136678519
137257994
136626809
137361077
136396757
136717500
136582420
136563560
136822692
136092434
136537146
137035640
127654645
136710452
136840390
137491098
136567487
136998959
137060094
136985658
137023056
136800057
136541408
137037668
136863586
137002185
137364002
136962284
135923094
135323881
136774680
136539883
136905990
137085026
135160885
137176769
136589920
136744859
136479138
137126233
137307322
136319604
136523350
137050533
137134692
137187466
135888139
134302573
135521400
137291827
134768125
137075924
137329894
137151556
136605611
136790431
135600377
136728162
136668256
136777883
137095416
136879643
132928476
137208426
137293207
137166364
136887798
133711603
137539526
136340057
136135317
137092143
137176772
137417828
136324824
136821008
136604599
136551364
128079547
136638570
135887010
135349976
136825406
137089619
135757767
136147657
134595816
137092535
137296930
136492411
136475103
132283257
134852102
137042238
135902614
137036186
137419576
135136856
131990448
137118259
137514544
137307881
137011229
134898970
134757383
137530421
136307671
136810958
136495822
136653575
137138691
133040155
136626370
136989377
136238434
136811662
137252735
136471588
137424202
137145711
132790979
137112115
135637387
136906492
136954753
126124879
137002512
136939479
133518288
136538939
136603547
137269949
135795595
137549550
136582701
130995650
136656179
128773596
137000457
137122314
136433265
137336369
137033900
136444074
134943077
135009727
137437180
137445330
137522175
136856298
136670409
136928966
137170408
135446380
135548128
136603842
135844457
136704495
137284750
137113304
136932275
131860736
137214852
137433570
136724638
136927454
136103827
137450242
137145471
137103949
136371537
137508876
137114660
137069316
135993855
136794434
136565340
135787612
137452633
136740215
136520066
125282403
137534205
136597279
137541606
136079025
137431564
135296481
137364262
136728350
136828260
137043383
136893863
137428483
134544608
137257399
136521062
135274222
136535376
136776880
137151414
136504535
136498977
136835572
137230300
136796021
137254570
132966158
137453523
135858724
137380226
136639308
137278452
131419338
136537045
136655473
136816334
135817124
137253293
137452161
136341595
137051190
133234120
136743959
137473982
133743161
137367546
137032762
137236886
137464611
136812070
137546897
135407667
137020175
136240890
137367969
137146581
137041980
136551279
136705243
136723840
137463127
137484653
136409323
136894006
136921921
137135460
136967673
137050335
136736530
135662880
136524537
137192934
137053138
137091560
137363328
136549485
137199925
136869304
137448473
137292291
137539451
135207799
136827148
137418599
135754596
136460557
137245182
137499567
137341485
136943238
137176922
121370571
137256225
137140179
136853596
135928776
137097949
136784392
135986819
136979014
137493494
137475027
137275190
137111819
137516292
136411540
137413997
136917589
137406271
136597347
137424015
136957271
137330684
133840944
136721978
137158482
137209476
136552013
136795043
136606516
136632516
136838682
136998408
135891991
137311329
137312536
137532725
137355527
137209839
137439148
137370663
136073877
136905174
136522156
137165021
137055054
136958756
134564218
137461971
135262252
137186348
137138339
137382678
137066912
136502661
136989896
130995644
134249808
137285850
136181888
135502280
136672095
133989823
137105510
137399549
137245756
136948974
137214896
136568091
137071458
136256813
137549558
133661298
137266866
136484020
137328561
137142452
137250345
137465039
134661191
131130374
136835489
134941851
137122061
135595595
136884826
136812321
136987398
136348400
134989380
136851670
137517644
136141186
137547084
137144907
137160996
131703724
136573291
137417861
137365702
137004828
137447461
137492009
137165624
136875293
137292297
137010142
135975119
136798224
136180386
135491985
135309579
136596019
136054297
137279313
137021827
137500493
137050018
137328041
134758009
135884035
137247703
135207796
136705400
136581999
136716752
136956265
136594266
136316916
136776278
136479909
137160378
137217511
137358095
134500173
137427266
136656455
136539524
137537798
136503744
137311124
137198689
137523377
137353116
137212846
137371214
135143060
136963652
134524248
137500971
137547456
136880865
136511497
136821758
136372650
137053840
136961759
137041854
136808974
136743109
137342024
137367588
117486286
137452798
137155171
136934855
137427114
137186124
137140639
137011243
136516470
136699858
133601201
137216765
135736362
137294994
134704608
136984246
137153455
133471459
137424417
137008103
136650978
137365774
136066366
136806315
137436339
136503244
136128395
135144560
136156315
136792952
133822593
135758751
136786856
137049737
137121337
136540420
136168379
136478117
137279719
133959262
136851740
137199435
137514688
136991149
136529642
121906254
136811152
137140132
137187404
137001006
136301176
136984097
136970938
135675301
136691817
135789369
137294992
137041161
136670156
135905880
136896991
137162492
137003085
135737375
136998147
137023064
136462041
137227058
137236103
137188770
137206762
136597980
136743532
136799165
137535036
137192477
137022053
137476252
136810871
137340550
135186891
132942448
137116493
136997922
136359666
136703583
137366847
136905069
136847275
137011642
136899537
137062383
134121476
137180821
137472484
136472523
135537796
136812150
137160030
137373984
136694806
136894118
132304205
135274141
136985931
137127617
137526241
137213993
136996295
135278820
133009003
134778408
137103835
136591010
137371790
136703599
135518288
136677170
136533114
135930262
137120320
136698477
137127049
137239944
137051416
135740568
136372134
136840014
132366596
137141006
137095759
136900096
137069325
136238371
137214035
136625679
137441607
136906770
137150135
137075942
137371316
130452678
137213740
136077805
137082325
132101421
136632324
135984876
133084296
137493663
136769805
137255827
137362242
137231533
131316559
136824823
136810293
137199807
136919190
136863596
137082954
137312557
137463278
137312845
136869466
136655833
137494457
136748755
135814993
136072682
137431600
137069449
136647662
137294431
137447033
137546539
134385558
136214012
136586320
137525789
137224558
136170182
136922647
133181855
136955773
137507648
136698282
136647424
137049998
137202933
137100672
135205787
137518194
137493500
136749680
137005703
136787002
136525340
136478215
137395192
137290817
137360005
137381659
137452323
136654714
136637422
136588591
136539922
137066743
137423302
136746384
137103621
137247194
136610620
135155478
137208905
136921742
136696096
137464512
136733001
137167769
136705341
136293682
135048096
137124434
137046376
137211462
137470676
100362023
137047602
137291501
135211437
136588310
136773860
133097181
137315535
137233423
135613003
135923582
133801099
137487990
123200429
135668716
136806647
137363711
137440316
136682353
131657889
137016246
135226254
137031361
137036465
137327228
137341697
137251430
137138742
136539091
136590630
137526053
136561113
137380135
136341494
136850035
136874500
136075716
136665393
136793028
132462335
137121344
136620981
136828817
134195101
136765314
137066575
137266475
137047903
136999139
136858772
128099913
137024373
137509186
136609956
137258808
136298983
136642956
137016434
137067060
137063384
137440600
137311999
137487451
137476047
137259989
136708362
137364889
136967779
135363596
137292905
136826857
137381073
135913726
136957417
136028636
137430284
136643169
137061425
135613109
137473134
136851738
135848614
136487776
137106320
136192546
135247849
134248713
136927930
136713560
135946161
137250382
136893706
137117372
136298669
137266770
137289598
135699850
132119886
137527699
137283953
136035446
132647232
137208522
136609886
136320366
94387370
137515516
136605202
137426182
136984185
137254437
136666803
137252122
137310806
136284458
134107852
136562553
137121010
135225549
137254222
136877886
135703012
137193791
136717614
136852164
136610350
132856454
137518701
134904913
136341493
137176659
136392520
137255593
136108826
136552848
135660933
136972463
137197513
136963914
137063532
137266757
136674757
137366236
134521512
137524652
137417833
136933408
136742260
129456650
136670787
135708623
135482684
137228122
137180756
134075493
136715508
137429762
137108416
136305881
136107045
137361012
137303816
136262538
136479531
135347292
137497438
136497566
130582277
132830957
136482139
136876987
137361202
137526522
137426833
135226134
137089201
129970158
132917536
137292987
121567516
131893099
136994256
137395472
136927003
135236012
134025956
137338512
137141744
135557546
135893636
137079225
137026035
137005576
135003809
137014792
136928725
137204738
132026261
137009795
137517232
136927922
137438963
137216654
137075472
137321260
136314138
137201079
136647589
137516193
136597594
137111518
136716172
136498358
136119052
136686386
137266842
137126146
136821026
136975064
137256293
137229601
136914533
136890253
137533385
136481471
137130842
137465813
137299339
136792827
136806074
137368029
137376769
137146099
137051910
136540320
137187408
136982228
135980194
137529672
131748695
136240023
136695971
136479889
137453267
136035315
137055421
137382820
137381749
137533041
137152820
129429915
136654140
137312517
137429008
134842061
137060004
136919782
130333668
137066605
136555937
135815013
136724556
137112810
136794111
137075029
132126106
136934289
136972800
136938302
135922363
135748965
137376114
136860966
135897561
136830653
137379939
137437152
137445331
136071515
137420194
137229195
136704670
137333722
136550470
131880310
132663786
136845634
137452722
137029973
126634863
137237611
136395641
136647220
134914521
137119848
136245864
135487203
137283367
135715285
136650017
135821744
136549333
136713384
136841388
136827395
137365342
136007089
134979246
136363037
136674953
133311122
137516510
132593182
137266797
137063033
136187963
137068862
136437553
137008157
136810955
136245385
135516330
136592914
136468384
136719729
136478654
136734280
136994090
136665688
136719776
136636278
136551646
137214162
136799368
137545221
137423935
136905311
137513674
136740145
136600104
136940626
136481329
133553516
137051090
136723340
137024372
135933229
136216009
135458331
137388794
137164576
137051673
131063820
137095659
136556632
137172586
137186733
130960349
127887087
136893271
136906824
136878407
134306023
136792737
136958581
136972655
136907529
137382446
136845113
136186947
137511966
137028879
136908160
137298658
137199022
137132045
136194135
136310636
136896562
136906119
137186566
136967562
134748111
136874639
135434441
133638563
137046953
136096707
137143684
136516229
136860783
137436271
136722500
136602486
136569357
134970842
137517357
137250809
137343134
136767626
137400803
135503462
136567411
136716113
137430954
131246140
137140570
137311417
133473623
133064208
135629185
135846721
134500176
136836236
136588530
137046173
134510357
137112597
130612320
136991988
137527266
134953103
131738208
133050915
136482151
137157892
134794827
137431897
136827970
136350637
135495854
135048191
136495542
137232968
137306921
137485947
137170800
136982818
136810889
137527250
135886751
136746619
136960639
136729246
135868486
136721297
137299100
129286594
136996174
137189526
137499820
136803818
126557732
137198602
136792956
135485538
136563108
136630564
137392859
137351462
137054378
135592317
136087383
137147078
136871753
137354531
136792373
135914400
136595661
136988340
136856316
137530631
136272657
136498973
126155709
137255246
133221550
136656893
135528525
137486060
136170111
137066345
137126369
136900961
135527583
137097021
137196262
135661383
136779814
137304172
137104483
137514311
137028643
135397719
136964254
136815251
137226974
136807334
137141561
137208558
136786843
137509199
136396729
136993280
136976870
136957163
137164600
137164896
137266939
137276061
135620979
136358466
137292592
136703837
136693646
136525798
137177442
131979683
136642125
137306815
136575184
136550336
136705480
137544837
137167029
136225870
136007603
132825567
135417165
136705246
136806522
137207396
137478022
136563412
137199853
137305602
136666301
136514120
137109317
136918907
136842213
135900421
137062441
137368561
137213103
134337971
137165886
135695110
136499955
135901820
137416541
136404556
137513139
135774817
137370120
132787721
136891998
137531436
137277485
137384904
136939824
136752091
137534849
137249721
136606385
136726553
136600081
136778185
136316734
134245763
137448762
137013869
136563422
136247452
137482701
136136145
137068709
136791565
137237446
136854088
136904916
136915962
136845002
137518145
137297724
135677749
136487987
137213338
137201610
136992879
136483589
134743254
137043033
137025361
137482936
136930059
137435922
135310633
137224005
137192078
133054588
134934673
136215873
137469016
136547092
136647151
134493866
133515808
137525181
136774299
136561740
137409647
137257841
136288717
136492782
135188562
136448932
137387153
136125910
137431292
134617607
137478806
137276773
136628896
136882503
135041010
137433065
137000401
136667565
137050750
135456068
136934872
136739415
137075901
137248438
136841400
136597771
137072474
136596710
134519922
137123495
136374917
136437070
137205192
131642390
137299854
130451686
136229771
134305894
136524440
137521594
135945696
136857992
136106868
136711899
137080129
136478114
137009964
136524186
136122224
136810935
137266600
137525164
136570291
137526175
136808397
136550494
136957135
136608816
137145231
133661381
134337973
137174400
136592088
137428787
136548884
137456707
136964611
134565523
137521127
137247912
135654072
137448060
136825691
136655310
136809162
135998015
131000938
136773262
136702881
136502391
136994333
136887718
135739194
137472742
133249292
136705295
137221145
137103921
135664238
136656345
137452317
137171475
137174363
137039667
136289484
134691495
137044931
137290404
135712209
137043916
137023137
137107346
134989507
135855236
136568320
137250285
137412856
136119802
134532846
137441229
137022071
135539049
137547922
137332993
136992907
136933609
136478559
134074925
137533157
135626100
136064328
137474304
137525781
137534031
137309000
136998314
137209335
137453208
136742672
136903099
137000398
136835998
137010367
136225491
136864247
136476563
136792863
136937320
137044245
132210185
137076631
136694162
137244236
137030399
130349514
137252631
137475786
136855586
137364146
136897465
136462294
136337829
137008245
136928046
137462600
136861784
136626595
137533336
136404833
136549033
136567041
137278136
135424192
136745345
137174422
136722348
136920455
137457534
137310149
137547818
136929700
137317248
137443718
137230387
137056465
136076128
137151390
136695350
137304603
136689286
137266896
134885604
136545801
136645201
136644956
137379558
136509652
136838438
134760744
137210533
137155244
137492654
136835634
136997430
137016445
137224202
137092802
137348279
132083659
137429785
129286684
127249680
137061650
137017838
136725214
137140712
137297956
136225286
136592963
135989370
136321848
137519229
136874430
136218486
136963729
136962429
137441838
136721590
137539274
136674331
136670384
137017257
137266882
136500434
136765181
137269502
137445704
135932543
137030251
136953207
137488351
136994255
137272730
136634527
137379045
136689924
137299414
137045811
137062675
135273708
134545118
136743951
133479181
135236075
137487452
137362798
137241961
136574742
134210232
131871563
136219144
136580327
137436860
137298737
137535222
135224511
137433703
137099487
137217122
137446639
137150467
136911291
136703434
137073203
130739473
136775586
136562420
136860736
137444812
135178937
137539926
137362296
135906496
130312950
136889840
137306337
136829256
135743023
137062643
137539094
137302026
136558779
137538376
137290178
136585311
136566474
137377777
137549753
134966298
137473050
136168643
137038234
136438022
137435258
136828433
136742565
136670383
137440324
136718473
137443377
136249229
137067021
137302608
137088642
135437939
136906121
136633863
131528736
137121968
137328043
136912153
137133731
137473140
136067141
136244216
136896129
137153767
135554811
136662587
136493688
137461321
137445775
130236500
135203163
137484178
136651350
134907877
137421484
132297634
137239720
137406944
136485088
136561824
135810138
137390881
136545550
137490611
136699913
137363997
134981539
136884428
137219897
135949635
135161212
137361601
136793425
136906468
136666154
137174433
136011945
136854091
136830636
135575734
136797041
137118773
137382996
137530129
134832316
136560170
137029679
137399148
137394838
137384389
137191520
137216650
136762041
136783445
137418640
130926153
137022088
135441733
136537606
137254086
136760085
137481616
136701820
137041190
137189902
136294382
136968921
136711293
136392301
135925189
137098177
135043081
137008648
137096562
135745681
137195618
137475930
136726348
137005056
136764700
136625051
137159419
137046188
136575187
137060366
134793856
137030648
136869830
136330740
134955035
134419663
134074040
137046133
136863658
137343839
136979080
137154820
136222465
133775428
136680475
137049626
137484102
136255553
137378349
137433280
137380811
136053722
136433301
126534185
137052439
136825136
136540565
136606033
136736460
137426807
136920017
137521085
136977545
137526168
137444577
137472316
136648492
135620577
136866289
136452103
136887473
133978909
137513945
137287638
137111255
136828132
136842351
135721405
137526393
135317153
136721753
135606101
137080335
136668988
137430350
133269759
135879778
136692450
137250240
136934095
137342674
137250179
136299558
136074098
136935132
130409810
137011231
136514373
133888798
133312287
135603323
135820339
137251543
137357639
136547377
137041784
137374171
137187736
136796012
136648240
137186168
135726863
136672678
134158511
137044730
136172200
134867286
136836127
137500132
136229710
137514789
135875697
136549364
136964322
136698088
137342416
136717257
137364401
136487691
137500390
136683064
137547899
137192072
136866381
137053996
136141281
137190476
136502247
137420710
136650307
137123518
136639031
137355215
137386427
136851184
137071829
134962383
137023047
136797023
136926047
137524476
137137290
136574748
137307943
136741244
137209511
136179716
137117629
137097671
136588550
136919651
137371082
134826665
136651167
137293661
137496963
137054317
137046156
136979005
136665938
137446489
137218919
134280323
137103947
136472358
137291667
136682954
134329202
137414889
136719246
136929670
137459671
137445542
136811739
134653860
129713694
136537060
136500016
137392579
137359729
131899152
137384621
137340062
136640242
136263370
134901204
134042104
137429768
134891789
137394761
136434881
137415744
137242157
137316059
136174391
135029864
134209255
137111741
135232183
136910115
136958924
136952998
136363134
136223899
137196852
136957987
137296884
137064784
137190813
136904806
137477711
132060197
136970306
135128470
136861098
136679198
136932887
136870158
135896714
132209166
137443791
135458103
136533328
137372933
136812320
137121321
134400458
136402254
137498427
136536011
137211257
136688302
137365787
136724263
137055012
136866326
136960910
137199875
136500706
137482832
135979353
137532017
137247630
136990498
137401175
136489895
137004211
89775865
135592342
136556653
133194809
136390627
135582310
137107590
135974413
131450314
137530323
135157439
136728582
134337935
137248348
135914073
137059771
136903302
137447196
137203940
136715060
136078755
136703557
137085087
137161090
136778933
137247712
136820576
137356310
137514495
137527076
136756007
136920754
137534832
137474602
137524257
136551298
137093176
136791996
136974390
137476695
125459606
135741142
134297125
136808831
136705600
134229809
137500574
136581883
135450147
137464720
137059610
137221748
137043243
136605373
136716304
136806820
137127452
137105609
137463776
136626409
137027688
134224558
136796134
132217587
137296896
134084632
136784136
134279040
137203070
137329193
137365668
136773455
137203131
135967243
137201126
133545163
137458455
136814461
137182250
136742312
135364897
136809139
133099990
137006330
137198794
128028493
136393661
137538024
136373625
136654267
130451695
136179717
135274586
137206276
137387268
137251373
136905831
137122851
136493699
134582288
136797060
133666394
136416678
136601196
136561067
137233395
136967188
137258031
136672607
136775735
137425696
130995641
136014254
130835810
136676144
137096349
132217984
136540898
136796014
133305396
130831947
136565138
137537884
135611520
137514302
136539912
137434699
137213102
136994899
137320891
136782693
136742815
136667848
137303130
137510263
132592597
137517238
136998898
135934292
136825040
136735803
137088537
136671282
137465326
133669039
136989782
137132481
135903636
137374774
137519360
137195707
137116498
136510760
136665421
137253522
136989741
137328338
135556530
137302560
137459547
136702985
137366085
136810080
137266821
137088714
137380547
137221551
135464862
137313942
137388052
131982306
135935268
135275024
136771406
136521964
136551338
136678606
133810052
135722219
136504783
136221587
137199028
136171506
137379805
136535405
136833717
136456176
137430509
136742202
137331448
136531442
137413588
137159096
137306576
137116072
137135489
137190063
137320630
137080111
137392044
136484061
136585270
137517337
129471202
137498640
136504563
137250658
135236071
137329723
137499006
136443498
136689619
137440438
137151392
137549565
136828584
137146162
136988586
137467383
136964220
137386486
136740285
137250942
136993562
137207919
137254654
132756289
136702313
136857376
137364061
136843962
137417675
134767364
137316142
135187899
127188790
135236081
137424416
136697307
137049013
136351921
136556541
134948948
137037766
136828141
136282499
136828796
133974054
135882277
135203819
136988942
135121912
137368164
137278156
134745721
134949278
128271732
134730325
137042864
136589437
136739718
136368870
136798653
137204597
136574792
136579713
136815732
137095766
137438899
136811154
135508435
137379393
137533797
131101700
135984910
136985136
137447916
136504581
137315952
136341537
136706134
136608583
136736709
136902039
137027770
137228559
136653067
137181921
136472386
137210369
136236548
137136840
134823628
137294990
132855013
136637666
137290493
136261279
137176315
137257353
137482422
137266571
137083753
136665848
136151725
137535328
136922512
137259498
137481213
136533728
133980020
136988495
136503934
136586722
136563620
136967840
137136809
137357189
136476806
133830389
136744964
136572738
136745560
136547099
133321119
137486083
137506281
137056135
136141953
137440717
137022068
136524810
137492681
136562469
132549144
136714095
136485777
136987259
136407447
137330563
136917089
137111321
136745649
137472497
136985568
136600365
130767386
137330864
136596161
136807675
137474482
136491074
137485593
136672526
137472480
134566736
136309439
137302533
137241395
136637571
135903814
137045268
134178564
133184909
137313654
135995713
135277171
136836487
136810971
136706208
136718216
137109618
133465219
136408838
130079800
137510728
136581345
137101017
137109490
134993301
136938629
137485722
137334753
133292999
136770657
137292273
136706556
137157288
137041513
137296387
136822349
136192644
137341113
137093945
136496734
137122280
136639304
136080733
136955865
136821692
135264127
136928098
137312344
137095321
137435432
137093969
135508722
136565341
136481864
137433865
137266865
136759013
137299331
137139207
135192630
136245784
137327645
137511522
136955499
136800038
137286648
136960987
136958084
136089286
137420203
137126768
137071442
136710459
137090554
136537014
135835614
136701336
137483014
135584548
137187448
136553798
136999288
136564978
137264148
136955229
136696892
136536900
137461564
136842653
135854710
136787300
137369576
136579268
136960557
136792449
136892268
137189057
136476812
137064545
133945450
134427479
137238745
137049582
137241368
134233498
137064059
136721697
134925393
136919887
137209996
136652832
136701116
137472744
136968364
137220219
136656418
137547564
137246268
137032105
137138822
136693215
133767467
137155153
136533343
130838076
137131208
136889845
130804743
136625488
137368511
136249637
137493605
136637181
137210526
136759876
135201867
136036718
137441816
137200407
137193224
137113532
136999316
136487665
136791218
135735012
137306342
136161749
136502756
135126459
137234542
137199438
136152140
137483766
134792648
137525708
134337916
133541012
136900439
136553986
136567609
136546948
136662330
137199429
137138902
137259407
136853051
136824057
137134287
136148381
136624511
137341130
137394041
136561743
135643425
135814882
136893431
137368353
137199751
137538013
131786876
137068633
137009752
135704370
136735830
134586580
131930644
136472229
137511585
136536532
137131869
134942949
135419211
137522233
136388356
136354527
137524493
134734944
137110742
137288310
137190251
137187780
137249944
136659890
136869213
136504564
135948191
136443497
134928812
137527307
136562043
137308318
136822995
137083788
131404996
136906696
136303489
137229733
136926889
137341111
136671935
135398548
136732834
95670838
136918728
135417401
135791571
136504542
136645462
136096997
137453251
137135847
137071629
136922707
137479962
136779237
135622058
137295226
137023037
136396750
137448324
135836924
137017894
129575239
135023047
136576107
130313505
136683252
136629996
133438158
136262485
136712139
137520528
137508658
137236264
123215135
137258537
136868944
137365138
135535859
134781268
136109185
137501108
137068497
132855785
137522898
137039373
136657889
137123727
135504281
136066531
137070011
136557559
136771739
136163931
134769841
137284790
137125167
136222279
135737888
136632652
137005192
137441894
119636237
136602807
137122195
136435621
136568755
137278058
134485865
137211871
137342984
137291540
136733106
137092161
137499530
137387265
137421329
136519924
136853214
136731818
136176071
136987198
137172836
137010604
136521067
136804143
136656498
133831139
137474818
136202471
137286264
136799417
137089687
137445193
136869446
137364350
125370321
137043994
137364710
137132450
137064206
136706267
137426450
137235957
136767356
137068065
137340055
136824245
131996415
136829938
137239990
137264781
137380006
137118846
137161448
137292287
136654544
135354206
137379625
137412812
137363219
136648318
137294266
137319339
131038112
137163739
136999186
136784379
136603241
131113319
136667019
136651565
135708950
136919222
136868595
137521225
137064387
136764529
136925333
137491797
137423748
136675154
137483540
136902040
137357487
136956128
136928899
137234056
136656843
137415932
132877415
137518675
131902963
137353854
137465122
137434666
137472491
136871200
137157289
137491900
136735449
136413859
137350680
136737072
137124051
136741049
137201131
136082505
137371228
135621147
135511118
137308772
136962285
136531814
136713086
136550521
130389781
137322787
137093336
136665222
136624215
134722235
136385269
137009893
133091175
137119491
137389649
137041558
136551923
136597585
132052172
136547016
136372479
137134998
136486348
137312174
137099117
129957879
136567151
134804315
137011209
136049044
137189211
132528754
137068700
136566574
137492303
136188895
136761918
136891489
137376109
132967328
137066760
132388879
131904589
136391256
137464344
136599158
137397276
136993287
136380135
136537166
131542946
137486756
135745995
137066905
137266758
137186926
137532033
137118790
133767488
137219790
136806171
137006105
129286539
136236170
136457670
133953538
137055261
136883180
136828890
137375929
137047808
137518846
135401456
137509920
137189461
136452082
136811747
137517471
137297104
135924032
136637654
137249756
136188631
136350891
137142537
136558657
137023057
137258283
136559940
136857870
136783630
137094766
134846382
137480360
136734948
136544808
133797614
130961088
137433831
137237612
136640723
136553535
137354707
134842945
136959133
137291600
137030996
137477928
137481952
134026919
137195051
137243238
137221144
136569298
135662255
137529697
136830541
135023289
137214062
136651952
137266831
136767303
136548966
136955582
135985962
136533339
137251971
137360987
137253417
137126936
136595423
134989422
137451741
133982183
136790718
135665533
137341365
136179715
137156011
137494240
136573301
137166880
136186619
136799615
137418653
135557328
136604885
136824769
137240151
137107394
137059953
137519238
137107715
136671488
137053427
137356163
137301416
136737862
131975562
137006478
136980020
137357561
128511492
137284308
137002882
137199436
137541422
136587980
135360333
137113656
137438087
134654807
136938697
136744589
136547362
137439309
137491043
130230049
137448001
136560192
136831842
128324740
132229014
137000187
137067633
136338814
136897323
136313152
137432965
137037871
136676727
136460521
137236174
136511510
136543141
136228180
136589639
137540427
137524573
137382944
136362708
136741834
137076899
136504560
136442867
136714461
136630665
137176698
137496323
126600882
137085022
137045761
136066034
136568873
134812556
137154970
137526488
137186340
135150203
137479291
137422184
136544931
136396755
136504853
137188869
136965193
137093107
135405958
136913873
136481865
136200943
137219901
136752070
136811860
137086041
136394150
137121697
136081098
136416207
137068434
137503667
136605195
137028180
137192444
133638537
136258863
135849892
137054543
136659752
133805681
137493566
137360197
131072502
136594951
137313131
135542553
136731813
133386173
137290257
137041932
67345392
128829947
136839246
136030574
135638616
134901350
136927915
137484524
137462120
136851716
136550040
137493158
136503245
136563345
137225658
136539289
137451749
136141385
132633604
136919216
136928173
136627291
137063884
137357485
135276626
137097651
134337957
137422741
136988680
136704682
137467079
134020501
137533192
137221090
137002385
137537882
137290934
135278055
136985175
135219219
135482429
137369422
137371494
137498179
136704680
92964575
136738749
136897592
136615923
130453445
137388165
136651949
137238915
136650177
137369263
137081086
137162922
136846536
135268337
137040570
136647928
136901983
137482266
136811472
136567308
137439057
137383438
136457723
134375206
137129262
137059549
137044591
136491546
136832241
137220141
135437299
136812949
137222006
137447977
137444014
137003087
136459401
137469964
137371322
137031778
137313237
137324501
137074237
129857746
137199416
137266798
137414164
136234225
137042525
136984541
137210425
137330010
136212930
136634545
137482451
136971629
137311653
136987865
136446162
135988829
137119920
136995684
131428664
136284461
133704445
136769083
137205215
136705571
135947348
135624316
136545247
136305941
137102220
137391297
136141227
137341572
136718595
135939855
136570647
136452626
136828485
137475873
137000676
136167318
137445061
137476547
137127933
136583860
134900948
134480756
136213549
137218102
136532607
136514551
136658591
136705352
131881770
135449487
137134481
116122382
136531770
137425009
136852936
134337901
136911186
136855349
124630182
137365599
136670421
137426448
137042123
137424246
136975524
136487291
136592381
134252958
137073610
137018965
136792300
137043463
134263761
137523928
136652663
137412369
137452377
134973134
136183093
129144668
137497195
136880864
137242310
136913955
136635026
137313607
135198444
137023040
136838062
136699350
133996907
137185195
135985906
137036924
136224129
136550614
134921542
137317382
137000935
134075492
136901140
117482053
131366351
134732247
136914146
136070865
136643373
136541230
135935153
132958952
134896179
136556655
136596876
136743512
135351397
137379826
137176593
136704035
136901363
136875973
137444037
137098243
136808954
136854311
137070820
137158470
136958019
136913191
137483509
137394185
136603856
136397452
137355183
136482673
137107851
136158139
136907451
137072244
137007137
137279136
136987627
136770110
132432774
137290129
137153067
136480923
137146950
135444055
130705347
136806147
136549161
136863657
136808114
134455730
136694056
136137574
137113838
137090550
136827457
136825957
137247757
135952665
137308609
137285424
136550499
136835193
136488591
136095425
137046360
136796538
136550467
137536004
136874968
136779584
137351335
137364319
136854590
136394067
137507432
136502826
133504285
137472514
132420576
136627094
137072475
137347496
136481836
137509132
136740818
134427669
137435309
134129721
136959140
136583861
136565136
136964488
136828605
137266615
136916476
137423104
136939770
137127779
137194181
136689251
136903062
135459520
137154946
132879622
136647118
137419588
137491331
134234833
136958835
136863772
135242490
135703466
135645904
137316388
136590561
136856069
137524287
136632788
136640208
137539539
135863109
137118660
136879907
136802905
136931180
136638395
137503289
137153804
137152828
137341325
137524110
136712977
137350525
136743327
130961095
137509701
137022592
136723076
137111349
136577586
125604510
136593075
137071742
137294996
137171681
137003250
136533508
132058384
134713043
137361587
133481368
136812326
137053843
137465632
137313695
137107493
135198799
136988386
136988582
136642957
136794805
136606547
137236341
136880546
135750707
137378490
136012346
136770129
136832627
136400907
137431491
136598841
136885314
137067009
137051023
134635698
137201886
136563383
137508883
137096991
137535274
136924119
136740983
127822855
137540422
136904172
135992776
137154210
137499362
136974538
137200536
137093822
135871831
136441584
134556298
136323647
136956971
136815163
137296396
136556824
136906598
136856025
137070931
137361547
137046689
137371015
136361178
137294798
135423350
137073620
136817363
137142717
136809329
137511623
135834822
137416162
137344482
136967683
136611138
137045745
136537462
137543012
137116587
136511514
136929944
136574955
136741896
135751667
137022327
137537641
137211101
133507575
136945995
137534318
137306565
136486243
136956264
137006240
137230720
136643038
136848793
136582415
129144602
137294355
136037070
135992924
137163319
137061633
137303358
136285128
137441510
137381455
136732531
137205688
137190577
135887079
136402415
136906362
137471719
137525102
137006690
137127196
134983864
136912317
137066667
135390596
136753088
135055798
137242048
136601381
136683298
133241991
134500174
136539426
133926394
136568663
129000302
136619345
136637766
136511502
136545157
137524609
137240050
137063895
135508124
131138361
136656421
136500828
137327754
136637127
137447092
137166924
137301449
136008812
136723663
136125868
136303009
136971711
137518988
137203371
137146716
136807336
136570832
136341882
134368115
136982140
133371552
137167542
137115910
136629622
137321319
136836136
135439331
136688837
137541431
136544677
136646942
137259670
136887370
136550519
136343927
137037988
136635665
137383012
133248174
137038177
137260610
136226664
136569228
136132574
136877917
136693721
137440177
135262655
136301226
137038905
135031858
137175184
137276768
136939460
136464596
137169778
136921897
136751325
134094033
136764850
137196309
136554446
135093949
136591655
136579472
136656950
135522979
131527631
136758068
137543844
137448420
136793352
137210128
137449444
137060642
134042284
136114740
136137592
136775569
136678449
137448804
136764585
137030145
137435060
137312955
136942212
137284637
137186603
136418056
136536790
134542231
136838381
137408704
135029530
136816952
137500309
137248786
137053228
137526859
137018028
135452110
137001232
136480206
137359954
135756242
130206087
137357217
137070643
137108323
136602092
137210426
137297132
137168930
136702276
136809773
136745085
135420824
137516205
131529686
136913804
135692155
136967181
137259592
137216362
136027454
137541583
136882388
136758546
135890783
136786936
137101632
136511475
137329777
136589658
136581066
130490313
137126696
137250283
137437892
137492262
136862263
137153975
137345043
137516645
136600780
137458457
137186411
136344524
137444629
136653990
137315378
137142901
134843435
136911415
134163046
137428120
131269346
137361193
137198785
137549555
137445642
137393673
136723415
137359653
136583419
137137674
136566986
134596462
137007375
136900318
136649203
137211998
137181137
137200971
130453404
137312865
136557384
137370087
136403259
137317702
136905823
135357255
137092379
137253165
136922712
137266589
137412847
136451116
137465721
136494644
136495688
136639252
131751228
136702771
136705347
137367358
137525166
136863469
136590499
136904848
137374470
137138887
136443143
132256454
137168495
137423208
136308487
137257021
137054249
136211656
137292588
137406350
137436822
137280563
137137005
136504553
136032087
135917490
137205704
137139625
129349187
137266588
137414682
136504569
136147151
137057509
136475683
137101638
137204767
137458116
132083925
137149939
136626262
137510822
136875977
137335907
137430941
135410394
130201835
137113001
137369449
136308682
136891983
136963783
137413730
136351797
136917481
137515754
137447528
137530458
137158717
137059887
137195551
136793584
133383744
137306488
136587755
137154785
136531622
132232892
136492648
137352361
137095356
136780551
137462676
133140921
137364399
136600082
136898459
137225121
135941399
137024527
136857380
136532739
137364367
137250129
137515508
134908062
131453325
131310304
136558373
136542993
136464612
137317902
137534407
136809270
137366009
133192222
136705512
137481769
135984718
137311770
134376240
136504562
137415910
137395600
135930295
137172340
136905654
136599986
137259464
137339140
134968364
134663543
136583961
137412851
137080108
137165265
137324414
137526344
137302320
137238766
137298440
136561234
136982400
136446372
136694339
136665207
137149821
137100530
137419867
137438955
137098887
137358855
136482238
135693407
137511624
136744119
137414628
136701867
137055315
136609367
137447708
137076931
136855229
135970226
136629686
137534885
135781771
135600860
137491926
133353363
137090040
137443983
137049318
137014882
136810646
135479294
136752371
136661187
136462144
136666194
137310619
136867873
137531060
137159023
136646057
136060464
136463407
136137030
137211755
137122958
137102405
137534146
137294573
133343315
135942136
137524950
136653623
137479469
136811789
136896166
136622137
137080650
137089636
136881177
136675731
137412418
137297123
136285114
136956765
137066240
131675405
137203558
136310501
137492565
135026509
135801733
137239157
136812404
135721205
136541628
135663518
137355277
127223711
136956444
136858782
137199418
137295099
137210131
132068612
135891040
137474170
137043901
131787922
137519358
134947195
136639230
137113195
136400327
137210698
137134675
137527769
135661875
135056639
137472515
136475229
137307741
136352023
136876151
136930955
137160802
134195745
135348646
137406405
137520216
136631661
137466781
137214691
137424901
137006841
137444189
137217140
136565030
136810960
136355075
136936179
137524761
136874778
135665813
136562955
137287210
136669906
136932700
137372384
137203048
136550531
137259904
131892923
136175919
135694296
134977105
137343242
135243211
136583637
136325338
136537988
135692367
135710960
137117323
136399377
135191081
137549562
137219966
136499291
136586316
134971776
136958953
136637677
136997367
136823370
137299940
136728238
137339241
136690586
136808542
137150638
136140777
134202140
137145718
136820801
136944997
136741380
136904870
137199426
137416251
136619139
136880088
137196945
130961093
131751771
136071411
137161905
136993077
136849850
136544387
135558007
136835135
136858757
137369624
135890146
137476650
136214013
137361118
136649794
136664325
133323984
136894154
137459512
136655300
137299364
137107494
137065645
137372303
137518129
136917922
135683842
137188235
133362196
137354501
125153497
137342215
136982252
136761920
137050746
137156801
137370159
137119895
137471133
136658637
137126710
135028646
136140750
136498788
136743224
136562518
137008902
136786228
136975382
131542339
136622316
137096223
136614638
135524448
137241088
137220131
134903591
137096992
136354935
136821559
137360131
127072579
137474649
137266621
136902007
137481956
137244507
131983053
136583120
134277734
135612694
137446938
136859307
137341895
136680071
133551864
137201392
134033517
136836135
137519225
136857564
137274749
137470953
131366240
136562520
136501309
136132788
137528365
135646167
137173425
136967588
137134083
136821560
136564425
137406953
137328331
136893906
137134661
135690535
137306680
137139490
136898540
136921438
136309136
130995636
134277240
136584360
137075930
135816312
136409153
132856626
137395177
136705234
136904144
137077804
136962799
137518834
136949467
137487456
136166808
137171305
136904825
137019053
137158595
131407932
137374448
131355907
136649660
137192706
136831083
137231338
134972491
137329258
137330238
134222380
137084246
137388405
137294304
136865756
137022093
137188443
137200745
136461893
135307790
136737519
137514608
137257331
137155864
137005606
137491716
137074307
137106286
137160819
133537183
135702321
136738501
136890759
137160962
136637907
136093024
135994365
136999411
136958445
137242998
136682855
136300708
134860062
137537898
136930598
136536501
137444542
137146274
136876086
137191374
137013127
137092671
136952285
137034086
136547804
137364245
136722207
137517296
137244088
136761742
136793902
136682363
136567047
136882165
136347799
136536823
137453028
137236455
136910745
136177839
136975068
135195465
136959560
134536883
137088973
136631161
137092115
136567610
136552226
132557397
136901296
136374899
137110563
136369490
137058923
136853660
137483283
137348452
136516216
137084309
137328420
137532599
135872328
136557864
137514678
137533495
137238204
135353953
137062651
136724241
136792685
136674964
136259937
135682506
137495597
136921478
136319118
137527219
134721160
137433784
136418144
133009535
136779940
136785678
137255202
136711085
137062690
136962600
136585401
136677131
136374600
136683596
136816281
137301026
136396740
137204762
137037665
137364012
137532232
135992713
137068180
131724603
137147331
137541508
136293578
136786927
135686379
137293642
136365128
136992921
136072662
135588174
136472877
134009014
131596895
135702659
136649567
137361122
137301029
137521030
135596747
136485514
136564266
135924230
136817052
137496968
137207710
137481880
137072774
137300881
137444932
136718791
135921491
137257840
136892605
135581661
137301570
136905082
136987052
136372928
131532821
137148673
137238871
137169539
137394175
137499429
136525894
137227493
136803198
131689795
137194378
136426590
136776862
137180397
137427358
135587522
136931094
136538474
137199874
136956369
134277733
137220836
137109184
133761671
131282761
137100066
136511499
136566212
134445820
136591346
137509983
136545835
136648980
134497144
136930460
136581707
136766233
137323217
136898085
137155522
136576201
137504584
136493357
137365973
137549554
137360690
137530099
136542842
136490580
137317286
136718688
136404761
136876799
137456519
136887935
137090865
136832437
136721108
136675417
137073485
137247287
137146285
137296006
137532559
136555567
133561475
137449042
136594706
137085207
136988180
137525844
135877241
137275310
137543167
136701209
135253841
136483359
133988842
137068354
137102520
137364069
136807921
136772653
136722189
136890671
136662667
137229003
136488840
136200031
136991478
137038692
137266603
136988170
137221747
137362962
137366052
137518694
135680029
136652278
136732574
131308969
136477905
136661814
137170102
136371072
136519617
137475600
137444018
136569125
137384879
136109483
137113503
136635612
133912206
136551290
136714932
136987937
136695421
136606576
134880444
137487285
136614684
137043034
136258132
136956431
136894011
133822286
137159625
137234002
135033788
135759083
136628125
137539508
137338207
133967701
137376108
136551756
130328504
136884329
136748610
137217068
136007785
134614480
137521747
132767729
137410744
136780112
136506643
130354328
137364832
137523287
136561087
136855850
136209498
137046034
136651502
135556768
137290619
136733806
137316394
136538425
136696007
136622565
137534777
136689484
137424274
136856624
136053656
137437858
137236269
136718467
133009985
134733076
137073632
137442450
137492425
130247647
136681507
134884104
135701497
137045593
137497348
137302179
137514895
131172745
137095506
133140291
137164880
136940816
137500715
137188310
137189269
135489229
137127635
136387468
137219948
136525853
137019353
137127655
137331379
137416987
137463853
137370887
137321329
137033650
135995707
136643184
137019760
131527772
137544357
136892036
137168455
134929819
135045622
137082577
137305547
136835615
136173940
131960880
136596918
137380353
137306168
135746610
123704741
136723947
133979214
137377362
135942389
134976679
128560388
136588663
136702870
136066956
137518646
137319685
136857374
137325537
133268193
137066604
136908550
137193691
137255091
137397877
137376116
137445858
136540779
137186885
136694808
136785756
136993047
137146718
136526092
136519902
136881597
137444043
135205088
137095138
135853729
137112390
137395102
135503455
130983576
137016457
137355218
136689956
137136893
136777175
136744022
133662201
133651192
136564917
137485046
136862579
137421800
136967688
137338328
137296528
137126555
136671701
136888309
137483949
136986057
134992916
137518052
136917712
136587862
137176664
129287140
137149568
136834100
137165668
136584714
133959976
137209825
135968441
137463758
136667176
135999056
137532793
136491442
137360527
137153375
136995125
136722428
137099541
137356290
137230192
136957537
134786893
136957971
137214012
136744807
137381537
136550476
134706560
133135357
136894681
137105111
137540970
137364397
137091216
134216168
137329879
137433931
137205723
137174819
136977810
137481950
135350765
137068655
136830607
137498186
137088141
136261118
135538185
135673442
136803981
136959362
136614773
137076556
136527865
137023072
136404166
136920139
136640375
137158422
137370665
135992204
137013871
136991752
137500860
136535862
136577904
136994251
136433244
136607997
136501524
137266788
136588200
136060132
137201144
137301609
137056764
134301886
137233040
134438827
134177651
137161763
136810813
136980047
137341132
137438861
136479861
135128695
135842355
137044480
136158829
136219270
136809513
136898449
136126513
132327654
136568272
136942123
137542606
136718660
136998952
137465975
136730773
136035448
137381629
136498382
137019356
137480558
134809573
136623852
137064730
137151613
136004676
137304039
136371367
136835951
136906739
136444080
137209670
137429481
136987716
137075132
136724634
132457460
136859308
136884469
135895281
137534827
136563839
127057371
135708129
127632538
136604146
135144839
137357705
136498531
137251572
137045078
135521700
136589025
135840085
137485180
135901206
137197663
136670376
136273561
135120256
137518365
137441382
134102737
137069733
135958660
137356083
136657081
136471290
136651953
136134542
135661026
137157237
137386434
137439113
135834060
136809323
136442709
136479856
134534919
135943017
132282904
133023369
136676182
137096407
137266755
137005537
131428395
136465582
136180537
135948833
135842228
137124296
137158298
136141470
135111236
135120363
136856741
136229706
136588886
136973895
137422780
137049989
137023059
137085182
136840408
137177103
136142151
137073115
137266849
135884973
137199061
136826663
136829231
136442776
137363227
137140625
137354821
102250440
128738606
136163722
137087151
135602064
136298699
136077425
137400737
136532311
135558565
136739197
137370733
137000984
136769505
136813054
137154071
137060363
136469470
136721621
136502039
137209002
137196129
136332858
136185323
137433073
135526274
136539169
137190645
136035355
137472350
136684552
136854681
137041389
136902474
134756837
137045658
136734952
136635624
136608119
137427151
137286865
137388787
136229040
137001533
135977504
137180648
136119051
134071500
137465010
137293952
137187269
135554824
133717794
137243094
137359982
137517454
136704424
137458430
137099169
137465580
137083066
134007657
136732317
133025670
136590169
134704251
136942519
137040385
135663775
137491341
137372097
136920689
137120323
137423183
136536844
136798064
106682179
137221577
136743399
136917567
136761641
136922721
137338390
136728022
135027511
128162814
136593461
136702589
137207867
135892371
136994257
136908705
136889493
137358480
136667860
135081340
137250438
136597289
136723113
137254995
137496014
136989843
136958904
136408688
136981141
137169777
137043172
137215019
134029197
136550478
136739361
137486929
137060533
136584750
136549334
137163764
136656970
136998613
136791225
136796864
137006247
136312001
136784545
132146567
137348127
130057380
137523934
137082021
137305482
137291485
133386194
137299444
136074421
137506115
136833930
136065614
136999925
136672466
137197748
134187619
133296034
136536968
137175454
136163685
136711052
136564119
136879738
134962083
137238846
134383896
137372470
137005068
136565401
137539181
137514382
137312673
137481951
137449338
137198021
137136845
137243177
136793518
136114353
137401276
134455383
137415387
137171674
136855873
134713351
135689312
133468041
135981386
136856840
136318567
136962720
136957957
136630923
137515763
137477149
137434706
137435454
137234001
136942224
136400953
137441414
137146713
137419866
137432037
137249573
137305611
135744277
135527698
136589800
137123101
137066154
137514167
137290960
136530589
137116402
137492696
137293508
136621428
136955054
137492989
137128876
137141307
136624916
137425819
135139656
137188594
136995170
136876555
137218967
136550524
132808186
136608363
136440244
137248753
136497039
137395462
137526135
136089767
137481176
137266154
137117226
137218101
137083222
137260546
137459573
135243260
136529589
136593757
137497803
136671862
137380274
136547160
135883375
137434700
137209491
137496966
135888411
136640573
136322106
136936672
137530300
134273310
137356792
136829467
137102997
137452219
137254096
135987938
136588881
136228034
136992964
136566677
137016433
136540310
136667027
133704963
137103433
131246488
137077682
137369496
136938303
137430182
137266293
137064148
136713468
137059574
136840957
137424306
137500649
136864245
137055016
113122269
137230661
137494937
136738998
137413171
136752939
133249492
136311691
137197097
135786696
137022056
135895159
136986374
136716315
136804376
137006938
132964181
137438995
137089746
137429610
137371321
136255029
136905958
136632824
137210654
137533155
136596387
136525169
137064941
136682716
136217512
137461113
136643265
137015657
137371325
137195820
137221783
137165325
131624388
137446929
135733712
137078547
137212572
134214591
133392124
136809099
136430819
135232790
136854618
137481650
137370370
130330372
136795554
136789962
131779598
137546196
135842268
136236200
137207625
136955413
137541539
137514148
136526660
135453507
137265983
136400580
137073977
137191669
133647729
137249161
136930871
136723820
137516616
136331965
136769364
136561981
136882410
137340859
137186336
136900194
137360673
123869229
136631756
137040910
136824845
137259611
130452825
137443207
136968922
137315242
130473537
137234055
136830864
137053681
136475663
137418918
137014429
137486508
137317927
135195467
135695931
136672135
136680135
136262770
137004936
136596996
129083782
136442619
137419317
137076086
136524522
136325150
136917693
135607866
136897630
137016473
136646728
137424794
137382512
137254192
136881685
136921403
137497408
137248076
136810846
137023053
137388797
137500556
137457726
137220587
137022076
137192415
135507014
136810963
137460602
136800919
137354542
135854606
136787191
135902767
136641816
136677817
136694103
136442758
137509422
137342475
137475435
135482934
136535533
137069925
137201393
137194060
137107816
131516419
137494213
136596152
137492473
136059128
137203317
137258850
137440160
137359887
135918895
137441415
135180767
137481942
136934774
135055986
137426390
137028834
136591319
136628427
137037661
135503463
137011892
136487124
137503052
136900593
137532019
137011683
136386321
137141504
137466637
135489312
137486889
136682846
137185620
136014411
130084171
123979935
136571498
135236073
137129970
137043286
136795735
136897427
137341957
136591742
137003493
136583207
136873787
136566946
136928643
136504558
135817815
136812013
137485690
136670393
137352574
135521794
136587487
137084092
136808099
137449497
137549576
135751866
137441511
136795839
137178188
137159585
133473034
137088548
137061681
136626564
136625486
137211863
137200783
135323669
136745132
134191605
136644420
135173991
135185189
136664633
134992173
136908236
137300162
132418029
137076538
137309086
137528195
133174995
135843027
134655808
137160054
137199469
136832802
136354699
136740288
135364896
137474123
136237490
136922388
137198767
136551124
137174423
137207843
136317534
137244588
136690530
136602484
137173153
135125452
136209613
136730315
136534419
136923549
136994927
137533440
136080877
137468186
137541428
136976885
137327553
137154325
133098617
136719144
137513200
137206068
137428719
137005108
136758137
136746365
136657185
137100249
137430461
137396276
135230600
136551278
134572770
137549542
136538462
137496459
136917663
136737018
137500237
137061565
136638058
137397126
136067553
136693939
136199521
137321485
136539448
135604172
136566945
137233363
137206735
136504551
136908655
137203968
134655945
137516799
130582275
136884951
137239300
136462584
136830383
137394055
136680403
130176339
136599280
136296280
136922645
137356154
136373661
134244286
136851561
136947384
137069539
136534917
136886816
135788515
137207412
135308205
136999554
127834780
137006090
137531509
136541505
137486944
136399557
137066415
137525603
137364110
136349877
137070429
137066786
136859464
137243452
136776068
137022064
137244628
137191873
137030039
137426956
137366911
137054171
137455908
137130124
137122341
133859058
137136943
136867925
135679921
137353824
137220718
137004299
137266839
136428354
136658302
135831463
136930009
134172811
135824684
136437810
137272166
137369585
132630260
137064419
136788752
137266602
137533738
136884510
136607975
137421791
136971516
137040998
137055066
136478581
137497428
137221352
137133836
137318788
136600996
129196901
134540704
137266752
137163812
137216377
136439289
136401346
137080109
136229198
137108134
136505220
136487293
137033123
136929684
137270291
136692029
137287714
137338463
136658566
137075922
136741985
137040960
137256922
137232856
136770494
137283675
137314651
136481356
137230129
133629743
135161436
136301230
136646702
136474960
133474049
137536531
136857988
136986317
99160886
136773836
136809937
137249983
137094425
131431547
137453873
136046373
136683671
136580078
134926997
135443021
136837388
136763694
136164751
136822081
137001374
137475538
137213520
137438769
137384713
137421315
137296546
137076016
135421914
136559252
136975522
137421863
136495754
137499160
137066767
137533338
137441079
137276795
137439289
136908781
135546698
136666804
136129532
137434045
136860499
136588884
137497416
136076292
137066646
135548914
136957989
134825212
137112524
136509490
136921760
137145484
137099039
137186884
136487782
137301070
137020738
137036449
136569409
137452586
135972041
136186872
135654230
137483591
133953561
137353741
136770634
135573389
135857043
136561172
132853005
136795098
136907262
135488753
131169081
136585566
136504556
137523231
136495381
137363402
137293919
130276926
136547001
137473171
135595829
136949145
137075487
136894195
137415828
131687039
137361905
137243387
136711978
134083990
137481965
136649416
137527178
136786435
137084653
135824629
137276894
136983308
132839981
134281225
137381625
137374745
136067340
135247261
136798476
136992067
136987148
137420764
136787647
136604477
137031886
137452976
137471264
136472626
132873547
137507638
137240582
137487803
137487680
137519362
128530115
137213845
136576186
135899587
137131950
136836134
136992042
135358782
136704656
137489542
134808306
132196203
134137762
137459615
135390882
136505345
136974404
136559976
136638946
136345966
137056291
137366408
137154893
136500202
136451804
137486697
135309627
135679997
136810164
137314564
137252815
136864243
136568143
135754569
137071447
136406495
137215655
134942162
137085291
137451336
137308412
136038164
137002282
137532422
137219426
137524158
134888698
136882856
137190387
137497238
137200521
129156320
136492080
137199199
136839653
137446086
137104854
133935653
136903138
137127290
137119619
134145530
137076362
136504668
137124651
136749940
136818829
132510410
137534743
137099031
136527315
136813080
137126691
136135173
136916189
137109358
137044698
136591321
136882874
136611994
137167293
136812342
136865268
137449245
132364087
137316184
137101606
136677268
136527867
137076134
137009747
132305740
137367756
137199000
137097372
137014371
136993709
137041853
137145972
137189101
137369955
136478840
136833361
134486086
135461002
136923526
136957922
135717560
137435539
137524973
130587841
136113645
137383262
137095897
137293840
136676833
136951399
136652150
135050033
137311802
137409365
136639237
137199421
137112551
136880711
137107110
137445692
136755523
136519935
137106275
136898960
137100776
137083581
136657335
136856331
135843382
136957856
137044469
136562477
136716549
134445180
135458461
136795615
137097818
123595600
136932146
137528007
135466464
137507402
135756755
136348468
135517897
136064585
136752339
137413333
136565988
131435178
136909405
136636236
131329590
136415743
136801775
136896320
137313499
137520676
137472513
137148426
136567273
135074346
136989916
137487757
137517998
134991569
137427971
137217997
137040074
137212918
137372595
137393418
136126525
132264016
137047196
132439856
137297230
136906689
136758995
137527903
137418411
135080249
136286300
137429187
135887521
136771388
136561485
136810134
137016455
136502701
137009796
135784945
137187128
130452676
137372295
136938301
135825126
137031829
136806246
135444211
136953116
136715469
137493913
136594987
136529380
137472477
137496953
137000957
136752574
136580642
136648636
136958488
136465646
137129413
136723454
136502525
136345505
137317364
134876929
133804158
136218712
136831129
137203708
135821912
131976742
137118483
137510788
136809720
137509108
137025979
131686975
131366146
136732909
136763203
135831639
137061596
136928648
137098976
137356055
134482392
137494811
136780255
136664865
136981546
137174352
136363738
136644952
136348302
137168208
137524333
136862619
137006177
136536102
137538851
136233930
136602655
136511496
137249405
137393103
136999744
137452278
136858472
137433323
136901079
134199643
136103054
133022588
136836825
136897854
136520411
136987911
136811988
136119330
136883857
128506511
136957485
137494675
136784201
137118243
137201892
137408958
136376852
132083701
136882196
136668279
136639307
136559883
137472733
136650738
136953544
135889913
136659763
136595092
135083145
136917300
137448392
137258391
135962370
132414258
135691472
136963499
130679730
131842891
134751651
137538862
136088968
137538867
137141884
137346252
137531412
137333811
136724342
136809103
136931948
137500614
137113104
137011248
137235729
136909233
137472100
137075946
133945451
137291710
137288250
136895468
136958050
137071955
137292354
134458593
136279735
136733469
135002396
137229185
136822015
136855465
136703586
136704677
137216780
137518676
136667148
136871847
137221505
136938746
137103259
137083677
135180823
136923936
136806496
137292848
134563419
137504506
137157495
135245151
136568077
137382538
136887860
136812329
135829890
137023025
136702742
136598079
136860738
137276755
135873602
136598712
136981498
136496652
137526237
136560448
133725352
137459861
136862822
134555340
137264387
136786855
136647584
137519686
134606767
137435225
136266112
136650068
137443177
136354597
137121917
136784782
137274916
136786044
137248813
137060323
136248954
137285178
137293722
136486225
136421446
134678210
136658161
135542088
136533726
136291751
136896157
136838382
136836602
137299250
136714845
137077074
137295248
136984978
134183759
136918155
134075491
136847061
136885655
137041997
136907259
137393524
135981965
137127875
136461279
137546986
136892014
135509373
135731639
137253839
130947589
136036280
134760348
136615943
135419204
136612086
136225547
136704683
137348976
137011239
137258394
136567253
136483603
137146872
136477174
136170929
137257620
133132855
137533339
135438284
136827456
137266861
137190183
137191029
130451683
136620102
136692574
136986224
136608355
131795185
129499100
136350537
137114099
137154932
136720666
137418753
136705536
136719293
136217913
135520393
136894009
137209741
134537541
133548157
136789265
137427265
137302698
136674194
135396185
137296068
136592360
135599704
136652503
137105613
137369460
136559922
137281628
136673957
137477387
137031208
134700215
135315844
137372656
137011643
133759314
134312497
137123709
137058764
137088303
133722064
135485635
137521105
136955614
135649708
136768800
128907733
134776196
136988736
136652161
136952733
133974289
136505967
136643391
133947217
137266823
137372723
137297870
136874548
136968133
135702935
137379130
137475201
137396914
136558440
137175096
135970379
135755051
136482578
108265661
136922583
137042950
137308401
137266800
136929927
136924201
137173836
136663056
136330468
137050650
137164907
136544934
135842145
136559413
136886091
136505321
134109658
136049039
137463012
135319504
137406581
136032164
137202145
137072500
137073978
136032787
137463262
136905682
137496951
136536943
136405838
136834495
135565973
137082940
137515687
137064013
137310577
136389765
137255245
136604817
134439387
136660157
136829351
137373850
137318784
137524512
136590415
136566271
137230827
137476154
137019144
136916965
132896899
137453193
137266750
137217052
136244739
136818091
137471190
134904133
137126496
137041448
137462882
137094931
136484927
134756393
137507271
136760891
137494250
137086176
135642941
133831345
137341371
136261662
135761935
137415830
133250464
137166073
137480788
136373134
136957430
136455763
136538808
137256473
137200946
137188071
136995488
136551287
136810201
137155016
132333769
136836137
133406432
137431151
136734171
136975525
136565236
137497018
137128029
136778957
132595826
137214022
137055333
137294899
136733132
137129849
134198576
137220679
137382832
137295314
137007020
136924138
137247802
135454022
136418048
137368822
132298477
134652411
136967060
137206212
136560550
137259196
136981227
137359842
136558091
137242142
137003281
137106404
137189611
137066904
134146810
134741262
136903206
136859024
137151611
135161431
136598731
137300403
137120708
137148398
135161112
137032956
136704663
136778589
137305511
137107964
137310202
136033409
135580414
137136361
137170012
137046928
137202903
136992620
137201329
133799677
136194509
136611991
137425897
136854832
137055357
137452357
137447518
133951606
137141053
137310902
134877786
135687436
133611303
136927015
136439440
131026636
134363213
137330336
136786900
136094312
136206955
137432806
134301314
136813651
137185155
136951048
137328061
136556905
137395307
136202367
136892676
136475136
137293206
137330785
136957969
136291994
136807767
136573953
137090940
137171451
137098959
136607586
137419637
136653162
136555558
135784228
136597267
136956841
137168861
136182388
137231602
136646783
137254576
137083251
136861423
136487518
137517508
137549326
137371331
137317903
137353558
137490392
137299656
137240848
137203881
134709484
137456530
137079342
137153256
136021831
136792734
136809226
135788298
132015923
134953119
136556326
136192639
136670395
134870235
137077660
137482095
137200565
137073985
136587713
137204188
136126241
137518420
136889176
136832132
136693486
136812350
136814233
136717580
136414225
137055370
137287875
136396746
136573952
137341129
137291925
137447623
137528939
136705344
137266879
136599261
136629578
136487217
136797940
134780757
136807913
136886850
137238295
134337977
137315982
136540881
136622039
134984456
137089662
136798459
136787047
137445247
136646148
137122201
137112673
125501548
135838245
136974984
136605790
137236542
137202080
136565180
137382003
136583620
136982638
137215168
136442750
137424295
137520500
136681157
136692923
137381920
134764261
137021552
137400557
137153960
136130500
136929192
135860044
137385582
130593351
136346545
134510044
137370654
136934757
137171480
135441731
136732752
137049315
137230285
137219038
136978517
136751709
137117013
136757263
137193449
136948980
137219072
137068423
137472517
136551303
134704078
137274290
136635937
136547755
137259344
136049041
131576156
135686043
136355318
135926734
136874497
134197023
136560642
137111087
136930232
136857734
136504568
136988934
134061840
136987870
137149240
135919312
137063436
136600430
137533610
137524889
137351424
136674395
136483904
136483167
137375897
136555190
136930271
137314746
136075060
137163201
137316256
136014255
136999496
137006640
137091954
137364855
136799841
136595832
137433305
136141756
136889995
134678415
137066597
136966489
137384343
136927363
136352516
136905250
136653841
136294384
136296722
137364729
136791542
137364094
137463734
137105425
136504962
136714338
137440262
136159147
133338559
136609190
137073698
135849992
135195468
137288472
136500703
136512302
136358907
135202328
136908201
136643118
134955537
136679949
135861285
136971902
137048699
135174049
137077568
137353334
137093760
136970212
136942673
137152409
136821948
136895308
134487948
136683159
131452579
137340081
136596411
136587426
135122929
136859813
136535618
132522237
137114042
136701646
137088731
136742995
137347320
137248585
135793615
136884081
137254266
137008412
135778860
137023066
137461580
137441703
136474067
136931879
136500259
136527050
136884074
136727484
136845800
134491263
137057569
137356436
137037869
136739629
136352171
136526790
137332103
135369861
136591987
137505241
136856049
136902445
137159392
136988950
136746196
137439942
136479205
136710996
137236146
136608846
137310828
137126871
136885629
136898578
135822432
137191771
133278794
134573964
136527196
136830237
136347469
136972681
137142052
137383253
137073344
133391312
137266822
133109397
137105242
137040563
136577518
136961492
137252115
137412297
129137455
137162754
136624850
137232582
137155557
136857540
137140559
136066367
136650928
136566666
137531419
137140634
137259485
137495225
136605261
137022065
137250080
136885339
135238130
132826843
136967652
136738157
136133178
136765127
136960778
135750399
136555552
135744419
136541402
131257673
131809309
136458948
136809677
125687192
136996916
130884085
137520225
137092935
137101704
137472485
137480134
137123703
134825265
135732314
137050490
137512400
137358392
136487177
136435146
137073017
137321320
136605650
131853098
137077715
136690503
136633522
134717826
134444996
137124679
136928480
137023063
136807931
136829920
136957103
137010121
137517181
136842298
136095813
136906721
137452332
137354206
136987196
137093812
137089429
134644168
136884866
136772208
136996270
136987147
136851172
136703494
136554350
137168177
136671661
136461117
137075908
136501570
137266841
135662527
137195018
130916507
137416684
136928073
137056036
135770945
137254236
137357699
137245628
136671191
136810969
137310306
137077280
136550465
137527192
135034285
134733200
136689582
137149224
137527358
136683025
137097688
136917945
137425102
136998409
135408054
135642115
134310138
137250369
136105902
137011591
136725903
137364438
136832083
137215326
137277215
137328658
137034854
137050153
136810949
137308706
135476338
137540901
130174116
136170901
137005671
137127923
135899795
137353634
135622466
136603329
136739577
133856529
137067556
136790942
136813792
136649705
136553559
137534197
137525066
136555969
137549455
136902165
136137690
136981491
136816688
136762768
136561648
136265003
135814015
136478744
136592734
135235774
136516463
137532645
136675696
136902642
135793874
136750680
135831839
136855984
136551210
136906867
137419396
137393455
137139030
136586966
136286582
136735953
136564690
135742587
137314579
137356747
136995221
136503213
137406540
134720840
137331330
133913622
137434698
137517783
134584857
137438956
136471822
134700462
137165693
136553637
136359968
131727991
136415329
133244957
137381724
137266535
135359356
136744743
136158471
137022116
136887556
137136589
136898120
137445878
136328172
137435477
136417409
136675374
137266857
137431426
137522968
137118910
134882867
136485146
133596516
137255227
137519531
136893895
136776078
134488217
136119306
133712100
136834045
136985394
137047569
136743332
137310442
137045720
136487285
136658721
136983950
137244784
137131694
135721736
137485395
137109280
127418039
137496085
136855717
129736305
136868171
137268962
132327563
136448108
136327876
136581193
137377683
135588073
136627029
135544697
137196689
135683993
136978941
137357760
137200671
136582451
136719210
131975560
137145045
137188245
136457483
136536993
137260699
136562309
133460353
136999049
136504571
136146282
137040872
137057241
137120649
136965084
135581573
134682988
136546090
124230869
136680464
137453032
137208349
136574613
136946780
137140573
136872182
137496693
137144652
136334886
137481408
137483486
137243644
137493664
134948612
137203733
136966898
137044366
136483398
137344900
137342199
137157397
136520823
136679109
137029437
135205419
136594145
137204812
137257773
136889654
136862148
134050772
136637787
136632188
136509626
136886660
136556859
136630996
136812319
133950281
137496933
136254326
137120225
136953041
137376115
136928208
136868589
137318618
136639310
137250563
136840469
136960082
137088153
137231707
137224355
136026008
136974698
137235751
136622745
137535831
136954275
137075926
136956268
137266864
137046864
136902186
136576311
137474778
135792810
136842034
133584963
136524456
137061296
136714374
137207152
136865865
137241519
137084103
136686241
137080127
136543491
130430989
136864248
131063864
137520930
137541540
136491064
132301151
137508289
136475180
132055625
136883222
134970465
137136142
117697804
136705298
136792566
136794091
136159030
136511506
137207655
132913642
134749802
137394823
136899794
136017250
137370172
136984440
137072992
137371304
136835528
136930178
136773598
136924360
137531192
137327680
137257433
136713142
137358797
136807133
129828746
137128277
137306582
137451767
137353986
130879129
136723101
136520718
137317142
137185821
129997933
136097279
136482815
134679250
137358410
130453395
137428709
137246153
136691889
137413436
135412857
137033730
137128209
136895161
137170528
137237745
136642492
136844588
137223816
134977103
137032682
137292218
137044510
137504259
136480823
137487677
136550525
137204303
136927763
137190050
136074901
137093712
134682634
137315388
137153319
137079465
137204919
137545655
137346384
137549548
134730350
136506061
131502060
132342311
137482671
137417494
136742702
136880613
137068864
137379910
135810145
137070895
137031085
136704936
136728283
137520532
137436329
137367787
135549460
136442780
136647401
135815028
136841255
137265410
134612236
135896457
136737170
136562391
137420470
129580725
136572070
137244512
136791758
135692320
137232964
136758089
137157603
136573532
137266886
136273649
136719060
137090278
137353801
136851697
137174632
136455999
137005779
136692408
137298423
136202031
136664956
137513712
136556667
137434036
136793678
136718432
135434624
136930969
136775003
136797208
137442724
137520477
135841877
137086972
137527389
137011235
136894393
137199854
135097078
132790983
136224068
137195863
135442082
136481521
137267756
136682316
137466707
137173912
104491865
136599647
137251019
137114947
137428530
137434594
137540010
136603497
134977421
136693150
136952332
136712335
136857225
137192347
136810991
136742614
135542087
137438822
135993769
137168683
135236072
136597632
137147339
137248860
130153393
137492569
135596753
137066659
137205724
137453971
136994844
136503121
137241094
134841448
137266820
137070644
136073876
136790543
137046792
136862002
136710942
136609502
136617302
137516762
137462931
136884269
136957335
136531715
136870213
135420138
137516224
136900578
136705305
137302450
134383011
137477276
137391464
136969549
137171306
136977751
137022087
137155155
136897578
136884950
132056203
137136346
136871568
133978318
136486956
136676173
136917318
136776666
136632146
136692918
136717105
136113017
136403466
137446302
137111461
136927125
137301359
136889901
136901067
137004284
135304545
135978764
136934860
137205082
137524664
136665088
137369037
137075929
136500578
134334258
132488744
137266853
136770922
136610675
136849934
137171962
137068531
132117336
136551283
135887426
136821521
137171449
137143231
92183909
137113622
137527814
137434728
136957193
137384943
135890285
136461154
137004020
136775497
136552140
136174271
137162619
137061903
135967662
136432094
131892103
136867759
136573390
131137654
137056681
136889121
137432936
137458289
137104229
137054426
137174808
135901680
136897743
137365365
136331457
136603702
136889064
136962868
137254758
133391091
137094439
137302281
136920425
137421702
137434064
137360728
136934513
135596632
137421366
136227487
137063006
136975311
137272279
137448662
136118518
131812685
137361126
136881914
133562853
136791239
135927844
130320529
137354077
136317846
137246205
136481702
137230181
136203367
137172113
132468990
136485430
137070096
136798752
137202765
136475286
136884528
136922383
137129718
136988471
136693759
135479908
136549326
136997782
136440067
136544454
137072149
137425109
136688268
136999614
126369257
137500088
129625590
137099403
135742412
136653616
137201146
136979674
137538191
136718164
136787299
135202744
133199341
137205585
136877166
137418714
136186514
136883500
136773370
136228791
136535126
136705479
137317358
137438464
133877228
137292591
137258720
136649508
136718678
136917627
136714897
134786524
136511501
137490859
134337984
137432525
136808059
137417176
136974468
135964584
136263679
137298369
136635792
137153614
137292835
136974621
137432685
136799471
135154601
135825820
136841290
137447725
136874619
137537353
136875926
136092395
137266836
136565164
136188273
137499742
136556224
136606932
137077552
137547924
137545069
137442018
137407115
137482860
136841235
137266628
137441942
137457010
136658391
136739195
137114444
137521312
136831306
137408544
132778368
137053999
133877318
137099428
137369987
135718072
137176639
136235495
137321322
136075061
136681488
137255311
136637576
136723822
137425999
137484336
137426933
137343241
136597328
137424763
137447157
136960704
130382702
136720373
131846130
136559865
136993422
126658800
137266856
136375417
137336818
137423868
137333580
137475845
136649076
136899190
136832553
135615978
136849740
137518895
134719787
137453102
136700174
129397447
136475380
137003111
135642271
137008043
136535021
137354708
134042283
134337988
136584901
137214685
136107152
137315534
135582861
131355234
136721874
137257993
136544736
137508720
136298224
136599056
136599501
136438364
136702688
137442794
136877426
137241191
137076716
136905372
137308214
136901319
136470508
137071642
137299013
137138755
133483883
136606506
136597543
133995798
136626047
137460652
137527097
136607946
136587285
135383448
135544000
135775997
136635951
136578967
136487760
137328240
137475394
135056267
137076305
137518666
136849505
127983803
136624752
136236390
136049042
136072697
137165269
136833757
137062802
137509519
136857381
137367979
137532046
133742640
136007651
136588311
136504909
136952821
137059671
137358265
137061669
136683030
136910339
136373236
134534807
137266751
137034289
137112619
137481962
137522326
136927346
131471433
136480581
137267122
134869098
135793872
137098667
135520736
136670397
136070359
137219378
134718170
137501282
136680372
137181653
136503432
137201085
136867255
134526534
137487445
136825597
137252092
135817133
135891466
134754593
136657901
136645024
136672352
136915944
135388309
137213243
137470618
135826541
136806335
136782087
136894955
137044255
135503498
136837242
137219990
137034825
136789684
136116783
132830961
136697976
136652807
136672556
136509628
136807640
136579271
135442081
135743503
137140735
137511526
136491264
135874764
136558194
136888154
130959211
137199884
135430150
136734024
137302605
137362741
136674741
136744767
136034910
137395301
136579018
136932794
136710731
137534406
136841736
136342362
137147173
136784214
136711615
137301258
137305562
133006020
136900465
136616754
136220500
136891639
137045746
137146572
137050678
137315852
137237635
137480203
137247359
137547934
137097594
137096419
136999078
137483075
137095000
136995160
137000963
136551295
136810954
137290904
136809777
132292723
136705544
137539629
137209501
137166457
131260591
136640582
137341855
137474309
134989657
136487871
136856195
137040264
137195733
136492778
136742644
137040914
137083596
137454298
136839691
137191661
136892800
135826847
136632636
137031129
137516191
136952417
135736625
137300968
137201474
136773155
137104487
136964374
137529447
137549570
137380176
137293708
137259115
136880608
137202426
137347631
136643613
137352308
136882634
137163174
127447665
130683756
136875520
136692609
136538477
137095256
136460407
136705766
136821460
137144851
137234047
137373047
137170903
136625978
137186202
133204848
137052388
135988802
135430977
137366357
137157400
135359774
137151612
137365086
137373973
136533816
137243419
136224242
137254209
137426387
136777467
136860734
136917748
136863659
137466262
137416805
136742045
133554066
137395293
134738795
136969566
137250897
136445153
134705105
137239254
137052390
136889526
136389132
136959234
134262504
137146928
137212680
136364759
130527962
134713172
136990361
135840338
137101690
136193715
136595023
136885841
137208523
137295302
137403846
137023071
137249436
136165308
133822301
137043301
136624402
136396761
137185818
137284820
137296943
137159384
136538862
137087651
137262256
137186146
137510766
134533728
136995743
136621030
136999304
136832812
134541662
136835937
136898219
137219524
137530741
137110855
137222004
135970098
136638158
137296533
137342216
136874096
136676889
134566864
136537926
137457538
136416076
137533158
137504049
137154303
137518353
137041528
137433920
135720205
136739851
135240653
137361016
137266619
136669083
137138837
137256941
137127198
137236309
137520280
135245792
137028394
137006615
137294797
136656298
136895625
136714521
136884410
137051154
137361906
136964706
136862447
136556811
135778349
136525551
137304604
136646729
136267272
135227112
136076170
136776110
136863947
137484234
136779911
136984598
136740880
136857043
131527832
137420052
134231366
137301740
136787848
136610129
136773690
136197078
137390570
137259347
134337955
136602250
137064448
134575860
123467584
136005635
134898093
135830058
136545501
136526508
136899317
137022059
136589591
137218991
135504276
136866868
136845464
136489987
135898439
136674114
137474129
135821722
132942446
136848215
137392288
135588742
136865551
135613902
136394584
137234067
136687335
137425890
135351154
136266983
135898613
135714023
136381015
137394491
136873376
136923170
135695697
137051021
134867381
137006934
137120047
137294998
137260631
137258314
123715243
137209707
135898998
136983013
136963306
136904967
137124636
133010418
136325249
136462934
136600280
136910644
136137660
137145717
137110130
136967693
136536418
137238982
136879338
137186151
135187949
136657348
137271309
137318223
137425678
137201029
136724111
136863655
134480828
135439792
133919924
137380191
136901743
137116597
136999370
137329172
136743603
136531652
131576155
137205648
136125641
136735660
137062551
135484642
137033056
135226819
136455678
136548379
137325814
137023067
137098813
137313477
137132511
137140695
135889567
136545948
137071585
133928983
137412058
136626408
136919219
136236896
130373321
137321387
135476985
135819535
137393832
136900196
136845745
136318469
137510566
136689186
135687788
135533058
136705297
134751295
137001294
136546025
130452943
137126254
137224125
136997918
137258780
137065472
137514649
137245755
137521252
136530335
137053319
136788716
133744781
136654382
136601904
136785518
134416709
136998345
135464971
136776633
137090279
137136481
136072665
135779909
137496193
137196521
137171893
136409595
136639240
137355727
136713480
137200199
136442742
135720494
136812911
135902273
127761322
136799272
136806813
137531351
136536135
137251187
135433982
137077174
137206269
136603813
137104773
137118207
137461535
137351873
137372059
136785982
136989450
136500702
136066663
137189163
137308063
136611690
136639313
135749921
135509313
137325145
136810933
137073492
136882859
137142736
137248006
137026350
137539866
136528366
136891750
129415074
136515971
136579243
137527570
136211640
135929127
137311182
136721392
137004741
137358291
136429405
133904600
137206791
136993167
137245882
137057137
137228428
137206529
128563372
137441026
136975303
137313391
130995646
133186704
136548988
136772772
135385956
136913099
115529176
137153668
135469974
137370966
135462022
136948406
136888746
137003848
136449896
137242014
135023533
137046817
137257806
137158257
134822539
137430964
124971814
136222084
136691878
136477433
137339257
136768122
137136944
137495267
136316149
136840308
136675886
137307341
137358227
137520565
136264753
137417437
134930300
136631931
136591497
136796706
135973413
137349249
136669894
134369841
135758991
136703241
137043024
136933128
136561748
136783646
135634346
136956071
136807381
137060489
136560602
137429180
137254118
136184654
136558166
137493918
137427490
136886826
137495517
137208922
131395810
135962293
136775895
137439299
135976370
135022692
137481217
136145151
136286423
136893225
136577843
136862988
136546928
136892917
137271310
137061568
136375369
136724763
137218950
136693661
136699201
137435059
136910811
136852558
136261454
137103348
136794477
136955874
137491733
137066603
136577434
136901544
136434061
137502489
136726314
136143403
124785084
137524090
131862060
136350984
137038967
136581990
137386693
137350558
136799161
135360662
136579778
136621125
134793236
136775547
137253905
137247195
137549041
136556746
136704696
137082966
136109261
136354562
137525156
136631871
136790332
136645010
137513932
136954592
133326768
136559515
137476787
136743265
137353026
137517997
135733291
136161421
137181355
136779076
137243149
136323642
137347965
135974481
136368420
137221416
137472740
137213924
137436572
136089728
135815250
136565250
137209171
135592387
136670394
137364373
137234801
137114847
136839890
136071040
134871444
135855493
136853357
136075982
137247282
136718757
136824140
137485519
134836935
135308525
137327639
136680744
137248560
137134154
137527171
137494092
137517566
136496140
133991745
130318235
136654907
137481796
137090863
136787426
137380097
137251828
137313971
137090411
136500758
137176733
136141344
137297897
136187486
136833923
137003292
137258404
136414221
137442470
137158185
137316426
132524176
137277487
136851650
137418328
137060227
135789881
137076562
136764355
136808112
136475975
136493056
137440017
136547864
136963086
136984184
136986887
135360836
137071680
136751279
136839651
137521530
136549496
137076466
137426645
137197753
136830718
135741924
136168730
136593425
136810962
136966256
136884673
133712096
132659509
137251633
134057397
137146071
137033313
136783414
136906083
137006064
137215378
137134639
136373441
137075974
136888723
137103357
137060590
137420654
134642940
137342985
137501341
136565887
130697948
137094764
136997245
135843514
137406169
137237909
136582545
135750425
133497074
137212836
136752423
136477104
135837342
136904182
136840593
136294916
136667224
135774798
131990156
136904890
134544461
136800058
136779644
136842095
136917347
137415566
136648973
137108267
136313698
136566609
135663136
133520073
137021343
137001351
136914974
136335220
127056133
137262978
137527861
137372515
136951430
136654509
136163684
137434004
137347775
137287205
136838386
136504550
135615214
137213899
136828498
137251269
136994245
136690048
136901455
135548302
137416803
137213856
137219422
135040416
136929235
136489488
136038138
136524322
136775156
137035465
137034970
135755124
135526738
137258325
136905577
137141648
136642730
137154723
136563310
137119626
135610075
137354932
135944866
137067185
136707305
130452743
137260803
135834127
137525366
136780031
137063103
137095001
136733054
137054409
137003927
130161802
131576154
136678503
135485889
137233911
137000036
137051261
137313442
133966825
136726574
137211851
134144062
137499241
136469472
137423006
133342727
137285709
137259313
137477869
137520179
136675068
136230535
137004861
137508123
137170050
137192131
135477698
137050275
137515681
137266891
136220304
136877595
136658796
137197135
133755362
137477768
131895759
136777843
137319204
136892269
136567304
136235362
136806930
136565235
136740604
124370345
137523453
133453520
130961086
137036603
134503930
136658265
136737120
137202438
135306608
137433839
136610536
137258877
134455128
137000423
135154732
137213849
137215794
136085374
136898811
137305966
135278714
136672741
137485216
136067023
136538568
133339844
136889698
136433486
137365160
137194036
136837825
136822997
136564588
137216709
137250863
137482756
134432108
134740278
137540127
137480340
136022030
137239952
136780439
136679749
136794754
137393231
137126773
135717391
137006138
135095869
136413720
137507606
136714375
136546575
136731481
136146284
136898474
136857824
137481717
136777491
136768035
136274263
131806917
135922333
137268233
135896640
137170848
136777460
136972672
137336583
135645165
137524219
136577903
137260269
136769673
133778055
135548133
137162836
137069412
136608423
137035595
136977475
137410995
136638446
136602485
136977249
136663795
135231906
137044357
136217052
137109849
137364019
137315147
136790613
137348025
136501569
137361487
136741905
136828200
136966847
136835377
137044602
137492363
136305826
137474944
136887113
136535831
136138317
132825584
137193000
133712097
137099717
137425830
135321718
136521773
137059722
136849162
135913158
136081428
136674055
137103617
132335226
137103585
136692085
136812331
136927443
136968310
136927806
134252513
137297797
137487634
137534152
137255297
136518315
137197351
137246871
137045050
136829558
126418012
137043422
136014256
136967674
137077030
137103040
136917751
137519540
137196119
136977148
137155359
137299076
137288877
136655597
135525470
127926587
131374853
136234978
136910961
137294324
136848653
137000280
137383216
136945895
136511522
136823877
133184355
136538321
137126227
131981802
137043784
134231905
136893245
137250936
134177197
136929191
136795540
136160052
136442794
136859502
137472520
136985386
130315977
137445910
137360102
137211784
137288103
137377910
136869936
137349308
135517855
137432940
136560064
137188560
130453450
137091033
137170888
135692199
135475434
137213441
137528485
136673625
137538629
136884501
137499709
136741480
136796730
137471050
137440147
137442733
137055050
136978966
136531483
137242622
135116627
136640572
136625215
134325301
137172562
137085850
137394496
136970314
137229102
136921276
137170822
137016468
136861428
136445426
137288667
136832510
136213021
130958213
137244284
137313634
136511473
136644305
136876778
137353385
137464120
137234046
136786510
136734712
136539295
137256592
136133849
133712098
137043605
137123279
137180870
136566491
137193871
137244386
134960251
137068482
137359839
136805315
136321847
125501952
136548478
136545651
137130367
131940231
133264646
136885762
137198984
137188930
137252334
137236403
137221867
136790850
137167900
137395237
136806013
136832217
137160537
137042518
136442739
136609708
137188549
137233986
137096426
136573106
132687134
135819418
132580573
137127549
137407964
137045302
135975272
136477212
136927998
135475469
136284779
137389914
136896551
137247768
137168421
137054866
136777915
137432315
136911011
137005111
136712377
137485434
136867213
136628945
136883153
137153653
136886119
136743308
137521750
136626168
136824626
136902105
136572679
132028520
136358874
136945011
135996913
137459673
136904183
136554010
136086994
136654120
137462325
136930202
136643605
132057766
136694866
136412940
136701190
135227104
134720157
137244815
137495646
136680037
136601128
136458389
136620478
134914520
135878598
133630018
133800143
135747675
137299865
137393556
137247348
136428286
112425302
136968924
134900408
136256451
137266768
137099737
136524107
133995382
131422366
137356330
137296259
136321455
134337868
136941118
136735031
136774697
136967233
136682036
137361744
134487073
136965261
128194341
136632845
136563793
137240268
134724741
136738346
136739062
121964383
137452063
137280834
137423838
136370816
137074493
136544718
133612736
137412419
137006539
137369080
136994928
136993378
137285932
133091651
136339555
137203495
136825788
134832612
136659891
137045576
137105086
137432660
133134555
137300078
136497458
136651240
134983088
137167199
135692793
137313472
136645345
137166270
136468797
134102944
137505897
137128949
136478950
136958947
136782499
136679084
136588505
136611234
136567028
137549568
136686626
137199516
136852184
136966772
137254219
136543612
136806470
137118811
136846198
137221623
136899745
137423300
135046408
137096308
135275020
136127845
137440375
136648456
137007264
137259778
137176770
136967621
137053328
137213007
136841066
134169201
137219995
137353753
137516451
137351951
137481475
137432025
137254217
137376613
137258643
136996313
136901161
137199404
136983995
135082949
137417354
137506249
135358665
137509966
137411493
117320316
133807522
136597710
137116640
137148345
126637351
137161001
137357417
135107053
137009399
137035714
137162527
134287994
136184540
136403724
136962443
137520507
136551280
137255355
136720941
137004460
136857541
137430649
135792101
136656540
136921746
136905296
136250167
136968535
137384764
136421228
136738651
137220377
137437188
137418421
137057964
135814014
132421157
137461504
136658319
134559150
135995784
136868191
136480419
136827899
136742888
136889411
137528433
136470363
136230521
135078559
137532240
137536894
137255530
137478572
136374290
107383704
137316393
135976584
134528709
136539803
136631514
137168950
137380251
136015792
136414432
130485845
137047269
135120377
137308911
137423195
137290437
137256684
136927338
137281214
137166245
136535816
136955514
137482157
133611787
137427124
136536592
136509571
136472288
136929757
137357887
136670675
136409645
136854995
137364054
136799647
136872294
136710155
137316583
120855552
134085481
136801996
136535249
137189874
137430781
137016475
137035811
136592302
137302124
135908923
136718932
135479210
136980473
137384782
137528992
136825494
136462767
135363656
137417468
136921590
137474096
132066071
134511046
136442747
136195263
137479594
137200034
133899971
136858181
136670419
136546789
136874425
132784128
136646364
136941658
136686488
137206505
137449653
136493601
137155144
135133014
137022073
137105137
136994246
136722850
136631978
136077246
137525626
135752298
136971652
136597857
136758820
136919130
137364237
136657050
137126854
137318856
136821086
134545254
137370641
136103683
137199424
136673696
137392814
133758809
136826591
137317462
136833824
136784160
135297744
136851130
136080855
132813559
137036346
136639255
136967695
137294995
130347608
135123225
136971364
136812728
137394936
136643971
136672606
136714351
135909453
137010853
137465007
136171140
137434587
137095736
134765863
137365260
137005550
136989439
134075490
136572745
135901656
136920949
137538684
136567252
135508140
136482038
136793829
136547334
137346770
136361369
137022084
137248040
136879253
136870386
137046347
137541505
137040896
136650454
132166124
137512517
137419544
132539641
136845429
137040489
132830956
136916970
137247673
134945922
136549728
136338925
137101881
137333171
136504869
137139955
136890975
136069232
136817361
132790980
135205728
137105569
136719288
137048490
136997698
136295202
136674943
137219271
137037342
135388374
136892459
136859696
136904227
136503007
137153983
137535168
137357234
136841487
136154602
136259761
136927770
136561007
137195978
132518228
136479853
136664326
137378201
136658029
137380941
137329059
134977101
137316336
137075947
136540589
136726972
131450313
136786987
135174047
136157605
136483182
136921929
136829503
137250941
136840863
136539240
137406664
137284837
137369592
136974897
135275972
136670016
136807765
135941891
134560612
136804399
137410530
136385267
136586218
137062043
136120969
137353089
136562131
136904477
136258713
137414351
137007513
137457071
137092520
135116372
136109063
136923171
137449247
132417807
137526104
136859030
137188492
136490982
136891487
135661030
136065849
137127630
136753818
136704073
136741270
136493754
137441498
137066424
137166434
137361052
129706671
135826860
136547286
136550523
134266920
137534576
136971414
133181091
137357850
136570184
137328155
137447630
136686429
137295831
136994390
137342356
136897988
136934859
137227333
136731899
136838070
137073972
136481001
137015096
137089252
137111176
134061395
136901966
137259260
137172343
137523640
136558193
136794522
134053008
137394508
136550484
137523255
136465101
137257876
136809719
137011240
136761459
137072112
137382640
136498627
136994239
136557906
136430734
137516647
137037848
137256232
137145866
137047021
136509935
137482131
136157996
137234037
136823941
136603108
136607766
137111066
137070987
136544289
136964468
136288976
136610264
137312587
129725452
137500051
137252181
137143562
136297660
130451689
136680446
137295755
130740822
137157790
136670418
136498777
137250833
136796693
137119942
137481056
135540153
137120112
136352868
137484663
137142807
137375990
136798332
137106641
136673930
137158850
136756492
137372257
136256908
137521151
134847023
137034536
136504357
134531845
135205375
136925966
136554174
136622602
135760639
137150637
136385744
136808619
137010592
137378807
133524530
137056877
135831077
136514260
136175136
127320756
137531626
135593255
136875115
137327592
137010198
136667861
134074926
134446573
134056092
137037190
137494559
135470165
136784170
137411625
135993285
137518524
136824940
137245228
131789253
137064229
137382222
136881413
136956536
135111971
131039392
135757128
136900339
136995662
137483300
136635597
136744445
137300984
136993986
136821704
137192107
137461715
137211082
137356329
136652103
137497312
136893887
136654885
137381773
136982249
134443748
136914864
136623242
136772498
135363451
137433444
137271822
136544852
133854106
136880429
135590522
137406279
137375821
137453012
136761977
137212172
136830095
137238946
135091694
136594095
136670382
136764912
136851691
137311525
137113797
135342589
136840223
135011705
136782475
137077284
136388076
135425656
136553354
136806319
137524475
136264546
136780906
137104606
136557395
136546476
136810547
137372857
136563370
137509547
136652018
137262918
136799376
137302904
137342537
135831078
137110305
136827455
137143506
137199885
136777591
136797836
137114647
137408952
137351690
136855947
137073971
136948979
137312787
136857821
136146285
137444314
137022121
135550987
136550644
136917480
136521180
135259373
131656676
136482927
136886017
136533735
137193808
137320713
137068069
136935039
136704616
136653155
137031518
136952832
136546906
136703447
136498779
136604692
137364337
137369979
136551285
136661730
137396329
137245381
136484987
137252141
131039539
137159526
136769810
134878626
137089785
137310497
136481260
137411716
135711798
136791763
137132498
134248077
136655767
136558190
137047130
137495726
136535875
131810385
137082308
137339531
137534453
137502707
136919220
137003161
137234444
137436500
136115876
136976622
136141920
136545407
137067985
136600273
136874059
136602724
135917021
137209403
137481915
136682366
137532383
136522788
137257496
136765203
136770025
137434466
136035450
137364405
135713352
136442759
137472726
137452222
135730656
136826280
136481026
137085656
136717913
136790645
137270549
137236027
136483311
137190643
137089705
136492917
129263830
136602615
137060888
136643478
134996728
136851270
137463207
137118391
136871967
131542947
136929679
137301003
137417274
136937689
134170046
137530587
136777540
135721412
137252389
136611035
136872228
136357593
137441522
137355119
136966756
135523335
137280565
137447006
136543856
136892466
137424257
137307752
136502376
137364586
137493145
136960080
137198383
133661368
136627234
132913040
137440657
117319140
137396975
137290177
136920280
137061400
137381440
137098532
136913382
134438896
136119053
137259434
137354165
137044494
137045280
136810966
136457144
137141663
137335674
137527555
136854533
137413530
137299030
137024417
136899222
137239446
136481369
130382237
137310263
136593256
135856756
137518668
137453697
136922357
137011361
134786469
136620912
136568589
135779065
137417859
137245680
136697124
137162273
136499762
134995482
137055616
137057333
136822994
137042420
131407662
137161577
137310977
136781797
136633499
137256622
135921467
137200634
136689957
137027833
137242148
137388555
136545776
137455777
137381464
136633612
137518674
136628650
136529504
137295281
127868514
137161884
136578275
137001892
136320467
136880376
137359655
132240552
137111351
136550077
136652638
135197323
134832065
137181195
137427251
136935441
136966381
133767082
133553946
137149508
136689616
137318606
136194199
136608817
137353552
133996140
137125496
137080107
136623158
137235708
136561305
137416166
137430538
137049036
137150696
136743975
135937206
133447336
136603636
135866081
136928536
136530438
137126478
136984401
133307664
136626022
137294781
137185284
137045793
137394576
136713562
136892620
136740281
129234310
136962585
136545408
137360567
137266759
137244692
135130088
136649956
134950830
136904833
135982444
136856265
130692407
137092298
136902863
137505006
137364403
136290136
137523039
136966387
136976352
137276781
136073687
137201759
136839649
136408321
136680500
137380790
137093861
136772649
136704174
136725470
132896101
137060354
137196256
137452067
136834403
137521791
136717650
136892295
136166073
136550508
136741803
136093655
137446065
132927704
137209478
137116694
137118209
136908586
137187542
137429673
137046676
134074924
136848918
136440266
136743973
137453206
137352097
137005459
133792019
137486755
136836741
131560060
137009797
137252951
137169049
135896628
137293867
137284753
136414368
137527881
137115635
137068372
137516344
137199690
136673047
136688280
136852530
137435884
137395359
137444162
136396338
136913276
136464780
136603618
136898028
135205358
137291705
136493311
136444075
137440129
136322830
136618420
137367764
137239204
136898800
137077883
137395218
136930951
136880411
130761797
137371001
136502217
137151075
128061603
137293208
137485541
137113505
137249047
130206563
137474438
134451190
136543922
137150636
136835575
136698643
134682696
137517085
134070964
133774296
136647119
133039708
137198881
137536327
136778928
137097390
137368210
137199144
137132335
135846302
136677257
136103637
137161006
137199233
137042314
137447055
136719437
136418336
137247664
135866950
137246370
134694228
137094047
137167832
136565107
136743197
132026923
137520959
133392187
137106674
137144099
136832660
136789371
137153638
137157183
136554056
133400900
136930061
132571131
137368744
136955407
136927005
137192702
137108799
137123034
137491291
131401006
134269279
136628540
137537605
136926901
129828457
136393530
136637884
134174603
134485775
136304552
136905695
136602727
136693525
136673796
137293281
136553755
135236080
136791961
137391922
136809874
137349578
135611402
126798134
137498346
137102985
136704521
130331734
137311600
137330899
137056893
137266769
137157185
137317196
136874185
137446291
136900422
137484425
136956267
137232242
134340872
137089959
136611193
136835132
136638104
137235675
136639106
136677577
137119566
137209286
137095624
136768178
134480473
137331428
137149750
137224539
137398281
137250091
137416807
137050015
137157451
137125354
137258812
136653392
136352960
137097596
136793059
137239215
137438784
137338695
135502352
136706890
137473174
136692612
136884285
136888834
137075918
136717872
134994225
135647017
137391277
136551541
137242285
136967651
136516023
137432026
136489897
136649457
137504683
137338671
137108504
136828352
137023633
136954492
136989015
137348133
136076319
132073582
131858402
134220976
137147168
136073884
137283682
137342664
136681885
137443536
136629430
137128056
137340979
137153504
136752288
129615275
136500928
137472734
136442789
136993088
135524441
137254693
136594579
137149501
135870223
137342539
136071257
137358033
134585426
136475096
136999313
137076380
137421856
137380766
137344554
136961988
137471710
131223885
137302537
136719253
135893917
137199422
136215415
136022222
137435426
137266614
135295071
136350449
137127201
136551602
136159339
137412125
137266763
137525860
136875081
133348852
136504584
133604737
135449904
131366409
136769276
137208525
137223735
137166875
136761773
136112768
137487668
136720246
137247052
136885875
134490072
136695469
136731871
136641165
136930646
137146096
136836220
137046800
136993408
137389648
136682452
133238750
137064927
136891616
135319576
136823746
136953155
136610737
137471160
136786822
136605767
137189852
136670406
137049955
136804913
136783985
136552558
136770762
136100518
136681848
137513174
137175545
137089468
136508698
137016438
137120963
137372802
137248635
136851108
135744845
136566769
137202051
136649916
136676443
136511484
136224151
136406136
136983481
134479713
137240259
136562429
137146195
135899609
136682364
137158268
136999077
136929558
136697120
136897405
136400912
137016890
137469581
136945992
135158708
137481210
136898778
132207062
133891845
137207605
137159413
137364029
136613756
136142846
137234118
137529666
136628643
136679291
137306817
134923156
134710223
136442122
137483689
137010660
137272143
137280836
137481621
136518295
136939424
136124787
137255070
135364171
134252679
136160341
136553900
136411256
136824583
137142773
136534559
136918118
137364351
134603841
137310066
137406677
136559482
135740189
128966075
136489694
137199425
136838384
134751648
135691024
136540636
136595808
136745087
136800063
137045709
136492051
137360611
137341630
137088722
136876257
132584216
133867063
137387984
136855930
137173412
137544511
136647964
136551276
137518768
137453120
136710193
137307008
135245796
136899891
137209729
130452760
137016439
136685425
136769228
136625621
136771705
136218415
136766094
136992992
137082230
136962272
136797387
134122508
134939232
136649940
134693776
137424867
135158999
137365865
136808835
136605739
136334813
137471241
137355016
137523437
136553828
133984341
137549809
136609480
136114741
137216735
137393550
136856023
135480942
137512715
137290284
137123566
134981850
136913282
136672611
135579435
136496443
136364726
136511485
137138406
137532594
136957458
137472068
136618737
137165368
136330943
136860114
137307012
131725674
137472041
137203023
137200362
136791746
137146557
137317391
131296469
136610693
137368742
137388490
136210489
135367432
136688373
135976220
137064137
131459543
136402595
137327045
136582013
136963931
136934858
136454620
136362553
137207985
136642871
137431778
137330259
137127628
137048333
136514100
135767305
136854472
137203112
134146566
136583751
137330247
135203792
136745190
137208339
137194318
137257851
137251903
136496623
136657896
135975188
136768531
137484860
136073335
131489990
136498825
135435861
137247685
137022044
133234117
137128681
136595049
136859635
136897153
137099697
135590540
137121009
136587321
136670612
135239909
134674453
137476085
136858171
136879879
137462628
134081928
137022406
137380361
137177028
136595055
136088882
136229697
136710076
137420407
137063643
136919834
136952480
135519652
136855702
137149433
136995480
137434392
137509740
137155734
135736626
137176179
137484444
137385828
137228015
137258532
132159269
137138056
136352581
134991388
136790918
135483225
137209719
137371984
137301403
136884099
133035106
136734995
136258903
136491909
136988949
132562489
136875272
135987764
137239255
136489907
137201695
137091714
136831736
136692507
137124074
135503533
137177341
136830133
136013409
137344609
136810953
137256497
137439226
137054596
137294381
137127195
136346054
135928867
136991551
137220328
137044973
137234049
136905150
137225017
136779353
136480769
137041892
137150379
137415942
135866115
136289723
134871644
136664536
135717724
135759103
136547773
136064426
136419970
136349767
134882973
137127632
136993024
136742669
130995652
137330720
137165780
136757882
137531991
137039055
137311666
137466398
137329668
134767619
137522460
136952392
137418842
134154674
136882785
136610494
135256928
137237934
136864240
137269684
137097543
136961980
137538508
137155156
137220490
136923817
135559403
137067245
137107174
135507112
136589111
137515953
137148939
133405064
137159691
124580725
137145993
134486085
132619505
137538493
137230242
137485691
136531421
135525118
137041199
134300056
137102257
137052993
136864901
136094769
137073586
135525473
136758706
137535369
137432739
136962543
135601789
137515990
137123032
137495403
137449786
136836208
137384760
136225513
137077458
137097505
137139854
137359882
136679135
137044511
135886365
135824615
136976114
136489277
137456014
136775360
137064519
137259198
135601297
136556804
137103774
137035202
137198950
134912641
137433061
137177121
137452449
136482400
136990947
134064178
137006563
136334590
137275041
137022080
136361372
136522722
137250245
135024814
136826124
137481947
137294589
136327763
135767299
137016456
133509593
137103750
136482679
137192135
137515875
137010455
136684641
137296764
137095741
136928889
136442746
136891289
137540604
136894950
137524458
134907913
136797941
136360657
137460654
136713222
136741048
136894077
137493635
137052823
137047044
136883171
135535502
127852456
136316807
137351727
137388894
135863815
135919863
137165257
137442112
136947737
136554998
136646928
136841799
136412446
136185339
137289484
136343948
135509698
136973967
136682832
137452989
125837653
134272203
137467284
137533388
136607625
136716932
136744960
137077849
136836594
137057314
136550493
136811883
135973501
136903892
136867961
136538716
136953363
136594080
136479490
136498036
134890640
137106620
137128992
136966637
137421971
137500466
137435317
136904344
137031270
137330069
136907086
136889324
136654974
136809801
136806776
137269961
136503941
137114210
134583880
136942255
136119777
134481200
137478564
137122186
135229128
135886042
136537960
137050242
133762532
137487235
136705816
137443419
131081937
136662892
136995432
136645351
137177227
137339251
135963336
137412367
136563056
137433631
136928282
136964817
135617396
137153679
136602421
133453330
137133877
137106522
134662499
137519416
136785538
133546618
137438997
137094703
137474251
137358765
137224131
137447920
136553519
136781721
137248156
136794064
136703093
136594687
136214052
136930429
137026469
136880866
137078556
137286538
132889506
134672585
137176604
137432451
137266591
136740552
135597839
137127197
136494537
136342469
137056974
135589368
136889734
136619650
136895736
137233188
136421616
136095898
137544355
135628291
136874426
137526254
137229339
136617995
118780490
136701362
136702787
134961618
132295888
137161862
137087481
137096631
136774126
137146658
134738252
137296524
136193668
136605138
137299290
135945017
136554579
136924854
136770640
136591616
136023022
137053245
136810413
137428703
134952158
137293244
134943977
136552223
137418061
137077889
136705233
136671944
137365737
137539219
137364031
136963235
136481030
137045412
134603515
136833292
136818982
137119936
137191540
137247232
137266892
136832314
136871168
137455824
136925874
137319264
135184594
136965342
137276753
136597300
136596777
135501897
136904134
135285950
137383353
137483371
136323721
135003299
136804832
136822998
136954180
125233742
137046459
136715758
137073512
137162626
137112719
134246987
136856317
134796524
136646236
136843931
135901306
136963284
137221408
137022077
137494885
136581737
137146611
133071337
136598050
137002166
137397090
137040935
137420134
136667108
134376201
137295019
137108079
136145049
137212847
136609622
136904812
137311325
137080110
137221606
136959513
136580814
137364712
137535339
137525971
137312868
136932888
137339052
135879746
137451989
137077861
136442720
137071725
135593832
137393447
137532326
135842208
137288377
133602342
136703235
137245557
137259282
137548320
136557686
136465939
136683676
133509408
131946080
136779474
134063394
136688975
135362436
136650558
134640745
137096668
136921034
118439710
137449266
137107762
137498289
136291178
136956574
137276765
135748259
134998122
137057038
136109444
137128788
136655048
137481385
137423722
136862992
135794422
137165435
137335894
136819947
136578350
136625875
137481249
137097132
136326115
136900859
134948679
135874208
136511478
136536861
137223695
137364354
137192062
130453459
136915798
136785645
130821912
136030850
137497411
137131605
137365272
136898333
137148322
134481485
136600686
136404448
135390851
137119760
135269494
135624282
133537975
136990584
136889143
137549556
137083533
136855614
136926635
137076876
137533271
137060885
136500485
134995859
136981934
137531969
137406675
136498621
136567909
132864131
137338755
137531171
137209006
137530503
134657708
136734864
137356641
135743173
137317383
136472517
137453793
136996298
137116691
133604561
134526681
137001848
136376490
136651093
137033077
136861804
137367541
137417398
133906557
136835967
135943333
136596236
136784361
136110219
136545120
133715240
137366267
130995651
137406651
137482861
135050901
136962577
137259469
137042931
136647057
136881001
137085748
136906609
137005113
137075259
137105758
136788118
137179975
134946235
137266601
136418145
136585204
137382288
132153568
136759555
136920513
136979104
137364395
137159958
137056041
133145878
136661717
136391791
136359567
135602958
136836902
137276739
137312014
137041771
137531000
136732109
137425728
137342973
137011246
136504538
137525285
137421198
137348984
136897579
136659355
136528975
137349021
135236083
137213862
137538913
137266606
136161568
137463900
137046318
134294897
136744938
137171437
129937029
136112486
136533337
136626011
136857695
136686610
137157370
137000614
136507303
136771054
137253543
137237390
137135077
136978607
137440050
136799036
136600994
136737132
136894581
137302304
137491930
136657900
136958620
136639475
137349107
136685891
136547473
137104176
136605000
136906190
136116077
137067687
136518476
137207356
137127750
135396474
137047746
136681410
136289808
137005463
137251210
137486494
135195753
137094508
136892285
137504258
137483787
136490647
134025524
136303877
137102283
136927142
136907817
136902810
135199954
137243409
136183299
137161724
136956889
137235666
136592057
137522322
129739595
137367981
136786830
136944040
137456006
137410905
136875659
136091345
137517236
137343038
136690067
137453836
137126719
136443053
137235233
136997096
137147203
137064481
134905569
136775025
136810945
135465466
136786148
137305687
137247892
136582921
137148344
136094423
137167515
137244468
136315330
136508718
136495587
136955863
135740182
134543749
134742112
137513014
136254575
136717876
134758085
137214729
136523277
136226386
137496944
136565310
137359636
136967677
136675023
137104486
137143830
137487863
137320392
136590213
136485494
133270919
136905167
137123838
135884784
136859048
137443724
136212161
137085035
130452757
137085027
135631242
136452969
132303597
137119101
137094981
136535813
136498778
136880701
136784543
136904273
136573313
137098370
136705675
136797819
137250060
135986387
136681678
137257568
136629429
137083106
136666673
135757088
136987860
136184354
137017862
137113188
137096406
137232196
134927745
137207454
137462364
136923913
137394253
136913195
135521397
136793228
135437325
136396720
136809443
135652836
136544515
137038199
137391257
136730307
136488929
137085955
137519383
136810975
136966979
136631111
136903161
136630017
130977062
136158388
133030098
134338169
137397124
136572710
136958107
134689339
137078100
136998903
137038356
137547197
136435786
136876859
136819891
136583739
135679121
136844988
136566036
137476786
137005597
137008124
137189806
136421239
136994813
136930128
137458112
136579633
137527135
137476697
137348808
137354425
137111643
134419548
136889137
136775928
136185651
137047379
136108004
135437973
136897580
136630698
137145181
133951263
137096469
136878249
136264583
137110000
136760081
136488903
135643583
135910485
136717637
132283031
137549549
137204049
137255244
136743831
136767601
136374429
136037096
136502824
137436127
136556281
137151190
136618689
137202728
136955897
137097927
137043420
133813564
137254911
134337905
137530309
136688237
135371585
130453478
137103437
130451712
137096811
137241540
137547444
133249404
137304622
135399672
134881609
132990714
136678268
137428003
136991511
137495942
137325442
137305807
137276737
137516646
136977543
136788335
136988092
136188143
137246992
137251540
137328635
136718966
137438402
137100724
136635666
137156520
137037499
137330088
134451944
137258489
127444503
137054140
137099023
137497191
137093041
137442680
136704753
136740017
136773154
136189497
135990587
136979444
136919956
136957422
137257527
137472743
136398780
137361656
137312738
136955401
137056330
136716478
133044288
137126866
136567238
136724258
136494949
117465623
137493612
130815651
137243749
136582035
136534789
136152721
135774345
137115329
136567442
136629779
137544358
136588016
137353808
137187632
137302889
136741734
137373102
136861488
136850540
135921411
137366372
137425951
136904340
136511509
137474103
136931953
136995751
136375744
136191304
137250281
137385149
136962029
136563470
136397816
133920519
137478647
136788709
137211669
137045802
134058081
136564948
137124330
136789645
136884057
136211638
136813053
137137263
137361474
137170705
135717418
135685134
133009579
137383837
136906361
137427298
130001574
137312781
136305030
136875760
137196731
134967292
136493983
136841894
137519790
135669769
137471010
136958395
136712611
137325595
136879416
136927563
136897902
134895269
137116221
137171870
132288197
135295099
136639840
135438485
137061012
136229575
136093964
137380642
137246079
135420467
137051658
132855708
135895933
135946509
136713458
136829544
136477598
129591369
135709224
136869871
137345103
137433088
137154040
136573909
137459270
135919997
137300735
136951433
137189133
135972128
137130929
137258728
134071893
136742274
136873521
137343340
137359739
137311044
136721672
136032665
137073289
137175178
137422320
136741259
137333325
128839585
137492993
137494665
136960433
137095431
137074469
136892413
137105799
136000223
137097207
137434638
136925984
135600638
134166828
137306778
137144675
135621462
136742717
136731647
137142131
136670399
137434602
137266582
137205166
136999607
137296794
136924227
137369463
137249041
136563669
136688465
137005698
137539103
136172920
135886980
136566178
135975736
137073668
134806202
137301417
137199180
137251923
136899538
136995444
136566771
137213424
136029900
136939397
137196983
136983070
135984874
133727591
137157170
137002280
137134068
134052965
136551360
133462024
136528864
137032566
136177142
137492278
137214421
137520093
136889278
137045968
137043211
136590471
135945925
136810288
130232613
136962812
136478499
134006239
137144597
135547934
134469877
137519311
136738596
136881054
137386670
136676229
134218946
135317937
137472750
136239016
135629168
137185993
134423346
135640646
136504949
137199413
137362110
136804616
137157131
136719112
136971901
137280628
137197752
136641703
136962149
137455972
136714113
136583507
134306880
135297058
136899210
137319185
133979047
135587132
137189174
137099769
137537358
136818418
137177579
137415924
137194384
136830205
136823576
136545077
137202976
136543051
135503680
136531853
136585513
136219988
137140111
136874106
136257964
136500432
136833760
137121857
136821664
136686648
137435094
137099642
137363999
137256482
136568110
136501948
137214677
133238747
136810108
136602857
137409527
137138448
137480287
137284857
137290654
136504575
137466122
134979172
136885294
136430366
137015972
137385699
134738655
136969456
137076206
136630539
137179677
137103209
136533576
136529656
136743286
136103428
137436157
137289025
126969674
136741358
135622981
137149791
137525650
134978133
137359850
137301422
137302168
137346377
137527395
136547277
136796921
135848982
137393499
137067750
135046068
137104494
136362781
133518315
137549566
136807943
122051694
136955740
137164700
137190842
136901429
137242037
136848488
137091628
137455733
137291211
137491460
136682275
137170566
137356099
136718676
136688627
137371505
137533819
134218170
136858836
136608262
137071167
136979506
135795980
136264452
136674030
137250087
137361957
136883253
133955346
137019201
136351016
136605688
137500524
137129587
136334892
136927476
137517678
136520631
136796514
135752183
137013925
135590202
136843671
136589984
137104298
137458403
136496395
136211569
135966715
137356118
136119778
137001730
136090684
136600464
137221239
135988811
128825666
136892707
137366030
137154918
137420869
134317041
136658803
136580614
136531457
137076451
137516012
136705580
136526378
136497606
136775362
130817213
137483730
136569807
137348894
137120074
137433360
137224919
137488974
137009720
136651903
136657379
136767075
133041650
137089716
136986402
135245776
137241488
136538592
137276790
137006294
137026219
137323128
136707772
135957608
136370676
136678891
130931534
132233205
136882802
136992762
136564410
137448132
135548838
136930664
136330968
137328564
137357478
137216196
136019010
137452985
137112468
133895772
135507066
137250639
137531758
137037576
137060343
137482734
133476220
137151393
137460133
136645199
137254227
136645995
137287952
136297817
137506800
137244451
136797950
137070479
136208078
136119958
132600167
136732522
137138745
136614944
136495411
137103948
137397579
136738740
137052251
136642521
137290999
136763477
129580013
135310137
136898041
137143363
137143396
137313431
137495310
137258245
133402448
137481957
134567916
136718661
136775795
137149106
137525815
137493737
136928832
135802015
135594144
136877384
137156832
137446099
137360064
136696637
137209755
133728480
136648597
136545884
137394254
131996902
137311947
136794374
136938599
137422728
129547603
137382052
137138882
136489376
136567863
137112307
137161169
136925146
132361694
136535133
136738593
137328306
130236757
136530424
136871029
137490532
136495635
136817175
137026997
136963410
137146712
137380020
137239909
134920903
137535241
136969124
131959285
137166735
136960491
134004404
137361053
137246373
136999176
135958623
137110035
137256086
135816325
137438561
137143812
137276783
137422079
136540896
137540413
137235058
137476566
135778873
136774314
137249061
136740772
137103359
136618599
137518566
136119037
131301286
136793464
136496207
137481148
137254575
137073321
137471189
137294316
136805886
136898450
136031845
134914597
136601285
91292232
135275468
136657086
136747507
136962432
136876654
137498049
136470656
136032073
134074039
137481545
137153822
137162389
137114192
136851127
135908773
134898058
136166656
137382485
137257914
136781841
137414470
136689705
137196184
137212906
137153209
132371084
134930966
136285971
136856339
136223853
136605016
137113611
134085255
137525289
137153022
135398267
136745159
137070979
136995894
133434074
137238226
137042557
136813425
136668663
137441757
137354757
137034081
136894099
136840350
137526452
136733290
137362994
136960564
136716155
135011602
137492660
137549563
137199869
137266629
137503625
136501972
137127774
132289388
137229168
136968920
137073982
135242584
137543700
137283323
137198508
136892477
137530201
136579015
137357914
136592730
137097202
136563689
137170600
137046248
137195865
136405664
135900943
136696240
137114568
131775954
136480149
137327304
136641090
136477130
137248735
137254300
137229411
137175541
136719935
134111785
137098246
136507097
136495589
136830067
136913467
136692060
137046355
134614190
135901466
136671465
136798568
137233771
137102513
136193442
132425677
132157921
136826700
136861459
137019433
137098804
137262977
136709937
137534791
136318876
135720915
136631538
136788226
137314741
136605242
136885511
137042591
127177998
137266832
137440719
136653665
135540427
136563652
136884756
136493261
136829191
137167094
136994905
136852830
136642186
136533450
137486048
137328654
137264122
136888206
136325093
135848626
137215434
136938715
137250662
137303763
137073980
137294599
137194534
137086785
136883312
137481963
137309190
137024218
136609925
136537964
135982456
137136162
136794275
137063118
137192017
137186878
137111460
137161863
131318315
137444669
137259125
135935342
136774919
136543555
137199840
137376110
137262320
136799135
136811631
137048599
136467358
136391542
135489282
134785913
132983636
137396215
137058323
136959482
136556620
136530930
136644142
136598590
137524864
137248979
136897838
136265452
137367168
136465236
137043406
137494565
136735813
136680879
134896770
137250888
131411496
135811782
137097384
136704055
137399895
137442080
135236078
137187577
137353394
136636744
135900849
137522021
137513892
137465889
137300277
137119893
137055837
136662809
136655050
130878154
137279724
133236098
136880950
137150673
137216519
137515731
137243172
137157186
136740372
137286241
137364955
136639233
135520297
136511498
136560976
123497610
136544932
137060477
137523894
136391270
137539297
136874239
137526884
137163517
136838477
137015770
136741890
137539548
137318375
137527170
136304434
136486177
135755990
136607827
136559018
136203447
137371368
137435458
136639311
136128285
137254223
137143386
137296932
135917824
137453205
137209928
136735909
136858012
136633681
136125546
136569606
137061848
136610136
137484965
137259268
137437233
137030997
137016332
125501962
137142209
136724659
137490692
137047555
137373085
136450699
137165725
137176018
136946852
136590900
137485693
134740492
136812322
137364375
137361586
135082113
137189364
136962028
136813137
137146853
111570490
136707693
137427743
136636165
134206139
136426589
136534779
137342371
135777252
136986772
137099150
136651589
136692172
136779765
137145362
136756380
129925811
137000660
137394750
137096381
137418544
135491176
134721015
137027593
137303204
137370193
137491091
137302609
137520270
137427500
137182099
137006808
136881538
136578536
136566689
136887201
136718748
133593402
137231428
137368165
134257523
137478144
136112991
136539449
137515385
136966839
137161726
136721367
136619582
136769917
136574216
133965163
136729800
136246236
135103799
135544306
137199585
137093970
136487526
125502122
137072395
137357432
137244813
137526022
137199867
136631144
136948323
136541410
137216210
136805242
136751724
135168955
136904352
136857872
136581624
137365960
137406232
135536449
136562860
137097527
136900205
137354140
137438652
137104268
136773282
129371261
136733905
136673701
135427005
137003865
137044601
137084843
135551609
135617685
137258917
137329235
136794652
135540142
136998010
136640515
137452839
134901345
135787254
137425389
134884283
133555341
137549572
137529261
136617432
136969303
137075003
137022202
137181935
131852071
136862563
136167334
137085677
135349964
134740527
136796013
137249386
134733240
137512103
136821670
132887453
137196998
136568600
137004986
136591286
136945279
136734745
136028647
136551449
137538037
136918985
130309566
136642353
136503728
136570174
135759931
137208960
137100168
132344238
134077135
136547509
136889275
136705478
92151485
137239593
134435260
136566297
137361958
136093149
135468119
137105854
137521680
137199431
135310753
136669474
137527218
137422496
133759309
137197615
137185438
136581845
136086754
136310073
135992534
137195944
136751073
136482277
136919186
136913615
137525887
136727879
137071746
136647256
135720236
136645306
135891669
137280178
137135666
137123363
137072688
135389285
125428748
136890057
136018608
136644545
135851012
136905476
137170815
137383966
136642971
137510790
136188198
137126416
136667862
137293478
136702610
137472503
137290047
137259455
137437504
133492448
131972270
136911758
136539068
136632533
132536099
135926439
137129991
133909169
130452669
137005778
136715115
136203911
137140531
137524946
137073370
137219119
135555518
132600517
137481096
137120116
136992820
137383800
131215650
136881276
135630370
137314314
136471581
137538883
135040992
136984491
136986613
136880780
136900841
136665318
136829910
128011061
135724877
133283889
135365588
136230799
136968119
137132778
137488564
137408740
137472525
137320584
137534781
137499343
137185104
134115899
137198369
134337910
124982556
130985018
130452683
135689121
137530220
136251242
136629929
132416398
137197014
136668249
136763208
137350113
136838873
136670422
136091442
136639247
136952915
137446104
134953100
135488352
137196130
88127758
136896138
137316471
136480694
137097917
136364550
136810979
137208125
136888992
136864246
137221568
136649404
136630063
137462335
136610119
137266626
137033382
137155281
136991780
137533446
137079869
134387221
136922557
137157071
135618654
137257571
136783200
135512235
136546297
137434862
136538079
136605051
136636170
136150061
137478102
137257644
137054369
136501310
136893634
137471068
137104668
136405360
137252152
136478076
137482548
136672588
137161958
136989974
135557342
137536675
137480923
131886720
136986041
137295126
137136984
137072593
136587687
136600241
136069273
136874794
136677367
137204604
137341687
137011506
137266610
137039870
136892132
136798660
137324895
136736915
137430596
134544611
137070272
136796042
135979379
135996008
136743225
136494291
137063736
136497001
136206224
135489073
136849875
136994199
136582949
135604705
137018894
136524843
136585091
137309652
136870208
137259662
137420960
136776795
137215099
132153970
137200786
136750195
137037333
137241323
137364060
137437102
137033902
135938095
137075900
137517981
136873138
137208146
137096243
137524688
136932061
137198294
136690564
137434740
137182226
136164483
136600220
136383152
137075933
137531284
137364358
134603020
137121194
134890465
136502588
137500002
136655695
130434985
137453274
137418521
134272793
137202235
136765601
137212755
136482408
136492264
137007750
137061156
132790978
136583864
136937498
137220927
136563011
137283560
136949433
137193850
136720414
136878344
136860237
136982284
137476481
136609035
132295324
131607845
136224730
133137550
137496081
137254220
134288068
137428365
135623131
136968393
137402624
137373983
132195994
137479033
136494917
136808528
137073994
137472757
137491589
131375711
136806819
137235022
137354848
136838992
134551744
137350575
136613792
136546976
136595584
137315258
137176615
135773947
137448316
137064284
136891704
136483560
136489503
136637158
136489976
136920055
136777885
137123830
137492691
137188945
137207782
136779248
137311116
135232452
136603435
137155908
137031131
136964453
136711772
133265956
136993811
137523903
136015530
137308360
137294508
137311049
135020388
136482776
137169766
133727151
136743428
136556654
136950767
137376723
137413551
137114260
136261716
137214026
136819840
135236082
135833852
135327330
137219985
136166809
137461514
136193406
137458624
137185154
137519284
136921826
135827044
129791987
137038515
137127618
137276774
137170827
134350648
137076642
136893432
137509991
135558722
137349799
137491997
136085930
136784388
137455820
137381538
137115295
135526625
137095811
136701368
137000392
136417681
136124016
137097518
137199872
136735105
133238748
137020118
136143763
137422209
136817783
136052065
137357894
136578037
133473965
137446738
137175887
136873690
136245097
136365089
137334896
136810911
135793916
136643107
136885709
136835276
136736919
136485512
137254315
136157199
136988492
136296625
136575185
136775476
137408699
136322941
137173753
137452282
137154619
136973402
136569578
136487719
137240119
137266604
136707690
137360586
136805791
137151928
135325272
137127674
137089169
135035412
136770368
135724395
137412892
137297050
137255441
137432963
137519379
137201879
134920948
136693791
134674373
134244351
137298034
137278218
136229701
135608036
136987422
136845060
136959244
136875573
134440836
132330319
136229609
136497396
136527912
136876506
137142283
135627835
137437156
136210574
135724878
137061737
136657729
136561534
137156685
136992724
136340784
137363032
137016427
136113847
135788849
137199415
136806134
134432083
135722393
136737492
137011233
137419570
137107261
136667959
129704065
130995634
137384345
137207495
136609456
136187125
137431824
136860289
136979598
137025884
137173416
136621307
132376518
136839201
136939504
137150329
136655570
135915780
136545922
136299699
137121502
136557776
136316328
136807051
130104089
136476766
136636357
134493614
137036397
137266790
137417834
132517013
137142178
136849845
137193131
135583860
137348948
136799645
137100169
136653760
136688177
136885455
136889883
135945138
137041595
136723197
136847017
137406387
136358602
137043855
137225612
136989368
136651881
130452949
136646253
137234045
136357671
136735599
137369805
136779070
137449178
137534091
137046661
136691402
137311000
137371348
137550201
136545123
136966508
136577620
135689818
136648968
136566479
137122575
134017855
137466492
133604612
132685799
137088544
136630064
136953072
137001032
137181133
137162275
136703404
136785657
137430483
136568068
136764442
137527164
137485370
135742545
136738487
136505073
137011377
137312803
136987382
136095404
135937823
136798943
137022054
137341451
136775375
137192596
137023026
136810918
136902902
136321880
137191843
137333623
137534943
136705349
137098299
137480218
137481546
137176860
136657580
136575430
135918379
136465252
136551275
137042890
136765644
137408472
137050659
137453258
137075938
137162494
137321654
136703074
137358955
136934861
137357451
137000631
136851834
136830975
130452962
137250122
137530162
137432652
136967907
137155440
137057435
136686502
135987817
137062163
131729634
136865801
136648125
137230267
133388798
137512168
136956266
136749683
137154437
127276229
136623851
137412849
136509221
136804612
137034894
136838383
137170536
135275080
137051829
137066860
136854494
137193796
136964269
136600295
136229703
136688374
136617826
134712461
137093138
136601607
130813685
137531704
136715031
137075071
137258095
136544140
137329739
134382941
137516027
136679775
136418078
136481605
135821349
137439354
135215180
137412852
136928886
137123009
137530301
128077653
136907402
137102470
136975523
137358432
135616160
137106205
131878566
132849903
137224081
136679340
136605245
133763384
137171457
136680834
137119082
136602489
137216554
137353359
137155150
136300179
136521762
136846993
132523598
136897152
135895264
137487325
136898260
137155903
134772044
134291132
133984343
136881591
136887152
137266778
137518173
137192977
137463195
136638973
137168804
137022089
135654064
136796758
136913453
137539168
137234541
137196078
137128408
137201152
131665795
137330791
137319238
136886788
131693722
136992819
137054939
137299657
137379326
136361634
136361653
137040036
136805960
136677394
137157209
137260721
137386403
136523601
137304070
136109889
135910444
134966192
136770073
137393962
137295645
137090922
131181308
136855283
137229763
137056283
136569300
137485464
135664143
137094276
136805867
136638228
137010186
137515267
136762663
135920962
135024048
136042894
136784891
137023036
136959239
136018039
137051962
136243631
137391552
137490545
135509813
136606588
136810307
137490854
137441550
136635838
137050230
137381255
131858467
136705474
137215988
136858670
137239428
137139543
137069233
136656857
135108167
136906726
137370106
137383233
137101355
136653617
137364393
137291212
135926607
136919265
137026631
137091194
137202217
137250653
137267399
136941626
136722546
137406287
137197024
137371319
137442098
137314989
136121324
136448850
137009940
137205586
137011255
136783543
137207718
135821777
136136225
136840062
137440308
137139473
137408459
134337912
137162847
136899836
137043664
136900721
136985382
136821241
136521757
137496973
136898758
135865145
137162129
136018040
136902396
137429894
135620317
134929369
136896092
136786043
136756362
135919525
137160529
128174473
137538958
135589625
137302543
135518130
137252548
135277389
136474419
137394498
136568382
136374396
137243747
134091463
136635763
137018912
136723937
137211010
136666234
137255092
136285344
137035883
137002878
137267770
131064811
135420526
136705657
137494238
136311967
133234118
137465856
136810978
137089438
137228253
137266829
135899844
130995659
137393382
136623984
135909575
137158996
137269965
136805874
137082865
136969333
136470624
136602306
137186738
137239575
137364390
135380968
136550512
137271545
137528389
137504616
136607559
132530077
137277970
136541952
137022050
137482009
135824630
136624501
117264359
137058465
137005059
136956839
137140632
137123520
137079724
137150892
136541153
137442419
136085502
133736952
134346957
137128761
136780232
137333618
136189977
137222190
137082770
137494096
137499517
136500757
136735402
137102610
136656191
135825719
136902664
136700980
136864009
137100007
136917676
134542048
137096977
136588568
137128834
132017648
136550530
135276473
137160107
136853914
136788147
136520011
137416211
137500369
137445716
137453953
137499621
137107171
137291656
136786725
136605253
137105315
137495455
136656688
135420181
133460775
137090624
137333986
136310074
136897862
136628889
135116378
137010109
137087547
137351719
136143972
137292923
137292941
136923556
136262996
136903837
133775193
137245092
137484172
136848865
136676624
136491236
133961943
136901538
137453525
133320619
136596583
136893702
136563674
134175848
136627145
136667411
137000615
136539751
137317858
136456656
136810973
132091669
137466281
137117184
136119085
135714348
137005370
135396053
136499549
136145458
137430297
137064123
137460775
136405320
137302867
136686277
136962288
137064518
136975038
136931167
137168018
136455898
137266786
137312304
137179355
136626526
136665000
133333087
135632101
135121124
136891695
137050747
137329344
137475958
136996935
136732310
136193581
136561733
136676347
136979266
137248925
137303185
137284984
137342200
137064225
135912312
136505459
135824619
137117563
137162034
137120575
136831523
137259711
136618980
136859863
136738387
136070189
136939462
137140621
137035199
137422244
134231002
136809387
136504576
136632778
136980844
137513730
137313927
137266141
137348370
137165525
135019335
136715977
136645992
136538301
136905552
137271093
134693778
136691383
135253815
136649021
136738368
137418369
137030038
136771413
137321344
137435294
132469782
137321427
136566837
137073461
137103631
136973012
137202177
125440730
136590342
136907437
136202139
137101868
137034367
134420040
135525569
137214857
137073805
135631264
137054905
135612529
137322928
136645918
136511520
136981894
136811286
136602695
137427305
136076783
128330906
134884976
137481136
137440516
136541460
136674046
137102262
137505481
137240589
136791309
136842868
136498916
137314529
136413914
136394682
137127092
134826181
136724753
136472338
137074102
137148359
136363040
137370609
137383357
136702709
137302159
136955947
135815612
136734113
136966354
137483222
137057181
136669078
135876992
136632779
133271318
136473847
129267567
137367081
137474513
136622885
136916991
135077594
133650196
137140495
137122742
137010647
137314695
137344329
137118881
136671857
135993367
136804238
137068552
137142917
136715285
136882036
137177073
136643443
133060874
134174239
136033992
137201471
137441775
136589217
135984875
135818926
137163298
137221942
137419966
137022588
137524803
136866390
136443032
136563322
136981188
137326451
136639242
135024964
130779190
137153866
137481960
137425918
136962859
135593754
135154433
136957280
137299652
137170996
136907355
136104350
137247969
137237634
135215980
136818949
137386351
137063598
137416219
133497313
135646249
132830958
133291992
136779587
137190567
136998393
137393610
137022060
136166228
136651477
137448121
137114694
136679750
136681348
136784114
137386702
137307787
136881052
135760604
137061746
137056393
137041990
136678300
136851276
137334718
136786119
136603815
136885405
136776404
137470684
137518680
137365552
137116501
136614637
137096219
136792172
137078345
137220809
137472845
130614384
137144360
136541094
137419105
136737090
127369453
136630992
136523818
132153925
136539973
136542439
136559138
136745420
136989839
136979332
133777333
134767319
136742912
136507248
136680080
137067528
137531664
136465000
137038228
137317554
136975650
136958561
136856022
137252433
136897151
135802886
134713341
137522679
137328427
137379695
136611658
124852083
137422550
136862406
136522317
137497667
136905460
137471051
136603970
137141129
136504573
136740773
136115511
136397189
136154277
137545709
135707702
132432758
137305533
137199858
136478799
137055671
137190064
135112314
137382036
135437776
136741105
136877063
137518596
137296410
106810335
136635515
135753823
137152822
136967675
137023055
136159150
137160497
137282398
136898021
136520659
135978893
136363170
136515553
137363003
136892861
137246555
117391993
137246952
137484017
137069755
137369025
137255952
137546982
133176460
136859259
136925711
136894870
136741371
136834726
136529679
136811782
137540608
131999283
136614764
137382869
137127606
136489944
132184527
137373192
137093911
137315118
137354522
136600013
136048809
137045500
137471670
136170507
136606150
136552933
136966358
137385414
137495117
136990868
137489806
137187462
131098207
136745333
136904798
137050738
137276785
137248165
137095451
137532634
137532211
136863775
136705477
136032228
135783832
136984458
137037242
136996791
136482497
137166524
137042409
136559141
137422832
136285803
137315261
136825402
136257896
137060158
137529642
136549339
135964815
137280282
136842101
136409200
137187053
136533342
137248764
137365845
135276472
136651239
136803910
137117752
136782929
137016453
136861673
137306523
137486901
137326473
136450191
136535080
137530018
130231584
137462743
135710016
136703953
137426326
136471046
136211840
137423625
136975052
136078725
132886964
136580406
137174833
136705842
137284832
135778640
136898997
137006410
134525852
137075932
136126271
137497639
137416968
137083938
137229305
136414566
136917430
134826713
136243865
137066914
137531532
136765004
136302768
136985759
134581939
137071649
137194387
135696140
137306596
137135227
137065454
136444640
137339746
137371337
137198079
136670388
137163125
136973384
137544256
137002702
136136353
136598100
137266627
135582813
136355122
137241533
136553899
132055654
135982673
136762032
137526037
136979155
136923772
136485984
137422139
136932655
137146972
137000714
137189234
137479045
137116356
129410754
137142781
136262759
137344976
137199855
136947744
137162845
136377276
137440439
136478765
136901431
137428012
137392012
136787303
137463476
137079029
137290479
136494654
136524736
137359838
136502225
136776667
136838866
137060496
137425818
136474630
137482945
136029015
136832216
136876681
137152279
137249283
137063387
137500868
137339427
137061294
137123842
136930851
136766434
137155187
136436005
136830203
136667696
133458348
137112848
136993435
136038485
137254416
136563386
133220915
137472737
137358508
136891247
136474903
137531402
137191638
137481038
137221422
137212127
135363376
136968919
136807536
134567677
137529643
137142155
137299524
136254722
137482440
137484319
137206244
137115867
137495874
137471792
137428838
137134679
137245855
137362050
137462369
137055380
136644202
137091027
131366306
136623820
136685442
129068354
129957861
137140352
136573378
136382695
137252053
131366282
137227036
131381663
134557621
137152954
137492257
136119476
137481966
131236428
137322593
135471775
136594960
137367775
137046826
137408367
137372078
137088779
136768572
137157458
137260976
136555034
137075950
137208042
133292390
137051832
136553675
136856430
137177412
136550516
136779686
135935142
135419849
137530038
137057887
136786863
137266612
136572268
137410749
137305675
137060228
136581963
136791219
136643070
136658050
136828824
136933564
137104276
136143657
136356984
136695701
137443740
135815023
136933102
137257570
136670386
136989275
136603772
136874427
137499240
135732484
137351961
137259443
137170416
136668644
137049826
135815158
136841058
136898385
136561143
137086140
136075985
136659449
136810427
137276743
137171558
136640928
137008063
136181456
137296606
136961819
135126385
136992133
137259112
136131702
135997071
136631670
136676415
136601772
136919799
136567872
136192983
136906340
135705688
137246279
137118054
135690202
134417203
136808693
136986358
137248887
137136587
136692138
137238631
135560619
137420120
137050547
136918247
136655241
137280155
137051043
136798374
137447165
136835856
137077664
137346470
136650008
136735238
137100084
136776825
134739794
137124197
136563702
137394008
137456655
137320902
137169363
136675234
136631416
136877683
137010284
137091240
136199580
137497799
133215509
137484927
137084032
136990170
137327882
137031132
133326515
137154267
131099437
137105873
137251932
131597673
136596685
137309192
137098048
137166978
136540296
137531269
134654229
137233900
136605629
137018235
134337887
137002456
137302061
137064105
136881741
137262976
136858889
130995658
136604409
137073010
135996398
136652479
137514452
137467382
137057132
134709560
134967054
136597853
136181455
137443839
136566669
133712099
135638807
136619254
137296262
137309207
136606034
135953206
134076165
136825801
126356622
137133353
136528089
137188619
137526603
137366280
136737433
137481124
137144036
136744892
137123657
137214141
137070647
136682595
137253009
137428888
137002191
137114954
136833576
136806026
133223206
136998926
137236083
136857703
131424503
137329635
136655736
137466787
137034990
136986197
137119067
136806426
136780753
137282239
135245515
137430487
137066407
136652446
137279389
137394462
137220647
136333435
133909812
125718406
137534119
131975563
137163965
137026539
134544857
136357069
136740417
137347501
136963593
137023039
136940454
124487103
136223614
136107203
133821963
136038765
135901513
136284547
137523932
137537887
136531475
137295500
136012771
136560603
137149624
136770934
136127982
137497013
137282058
136794092
136793538
135382884
136530310
136789142
136430895
137549575
136608804
137442402
137447622
137398045
137285316
137483723
136869314
137164597
136593131
136727633
136737833
134346328
136558184
137259462
137001195
136991781
137293546
136948916
135231803
136774390
137433033
136867573
136561804
136541953
136717742
135187587
135447318
136853601
137074167
135534928
137292578
137517636
136625856
137216223
137192455
137517071
137186737
131531732
136491134
136113735
136997250
135748119
136715951
132619609
136497439
137523015
137272072
135885215
136064425
136974631
136527456
136638495
134291889
136958550
137174898
136913263
136656137
137283312
137428611
127259120
137418402
137367485
137475056
137205894
136535922
134737304
126528739
136565402
137338383
137214323
137017061
136605828
136745079
136868594
131546641
137472489
136560288
137534147
136963712
137512790
137414817
136853705
134536794
137258096
137107784
136671599
137188306
136638774
137001140
137447621
136902048
136089541
135852735
134832524
136560112
136839679
134907919
136168308
136935219
135687803
136967008
136179056
136609937
137381001
136962315
136992024
136622724
137504660
137423664
137195039
135334572
136539921
137448056
137287227
135248506
136444487
137362266
137310889
136774017
136605648
137152018
136214011
134941168
136994064
137215679
136727451
136645408
136596096
137452253
137237823
136894094
135475651
136975909
136268365
127286804
137036713
136534862
137369679
135631075
137382076
137364382
136560604
137063637
137362605
136900456
137138088
137360401
134793764
135760228
137523843
137146717
136731880
136638811
137465631
136146281
136650941
137436845
137471394
137387158
136693433
136318508
137436969
136876092
136897428
137513756
134002362
137296193
137342517
135606136
136689512
134822599
137232806
136469779
136661773
136606293
137023062
136321382
137104461
136968214
137051930
137434676
136519187
137440354
137298716
136499956
136847021
137286394
134715423
136563207
136710995
136865851
136613333
136610369
136019033
133728174
137349366
137368906
137449376
137346419
136535648
133770307
136742287
137003373
137436954
136456584
137529555
137030614
133820827
135731688
137102411
136819959
137202218
136413155
136741012
137120524
136696382
137442042
133495944
136556402
136575423
136679185
137351718
137352844
137002221
137519359
137249399
135391996
137362063
137199417
135355481
136824479
133759308
136993856
137256273
136929749
137291603
133911957
136971117
137521633
137383315
137539097
137423301
137421422
136504561
137028497
136485798
136312073
136321058
136775183
136691861
136899206
136066368
137533655
137446092
136687675
137118118
136697601
137463797
136643367
135187293
136911998
136810974
137501181
136065590
137434627
136092482
136142965
137333107
136776476
137355182
134386620
136856376
136362451
137078703
132333201
137366228
136744181
136955872
137383960
136857438
137483881
137419948
131429176
136867193
137318663
137106877
136789260
136545900
137102818
137023058
134363489
137199878
137357249
137516165
136161415
137483078
136400927
136565398
136942049
136966474
136535259
136798322
137266596
137483647
135897300
137146756
131577051
136566954
137331318
136902514
136904022
136920875
137453983
137310916
137205681
136475426
137011253
136942228
135734280
136514883
137294575
137250865
136533763
136896403
137356295
136874840
137510904
137206955
136511846
135835055
137423561
134830668
137002371
135542952
133291993
136630013
128563370
130995638
137142939
137499547
137355614
136312122
136392528
135299461
136904351
137211275
135442912
136645689
136021463
136642229
132740500
136987233
136875028
136975712
136909759
137140729
135584643
136741060
137341112
136059229
136929190
136780915
136587103
136773863
137033901
136967882
137519482
137317609
137219574
137088146
131722590
137170060
132635366
132157189
136490436
136654498
137432927
137216546
135888260
134521428
135352233
136723181
137411236
137028346
137249260
137216026
136085313
136113706
136533642
134546096
136628993
136704067
137214322
135348229
136521136
136894956
137266877
137285197
137202811
137243523
135713605
137415689
137257852
136585893
136654721
136553356
137359360
136872155
137046483
136818632
137519744
136996777
136880253
136341489
136966883
134019746
136462623
137520724
136813212
136849965
136171806
135720936
136536149
135939462
136556313
136799602
137364660
136416928
137139464
136493536
135236077
135790156
134539033
131861836
136855561
137447596
137176918
137303051
137156095
135062308
136703469
136975894
135020974
137109271
137200266
137284600
136690061
137380390
137444849
136645211
135867534
134748152
137257793
137053282
133867484
136741694
137409809
137197751
137518754
136502821
136035452
137045951
137074479
137341880
136668623
136875420
137284488
135216916
137291969
136994144
135396574
136286719
137354249
136465339
136602280
136545972
137145808
137158682
137369601
135893943
137090495
137257789
125501948
135508253
137385447
137199877
137078061
137372020
135158465
137175164
137176684
137045418
136486830
136984048
136705232
137250739
136920036
137172524
133974314
137141034
137486834
137494700
136417780
137000650
136813476
136967140
137382834
136321763
136912398
137313213
133980716
136531152
136479247
137546422
135477125
136539062
135474476
136511481
136597768
136799264
137494836
137529852
137138674
136823602
136926398
136126332
137361691
134976843
137253764
137198329
137427403
137411254
136769966
137509256
136799282
137030441
136246628
137248093
136762878
135523373
136861107
137168932
136746448
136810490
137259012
136808674
137059494
137539774
137050442
137127208
135926461
137509605
136883169
136804609
136187173
136810941
136793397
137146715
134536793
137158383
137236640
136734844
137357725
136660138
136908199
136009236
135623055
137112329
136991152
137472641
137433353
134902451
137249748
132111987
136743048
134948607
136285503
136683616
136304571
136903229
135827572
137248962
137155346
137075941
133507907
137017837
135781311
137385540
136586433
135458494
132870817
136624556
137199440
136312652
136504539
137002541
136722590
137115968
136851974
136653059
136998032
136929925
137002155
136760647
137318936
136798781
135823409
136224715
136815588
133058949
137151957
137298230
137384051
136470663
136648441
136950690
137174897
137127622
136610212
135123297
135588949
137056894
137427277
136786939
137190647
137319502
136856952
135017559
136392996
137169362
132856378
137145713
137098798
137002604
136287732
137291848
137004323
137186341
137121402
135832668
137437013
137338901
136703121
137434221
136500142
136494295
136580627
135516673
136652255
135443445
136703154
137483888
136675715
136804420
136723108
135880043
137359843
136556558
133494068
136572318
137121552
135997211
137436614
137021931
136705157
137199771
137103640
136960285
136830435
136788371
136578587
137251837
136787285
136676544
134639574
136705046
136689677
137498966
137068438
136966807
137188559
136611662
136623690
136537341
137301568
136718120
137254304
137537955
134977090
136562622
135561247
133363821
136326999
137043478
137317895
136090817
137063021
137362992
136537322
137334694
136960390
137276779
137528637
133310607
136981390
137005051
137496149
136964767
137272043
134902077
136908669
137121041
136363375
136793336
137037952
136482597
137068163
132847308
137281910
137107119
136772975
136934537
136396710
136144254
137188491
136609045
136793142
137002176
137300949
137391610
137220011
135644353
136599996
137142603
136719302
137070320
137532688
137186113
137195870
137255771
137041670
136650474
136590642
137016431
137094206
136917824
136738713
137126367
137382360
137421708
136119779
137358440
134481843
137005522
137010049
137313392
137477743
133665374
136656525
136676490
137279591
137033537
137539718
137415362
135720821
132879098
136888525
137412951
82351268
136994127
135218807
137422336
137549561
135327231
134212138
130278051
137248549
136896523
137390396
136523742
137472507
137200669
136172540
137412569
136626379
137437487
137358431
136963217
136796320
134907975
130368597
136637164
137285687
137016111
137538436
137509175
137530402
137361409
136810959
136828969
136990031
136637079
137163523
134079627
135934046
136540743
136920562
137291956
134611933
136821335
136673206
137311867
136567300
137138002
137218945
136961584
137136945
136117982
135871685
136526628
136722883
135035753
135913966
137537108
135743630
137340327
135788960
137338785
137022102
136782279
136582509
137478403
137179633
136980735
136712533
134314392
137396356
133784376
137368295
137057167
136970303
135940176
134093988
136773124
137121519
137096499
137245300
136894898
137016443
137315355
136402833
136807589
136572273
136300517
135737769
136898768
134827350
137389722
137090807
134543469
137534013
137199780
136689909
133483882
136423458
137207508
136810939
134039562
137079454
136580458
137128727
136742220
137067228
137177469
125826570
136689142
136905653
136300796
137251530
136552388
136577315
136716542
137215184
137199423
137256718
136079015
136919382
137213539
136354696
128070594
132930527
135854484
137441295
137123226
131990668
137481134
136546001
137184984
137048800
137113898
136478233
136852125
136531099
137509185
137239897
136082408
136966625
133186561
137037245
137526351
137149366
134990817
135658878
133592461
137453913
136638861
136995937
136791740
137247632
137209877
137460666
134930643
131720041
134606027
136869247
137485695
137068353
136995041
137464062
136827997
136976412
136619193
137237863
134710092
136032453
136994304
136544459
136714444
134837907
137384668
136320620
137253869
135035698
136591633
134337898
136715569
137319254
136979552
136520299
137038708
136638969
137214465
137328925
136351378
137450326
136976026
136934814
137346308
137452383
136477486
136718645
135736344
137241638
131821671
136930107
136684692
134689680
136534307
136556912
137250300
136471339
136007299
135379923
137022120
135759499
136787218
137390146
137426899
137424845
137291931
137233608
137452575
136840053
133855132
136820753
135589086
136806328
136958036
137086101
137139223
135203715
135192006
137356141
129810732
137259014
137063986
136533695
136991490
136480135
137486951
137266585
135236084
136486963
136707342
137172333
137075887
136749722
136535852
137313390
136884498
136005677
137519040
136852269
137241497
137023029
136691885
131104041
137307744
136738881
137067392
136035316
137306682
137549569
135934071
136185022
137039960
136718209
135698807
129274991
136566075
137431598
136810671
135525617
137482424
136956672
137172018
136999834
137452485
137494120
136896748
136910245
137226658
136812979
137519441
133894850
135230682
137072167
137496527
135397154
137348634
136052143
137127741
136635446
136469651
135594142
136475785
136734986
136718773
136967685
136587734
136705481
137532127
132727724
136607815
137372556
136479951
136706305
137517937
137100896
136343905
136363060
136540405
136716356
131347515
136700737
137005199
136643156
136715916
131198950
136607937
136593818
136784853
136840715
137091337
137047297
134802214
137449517
136415420
133573229
133908581
136593698
136699909
131769428
137527295
135228300
137254213
136410073
137072472
137299408
137212854
119950864
137102085
137492170
136797918
136224512
137518176
137381587
136688400
136610160
137003116
137508146
132867094
136734331
136157390
137199738
136926943
137333685
136559236
133238749
137122412
137082453
136261568
137191329
135767098
137166088
136812327
136646316
136471778
137091648
137103560
137061923
136955473
136868673
136981879
136745323
136852210
137191646
135241137
135911393
136487237
137068392
136995627
135935395
136889720
136855496
131602625
136835259
136340446
137444601
136993912
137304202
137266624
125210992
137347967
137221100
137282382
136742108
136946396
130327328
137167572
136903540
134638859
137492846
137370045
136859049
133814756
136648645
136798553
134844305
137446115
137117981
136791691
137427920
136704672
136855076
136892134
137110476
137347732
137525464
137171816
137538590
137010633
137339492
137444770
136543608
137186189
137317956
132287801
136458900
137422004
137247174
136822803
136727498
137394163
136739541
135724913
136464677
136670705
137320976
137057906
136888491
136938304
136001436
136579780
134767362
136786778
136808618
135554962
137038170
136637470
130031738
136901212
136734088
135739070
137214014
136809281
137434658
137065944
137196224
134261513
136929758
131680678
133442212
137033966
137366148
136638804
137041958
136490412
137495381
136687460
137445233
136101149
137498226
137098467
137475936
136964895
136405401
137496935
133804419
137037277
137494588
136811194
137127780
136952732
137291980
133571864
133291996
137400395
137196811
137025173
137049504
137199864
136542777
134337949
136857210
137363045
137105605
136569026
137330643
132618856
136564793
136470760
136565333
137449688
136067215
136782732
136844200
135992580
136563452
136609192
137299248
136745752
137210645
137329897
136599954
137097152
137266775
136592486
137116718
131690206
137199371
137518671
135923540
137000752
136566103
136789830
136579700
137432539
137487578
136370277
137331726
137200674
137379226
136734017
137433402
137188283
130687729
136423462
137481726
135361843
136529354
136375427
135968604
136805788
133614553
137434264
137095761
135875858
136469860
136487255
135029278
137122854
137345020
136498398
136879273
137155639
137470961
137029442
137123570
136987286
137122921
137100875
137476012
136983307
136854403
137453634
136510518
137137256
135645109
135380112
137455809
137219672
136633668
136540103
137169047
136979154
136555649
136124933
136509130
135420769
137348889
136171134
137430241
127108379
136087201
136877380
136728551
137436841
136324888
136826644
134808950
137380299
135588764
136639554
137530575
137481189
136662275
136656942
136522596
136586572
133798872
136671715
137002149
130452744
136655006
136581542
137415749
133659612
134412633
130327327
136992260
137249197
137430167
137548308
136531147
136925668
137106167
137101636
136538044
136204014
135669702
137032196
134014426
136493615
137515096
137495212
133137271
132284785
136967690
136854129
133797585
137483358
136809969
136738950
136787241
136899684
135986072
137303261
134603068
137486749
136987804
136893430
135831075
136156459
137103713
137392371
136837397
136921437
137281366
137428237
137209477
131642431
133722680
135815001
137461112
134222796
137292522
137300938
137336657
136877904
136849274
137215013
137151703
137001488
134273339
135433351
136989676
136702860
127271541
133742643
137074083
137185785
136499586
136643480
136796971
136903539
136792482
136351415
137136867
137366918
136550490
137533739
137366586
135932887
137237257
136898671
134757907
135854288
136433734
137360468
135717776
134704702
136595676
137514985
136740287
136503900
136893854
136928645
136611856
136592842
136973716
137454400
137457058
136211248
136498176
137496971
136353182
137359859
134563448
136603039
137247304
137221970
137360047
137216422
136975275
135865924
134620928
135581834
136496550
136619008
137471931
137384867
137240255
137361666
137085965
137106202
135994664
136900445
137443713
136990093
136678696
136721544
135731434
136487793
136775981
134737281
137042605
137495590
136900978
137259467
137281311
137518218
136647903
136702741
137127164
137437976
137271087
136483451
137237633
136774633
137433434
137497262
137540539
137016458
136975438
137022103
136634436
137075937
136614694
137510750
137229826
136601545
137151486
136810928
136964745
136683386
137371058
136954421
137185485
137493429
131502139
137441724
137468046
137521051
137047681
137515911
135444488
137431321
137449274
136584240
136706974
122209139
137169006
137476438
136542139
137036495
137219201
136991603
136901620
136825792
136716784
134076109
136740146
136990547
137134215
132942449
136964788
134977276
137168678
137468954
137291016
133083228
137327669
135296324
136566630
136397412
137395774
137283748
136186745
137227688
136567900
137145286
137025391
137361953
135822614
137010202
137525385
136964691
137359654
135160553
137093145
136733028
136533421
137534991
137134080
136996802
137464061
136879297
136669630
137142303
137334667
137396591
136817185
134913041
137456523
134769008
137209498
136778336
137011244
137258115
136823871
136841654
137445237
136648604
136511479
135420307
136753313
137069759
137315413
137409282
137464420
136656094
137007445
137056266
136522763
137548800
136395138
136906523
136551302
136602776
136886397
137538072
136083468
137195946
136902770
136839850
136702065
136976085
136646259
136918767
137472736
136787082
136621555
136987153
136812148
137487824
137278834
137134136
136785920
136649384
137302883
136565075
137260753
137207668
126070833
137005381
137215961
137459511
137087733
130995632
136731620
137482586
137053736
136723817
136879339
136668787
137251401
137076193
136962998
137104613
137515354
131103883
137075909
136607491
137539724
137044484
136547108
136639586
136540797
137083108
137371611
137513210
136798291
136994258
136966614
136338893
137124387
137002747
136764435
136561458
136629825
137073825
136610118
137424744
136621375
133694972
136923138
136736236
135273718
136705327
136646192
137453181
137154380
137486838
137124011
136734987
136650015
136909187
137549578
136725944
137219866
136743873
134722290
136986403
137148351
137104107
136880455
136897640
137114940
136700995
137145169
137379418
134168036
137389224
136446820
137296256
137073441
130995654
136632634
137476564
136647894
136081719
136634379
137010127
137440206
137294962
136558512
136558644
136588589
136768116
137253396
135382567
136888372
137102097
136657033
135894404
137368488
133194759
136999629
137340263
136579442
137430148
135898457
136743797
134485453
136711984
137384849
137342226
136177563
136882532
135036025
136354158
136877381
136396106
136545871
136680599
136599495
131164148
137026630
136979320
137099685
136558249
137234168
136948465
136004986
134288034
137370879
136493535
136669634
136544304
136921385
136452861
137100191
137444173
136796003
137124365
136680788
136553659
134953120
136928017
136806770
136385806
136986114
135288098
137109634
137256677
137235761
136837348
137377927
137075902
136928372
137311520
137530913
137028410
136740188
136657180
137266784
137472498
136888851
136486979
137293814
134337861
137063734
136826718
137194974
135886939
134177399
137325564
133486778
137095817
136534702
137144501
137436181
137142127
134660851
137243075
137244278
135533342
137102222
137171795
136586918
137095301
136521761
137370014
136952734
120566468
136908348
135631468
136727144
136257561
137043369
137483709
136493660
134731575
137306663
136581930
137442159
136984566
136642090
137200186
135545262
136994259
136701939
137477665
137255223
136638586
137416256
137546192
135922265
136213501
136893500
136799377
135934585
137292323
137188760
136828110
137185858
136864699
137200508
137535182
128658368
136598906
136865019
134720012
137472478
133699819
137018031
137452424
137333595
137361344
136693921
133194170
137254275
136566939
136904300
136473421
137476565
137532126
137084889
137481431
137520106
137383299
137280171
137363225
136545281
137096766
136788921
136851126
131001974
136853022
137139693
136882994
136575188
136716774
136744393
136994253
137082355
135674199
134590643
136913469
137122603
136589276
137371320
136372257
137321307
135560132
137048235
137133288
137300252
134403029
135557818
136796704
137220884
136555509
137121018
136776902
137490446
137099429
137233772
135724679
133298385
137069764
131807563
136632520
137164942
136584525
136710758
137110968
136520312
133712095
137064970
136992953
136238008
137252690
137156077
137312552
137379132
137008656
131178113
137255461
137518670
135841663
127419438
137302488
136557284
134722216
137419471
136654795
130500892
137292897
137424326
136860641
136504541
133518768
135649414
136830898
136880111
137378138
136675195
136832189
137348878
136596931
136982691
136097653
136195379
137188907
137173591
137295028
137153676
136795168
137516549
137352242
137494175
136488141
135585667
136534591
136045417
137237184
137431099
137138885
137238183
136356356
136973136
136192585
136641429
121696566
136840622
135680516
136599347
136785995
136907572
136527895
136607378
136237413
137005513
137170246
137101542
137056509
137266776
137260894
136559866
137330433
136483360
135991341
137387226
136897156
136560351
136544869
137362593
136533282
92964494
137292656
136186099
137124377
130693197
137419780
136560010
136907272
137061038
137533737
137119762
137072166
136966380
137327475
136539918
136526156
134337875
133045792
137246652
136476904
137522961
136629704
137390590
136893586
127868561
137051273
137045318
136721625
137327457
136933569
137364778
136897468
136648130
128738766
128464142
136629850
137481125
137429616
136291056
137094455
136881770
137245615
137083644
137532685
137477359
137068465
136702666
136831675
135912410
135469762
137086028
136209633
137514373
137311944
137005942
136076389
136119055
135885325
137198566
135239911
136627228
133099197
137454430
133196911
136918043
136964926
137467168
136932353
137248128
136808459
136245547
137043775
137118217
137043043
137062716
137195762
136289471
136605251
137098343
135237279
136633518
137475552
133219994
137239515
137306723
137119587
135601698
134337872
133613876
136644593
136791755
136603871
136892567
137030287
137346086
136373626
136543675
115936466
136742313
134485888
135832842
136597481
136619449
135223087
134025340
136789960
137067686
137014376
130451704
137371943
137252301
136763680
134941723
137140935
136607442
137056440
131411276
136987248
136503397
136880621
136812988
136588513
136701181
137083228
137241641
136637438
136585615
135875587
137023632
137195346
136824233
136796148
135195466
136396701
136539374
136593474
137004703
136999705
133113577
137417876
137114921
137307428
136823535
137049082
133657356
137322703
137157158
137199412
136535789
137096000
136978706
137436986
137109159
136385266
136594740
136185221
136856967
137296009
134521558
137491801
137279097
136425545
137207885
137547104
137425588
137303371
137149905
137125390
135712734
136649169
135485537
137363983
137331147
137118380
137533905
136655738
137480566
137482184
137517757
137116207
135702570
134143906
137171792
136998263
137439127
136794460
137430380
136967735
137138517
136954705
137262997
137167419
136108672
137192973
134541039
137004564
137098114
137212871
137437143
137177072
137095288
137439005
137520833
137240618
136549951
136592396
136839552
137107339
136551284
136903239
136010599
137435680
136792274
130360347
136631435
136639013
136533487
136930818
137054265
136812334
134794558
137431830
136830858
134842488
136639785
135701265
137129039
136629580
136767893
137440656
137219856
137127624
135547878
137076628
137350754
137231119
137249288
137302766
137449506
137281325
137302532
134984698
136802607
137434413
136780994
137472476
137394643
137440037
130440150
136919874
137055212
137365511
137148271
136049038
136330192
130212640
136900446
136182555
137162428
137099756
136783696
137440867
137127015
137056339
135969596
136254492
137181656
137266830
135483527
136783399
136353936
137033141
131567659
137250660
137266862
136474769
137005034
137147459
137271035
137412893
137067263
137266871
136715406
137310815
136903793
137485422
137190025
136559133
137132075
134715343
137101207
133603251
135093897
137242188
136392768
137486663
133558984
136799644
136796016
136652957
136667304
137540401
137051947
136628149
137209341
136574396
136833435
137005335
137490579
134564030
137174903
137274583
136877101
137318802
137252260
137011227
136238579
137471987
137294991
137200593
137421590
137000291
136984796
137494764
136143890
137266771
137215322
136389759
136901099
137318577
137209199
137478646
136566620
136719282
136577919
135972464
136789354
136967678
136584769
136825953
136522421
137169562
137064879
136993639
137430856
136990836
135348327
137088716
137294924
134495716
135639570
137367029
137532062
137240597
137244206
137487290
137547629
136598300
136091519
136258258
135814970
137069318
136594025
134270279
136284735
136486246
137285790
137362325
136884137
135373273
137150200
137412461
134942950
137177153
136824246
137057920
135935524
136775358
136994248
137001884
131029631
133805162
137076232
136479347
137287941
136656450
137139028
137153048
136721364
137172682
136555605
136704919
130117847
136617268
136966399
137428711
136327037
136230318
137361097
135824691
137006062
136593386
136552556
137391727
137050215
137189672
134064177
137241024
137462462
135889207
137290406
136982342
137449206
136322259
134965988
137089906
136822458
137305022
137485130
137197328
136643269
137417180
137481953
137291071
137370037
136591796
136585113
137439166
135622120
137008903
134504808
137126791
136994240
137380614
137364177
137201264
136080040
136600451
136226195
136657491
136667026
136911219
136652464
136623689
137514496
132395632
135301296
134955042
136926167
137347785
136712914
136998175
136915227
135786722
136565888
136874791
137079407
137395465
136409700
136561977
121652840
137015411
136602656
134904135
137136769
136502786
135844753
136688279
137051974
136705745
137034415
137002670
137293939
137218662
135195982
137442351
137537929
135719305
135704368
136492436
136672900
136396712
136598010
137233956
136877004
137201054
137048642
136775186
137336071
137105540
136902713
136701321
136129580
137073186
134898746
135178021
136554477
134337880
137209923
136775730
137284872
136703707
137253331
134455660
136795903
137379324
137242397
136990668
135323586
136367950
134253561
133813688
137515724
137381741
136605252
137296260
137127018
137431365
137001759
137530884
136478489
135823407
137295772
136656901
136809187
137127200
137541588
136987448
137518641
136780256
137003226
137040048
136860298
136833260
136551362
137518234
136718994
137491425
137219663
137438954
136867531
135275386
136497567
137446748
136797943
136896052
137416951
134215543
136934856
137490467
136380862
137538759
136476109
137295684
136073195
136892067
137432679
136851448
137075927
136678481
135737433
137049004
136908760
137063974
136751347
132284377
136501878
137207651
132622366
136394698
136967680
137016428
137462878
135603450
136553276
136487014
136705846
137115158
136945115
131751908
135939783
136884315
137331958
137447445
136810943
137194550
137418410
137257393
137036454
137022062
131235847
136818884
137143809
136465230
136629402
137311069
135264069
137412433
137205770
136770573
137022078
137004826
136609457
137157205
137370826
137056570
133062022
137162344
136904928
137200883
136205011
135777795
137463124
137465467
137501218
137033985
137491810
137276764
135696065
136883383
137356356
136962798
136714519
137363025
137316434
137365495
136654263
137047252
135920105
136958712
135515842
136610564
137268802
137431706
137067504
136581134
136991727
137293209
137371025
137016454
137342470
137086199
136572953
137070642
136693125
132508945
137204776
134174546
136668227
136953179
136485516
137436875
134539514
136572339
137175717
137362274
136688058
137037573
136466378
136487548
137383666
136396705
137145110
135465709
136907996
137115495
137218944
134504371
134966592
137423693
136713460
137107108
137213070
136506692
137071830
137235819
137480122
136621824
134727636
137394662
135527376
136221778
131624657
136845100
137249306
137089267
137186734
136914458
137490858
135651456
136450709
136008721
137486548
137112745
136812731
137199314
135120499
136647225
134092495
136878534
136826049
136090631
137064567
137199234
136721040
136949794
136654218
136959089
136993879
137448215
136874301
136898416
137134047
137476515
136792955
137305715
135431368
134262283
135992601
136215333
136832560
136654051
130995635
136771221
134649575
137494609
136597097
137515888
136626410
137165778
137252816
135385588
136576016
136590551
136599365
136143844
136743466
136544217
132917771
136379533
137075931
137105668
137445498
136961864
137438604
136888253
137202485
137378551
135467204
137436394
137360158
137334589
136593116
135552675
136786498
135846903
137388829
129995717
136643495
137317901
137457729
136563222
137169128
137250749
137252693
136586309
132181439
137158828
137152994
136581061
137034454
137245486
137360007
136625416
137365957
136490051
135594147
137053717
136869441
137117381
136850777
136811576
136325140
137372087
137304721
137516177
137079395
136829059
137341839
127839278
136577753
136889678
137184262
137186335
137486222
135869015
136570161
136552934
136592321
137274218
137493000
137002386
136362662
135205903
134768431
136704970
137046658
137510452
133723550
137251848
137080968
136920657
136319809
136135447
137538598
137110831
137431003
136619134
137296502
137380539
137484932
135900625
137500922
137251042
136139312
136706920
137435453
137234929
135991395
137159416
136899000
135560589
137426095
136900340
137251319
136650991
136503425
136899203
137075928
136767386
136546145
136952250
136740787
136203181
135883645
137092722
136704439
136720697
136856572
137522793
136297929
137312164
137112368
136083854
136472538
136657587
136568718
136680369
137137821
137506095
136642271
136248214
137276769
137116394
136862711
129510381
137539419
136962528
136726162
137275961
136917447
137427306
137190707
137198221
136900781
137549546
132183404
137030711
136678014
137085179
136990439
136867234
136939496
136683005
137129851
137133808
137123804
136116206
137163445
136999481
137073395
137549211
137516010
136566213
136978245
137190549
137120585
136492383
137414691
136305607
135659877
135213457
137170957
136908225
136113928
136558861
136744604
137475327
137497340
137154209
133323220
136898486
136670400
136823600
136661558
137022090
137305211
137328629
137321054
133224079
137254429
136544717
137443758
137237897
137358869
137224132
137042731
137119981
137520879
136564289
137045488
137200134
137211246
134754884
137074496
136956871
137287877
137333886
137431488
136538040
136740959
105435893
135462315
134590224
137116661
135702852
136670403
137216224
137067911
135992351
137485577
136676736
137063247
137427321
135831175
137147284
136931228
136968870
133225338
137271971
136752524
137088060
137449398
136549468
137010421
136825809
136584144
137180296
137093942
137250804
135871325
136473481
137212289
137543733
136977748
137388354
136610165
136785656
132725139
136544354
137522735
135220809
137247690
137364394
137439393
137527385
137184595
137142116
137075754
136496944
137532014
137122907
135479289
137391777
136628074
137533804
137379209
136001476
136732444
137421229
136784378
137427366
136641121
135899039
136674779
137477291
134682631
137342081
119066525
137004755
137460322
136504567
137491522
134965707
136962192
137421902
136899501
136626352
137427435
136145677
136550532
135938235
137238684
136855386
137088778
134673961
137535772
136529700
134616516
136919133
136566926
136083556
137449529
136859783
136563778
137147196
135726799
135943512
136523160
136772866
135579223
136898107
128366077
134574518
137430722
136987021
137437305
135843799
137534784
136504554
137390324
135772268
135989759
136194485
137486862
135750974
137162301
136546889
136810077
134697519
136998372
134678744
136730302
134339790
136281037
137335170
137084911
137481154
136313934
136658421
135070087
137139518
137103103
136394291
136842293
136896828
137409664
137128063
136517300
134930369
135027192
136346066
137029653
136561835
137298396
137137659
137027858
136695108
137477933
136339444
136766524
137299299
136995458
137241640
136991735
137447664
137287022
136607678
137232420
137003166
136505477
136744259
135602646
136897140
136414513
136396724
137383592
136720368
137258176
137338324
137530040
136680180
137465469
136595662
136532742
137206189
136626813
136809167
136945253
137503665
137423329
137064071
133944021
136656797
136648613
136654124
137316149
136651360
133569173
137286947
136008670
135986659
136862506
136819667
133721686
136756307
136714908
137052395
136591581
137524431
137480270
136577864
136716830
136991936
136515620
137138868
137413052
136889813
136696034
137098531
137410186
137022043
137109688
136858557
137280928
137113887
137394267
137219873
136472495
136564255
135480770
136015223
137364466
137295860
134661421
136927461
136572748
136985716
136891407
135888875
137287356
136856772
136480315
134147501
136917330
136680359
136756237
137531176
134202889
136531645
135084108
137353225
136397945
136606818
135236076
136538311
134967534
137215534
137149636
137220833
137282562
136955584
137036457
137459776
137522791
134693775
137020092
135851765
136841589
135331044
137354648
136636434
136731873
136327960
134318672
136585115
137524687
132364119
137136479
137462945
136831238
131532026
137199432
136933726
136503006
135189045
135735584
132445862
137524065
137145299
136782504
137388570
133447337
135371591
137123008
136532118
136890439
137219907
136896210
137199876
136878547
137122457
133904972
136527384
134070062
137487852
137393497
137036211
132943013
136670287
136929195
137134622
137407861
137364369
125699610
137370091
137516036
135116974
137419359
136579394
136644571
136998767
137039532
137436569
136668532
136659618
136511003
136604521
132717743
137259366
136608481
131884863
136731158
137109592
136566658
136898328
135652647
136565965
136713118
137530957
136797084
137117754
135855901
136705296
137316207
136295145
137474025
136225402
136702795
136836434
137139452
132832310
132830954
136220553
137235148
136298024
134899018
137483034
136964483
136895541
136923078
136736415
136624185
137194445
137299334
137128351
137257688
137026295
137315972
136964590
137292891
136655701
137514489
137044038
136888929
137331662
137111955
137538056
136707399
136897876
137233866
137047663
135729425
132960705
137202417
137393792
137252074
137411538
136865428
135431801
136730770
137031747
137342210
137102493
137472511
137291886
136396735
137519684
133661382
135361356
137498081
136475166
137442626
136908618
136807469
137417273
137303758
135547736
137043248
135801080
137124130
137163508
137073976
133728228
136610017
137006848
136715558
136690075
135969194
137524680
137122269
133129633
136844886
135557344
135849474
137390872
135926781
137163019
137426602
137231430
137256347
137380348
134722245
136973807
137249080
136990070
137194794
137524670
127743877
136989954
137151868
137297782
137429731
137002712
137384583
137004119
136564038
137481241
131959822
136888578
137538719
136565204
136907877
136810980
137024191
126962315
136481683
132545465
136292276
128970406
136814831
137022262
136853207
134828427
133763569
130384940
134174289
136543090
136502916
136955929
136563615
134789844
136821125
136613361
137251985
137266801
136810734
136767113
133945449
137426117
136416152
135958469
135997291
136890779
137492336
135835574
137167491
136532176
137037239
137480299
137149647
137281803
136789698
137549567
137128939
137256151
136682680
137171195
137181790
136881042
136572752
136489935
137517249
137115296
137453026
136541795
136231014
136986742
136137680
136779507
137060324
136742040
137204822
135480214
137050391
136587484
137508568
137022067
137173944
136856667
137466102
137355150
134722439
137102116
136670417
131296314
136871933
136295830
136409391
135634461
136881715
137211374
137303828
136999762
136550469
136229705
130425245
136714033
137313684
136566104
137493971
131327239
132573676
136637784
137437309
137287749
133759304
136903701
135615302
137050351
136198575
137520949
136649439
137047455
136031457
137419998
130346056
137139792
137032602
136880453
137305612
132364382
137493390
136662595
137159477
136694346
137307249
136841140
134614117
137257374
137363099
137005485
137126977
137026884
136474921
137002960
137106401
130359005
137071729
137447074
136602487
136780237
137378811
137170685
137244136
136966500
136081566
137443389
137208278
132874363
136728159
137441225
136952731
136506101
136313796
137314474
137280927
135561467
136927335
135517825
137042044
137042088
137142870
137193150
137310227
136677366
137137797
136483551
136764415
136923870
137035281
137029723
136722297
136563958
135604390
134621598
134092407
136733739
137233744
136466407
136876144
137219265
135502436
136231733
136898270
137058844
132022374
137427361
136913204
137386640
136322445
137009851
136774341
136886261
135552121
136543911
137138462
137485533
131366371
137055332
135554559
137233542
137009813
137119847
136893739
137038733
137276763
136959162
137266893
135675165
136588496
136869644
136680205
136256592
136650887
136901230
137242031
136624128
137467078
135514102
137406548
136710671
137478537
137358205
136347485
136605014
130395100
136506075
136156833
135897295
136032387
136681623
136550497
136780556
136482148
136639090
133409704
130907513
137430558
136990220
128970414
136483972
136895753
137070561
137109269
137331511
136795674
134722259
135271984
135202837
137069411
136615501
137465040
137117628
136495552
136672748
136592040
136946753
136649081
136527704
137393759
135187270
137215300
137266833
137252392
137328745
137098988
137011249
137122099
136968514
137525279
135610513
135161233
137159655
137532949
136704320
136900418
136845292
137498191
137257158
137061879
137449375
136594168
137321286
136894904
136062111
137302049
136484945
136802488
137441780
137497820
137094982
136031533
136631526
136967323
137254186
137195774
136350244
137449473
137048331
137198986
136001945
132655368
136264790
136620753
135506799
136372031
137028287
137258736
134337937
136556619
136982310
137279100
135880433
136613440
134337953
137355562
137146050
137294942
137266859
134543257
137214114
137194677
137245400
137438711
137379275
131502010
137401741
134942948
137069977
135745242
135792216
136994010
135048621
137116238
136670390
129943523
137526978
137039574
137109756
137436955
136704994
136888608
137119916
137460057
136996235
136112998
137419701
131831455
137234585
136324091
136674947
137157285
137326447
137321315
137088756
136478172
135352368
136873933
137364097
137440268
136714094
136902655
136482573
137292587
137496949
136667676
137055080
137099929
136697175
132465590
137329245
136491042
137300727
137471392
136594632
136602920
137240793
137241546
136822526
136583897
136651829
137050364
137518677
137527569
136075157
137044794
137349193
132757036
136831472
136585176
136815029
137218546
136456452
136841540
137438893
137237474
135690548
137470136
130452969
130451698
136509461
137114912
135867051
136595094
137417310
137363224
136115581
136668490
136557481
136868532
136524169
137539525
137406445
136300837
136860684
136538075
137514600
137351435
136566597
126188420
137132250
137500518
137258726
136562620
130785600
133859636
137243947
136658774
137140835
136670410
137385601
136932912
137166092
137492683
136574483
137109266
137445370
137473139
136559127
136814885
137278498
131786031
136830807
137314402
137506362
136116421
135225889
137372478
137432175
137118772
136831046
136569183
135491719
137444785
135920523
137155978
135417502
136721105
137064832
134874412
136289726
133763098
136673444
137080631
137329886
137293756
136857399
133745211
136624858
131195111
137132760
136891785
137137168
136998315
135989932
136738594
136991058
136865351
136144329
136795543
135631225
137186964
137171791
134521474
137540497
136589031
135992372
137537346
136972123
137103082
135260286
136569155
137071623
135895119
137269124
137243917
136710992
137395656
136838728
137438398
137416261
136886818
136921363
130111170
137311619
136499630
136929767
137495670
135588707
136635549
134226965
136886277
134981920
137495522
136545726
137433596
137499494
137210570
137037530
137480202
137050326
136257253
136183001
134607015
137144506
125175096
136793493
137529893
136797399
137280771
136522545
136611389
136028254
137045922
136998751
136928312
135059688
136353435
137069907
136745297
137523990
137197459
137055318
136090183
137440370
128970604
136901580
136964983
136740764
136919047
129394422
136907078
126835082
136630641
137417938
137294764
137521220
136784325
137432010
137532030
136919695
136351323
136491373
135523502
137127560
136838002
135218521
137007943
137220847
136439116
134850956
135828575
137041787
136704043
137151734
137124111
136785769
137311228
136848017
137433244
136186088
136985029
137016470
137546006
136890770
137266852
137236249
137192128
137170514
135012868
136462063
137377209
137043051
136558465
135902476
137499739
136537059
135902709
137049762
136719040
136868523
136791238
137046971
134542252
130580506
137066911
136828861
136565650
131781040
136882384
136121400
137192928
137165888
137245644
137208573
136841971
135524450
134983527
132760504
137212587
137037447
136861476
137006028
136695796
137094159
137150639
137256085
137307448
136641710
129663485
137535513
137075951
133826854
131827788
136551286
136830319
136916108
136499428
136681689
136805268
137515039
128966039
137442663
137365043
137140843
136737878
137520710
136816108
137113886
133014818
137491656
136899100
134946959
136480967
137446930
137415734
136596007
136559937
137070431
136689289
137218656
136856312
136841876
136658552
137463343
136649806
137146589
135878850
136580518
136739652
137416985
136096513
136578502
136035659
137371313
135260871
137060635
136884762
135930235
137532387
137144153
137006535
136778215
137304487
136608996
136561746
136805822
134326490
136921870
136901576
137363313
137362185
137525418
137489453
137532670
133773766
136926638
136882072
136997164
136498027
137530382
137210936
136576262
136962891
137177324
137524564
137417119
136964743
136688005
136074893
137201120
136771577
135433478
135444062
137022079
136247656
137426009
136432222
136532512
137105542
137163905
136872928
132190265
137530596
130020216
136145339
136639246
135896961
131687862
137227750
137477491
135313221
137464664
136483298
135945546
136477834
133827216
137244968
132321197
136533472
131527757
136071916
137302913
136211895
136134720
137266774
129429639
137357726
136582346
137097241
137526045
136990665
136825074
137109881
136472090
136717075
130492043
137193872
136554241
137098348
137154590
136941707
136821236
136926896
135896184
137406272
137278466
137358146
136245293
135594145
136668801
137199871
136692150
137060362
137283057
137244538
137290621
137512639
137108157
130899107
136566214
137495769
136664850
136967411
134536635
137456426
137252303
136491584
136952730
136702545
135463438
137446911
136705485
137440601
135044101
136877098
137442174
137448123
134841145
133509407
137052725
137496587
137123259
136118078
137370424
137539461
135705636
137175300
136863857
137413461
136926267
137283820
136606645
134778573
137099741
136886710
136964966
137255442
137238862
137186623
136727547
134559880
137057596
136805746
134074923
119283666
136601671
136989199
131373817
136965025
137442756
136723375
137226972
136447914
136227922
137322393
137076726
136538333
137419960
137329320
136262979
137117845
134961611
136835104
136956301
137120203
134649994
136797378
131529534
131605511
133248301
136839898
136477576
137415268
137520307
137195275
136154476
134713686
135239910
137326476
136528336
137287396
136867348
137466074
137331148
128665574
137016448
135236615
136626648
136519490
137469862
136304386
136844544
136695381
136742191
134332545
132712983
137058633
134795010
135160586
136892844
136713165
137369945
132793381
137342169
137444339
137148933
137267080
137293047
136682678
136766844
136525421
134056147
137512104
135523095
137252647
134200082
135124237
135884440
134820079
136532875
136066571
136530519
135454636
136434268
137452671
137517106
137419301
136705353
136186058
136406199
136632373
136892076
137363284
50584337
137253075
137191871
136065440
136792061
134592093
136558069
136899706
137231140
137150195
135781631
136644019
137075911
136461287
136724754
137299428
135729130
137235705
137258849
136741249
136665281
135006026
136475985
136027839
137380632
137241093
137256270
137145482
136478201
136862875
133821276
137364045
137061244
136989650
137364030
137416406
137495647
136924603
136610214
137145440
137082020
137149300
137496327
137362085
137294979
136442756
136583437
136636647
132976678
137087534
137093399
135009648
136575705
136442862
136524218
136739554
136086255
136313578
136569984
136157294
136863745
137538699
136226530
136578499
136750359
137301688
136175192
136328793
131577770
137021577
136259974
132754991
136768931
137005307
137122922
136092442
137033155
136564761
133250128
137314764
136975776
137023038
137391192
136349308
136537142
136394736
136497933
137429165
137205084
137246086
137371327
137465397
137311398
135220599
136908241
134173200
137384641
137514190
136899129
130785452
136960782
137444613
136579570
136808157
136077478
137073065
134932889
137158343
137442258
131566435
136496810
136184741
137126497
137260816
137098225
137219892
136948412
136807766
137467155
137238051
136961944
133602351
137194494
136810925
137276776
135699729
137128515
137042260
136876569
136814992
137308574
134949565
136247659
136947713
136640551
137375910
137492779
135661029
137436625
136589976
136497565
135236085
136809970
136786871
134057272
137499158
137191277
136710112
136761122
136791498
136989525
136540772
137112414
137184319
137487627
136476905
137477759
137254097
136595307
136789388
135610394
136761741
137487932
134704234
136687051
136407669
134300057
136725881
136479348
136398929
137118867
137510265
137406667
137301756
137154964
137414191
137070434
136346214
137254905
137321287
136733055
136920264
135897996
136730031
136381238
137122559
137167696
137372034
137495750
136837878
137188931
137242493
137311623
137112921
137302223
137150502
136776858
137120719
136995385
137283328
136223765
136689026
135408213
136960855
137532502
137355946
136511480
136735001
137318344
136502642
136740842
136835815
137389494
136703766
137159801
137128092
134835731
137161456
137418581
137271060
137144590
137516620
137528991
136587863
136783549
137277627
136194729
136591981
136698016
136756308
136717459
136702557
137203441
135374018
137332989
137269944
137138741
137503237
137194783
134004461
126070028
137401225
136492793
136228624
136909601
136072598
136690039
137416182
136778485
136627232
137107376
137458450
136779411
136827947
135096906
137167316
136262420
136907268
134977102
136769566
136463085
137523925
133146441
134525423
136884506
134503872
137527807
137289095
136158433
137490062
137255022
136818774
136114863
136575826
137100662
133806392
136752676
137289096
133183518
136669197
137444355
136734934
137235760
137293201
137184494
137474604
136893717
136898252
137106937
136799129
137093799
137121764
136853034
137249169
137209000
136806805
137359759
137351722
137205929
137168502
135927313
136966816
136495845
134942946
136648644
136967004
135774584
137212856
136942817
137216456
137067231
136975113
137083997
137332603
136670676
137147450
136806821
137519363
137364064
137441067
137493569
137159159
137449246
136964170
136963401
136643258
136958092
136552164
125345568
137486476
134371907
134735948
136908664
136801763
137035259
133258271
136813464
136982175
136920411
137380340
136893568
136602273
137496969
137188733
137513793
137413026
137094817
137415565
137154038
136421771
134833569
136758161
124544112
136992974
137184450
135649031
132989757
134977096
136715593
136843579
135268244
136386820
136578127
137077989
137427221
137366585
136592563
137001937
137397127
136634367
136499393
135196180
137054546
132177607
137527121
79382684
137447478
136983576
137069378
137528175
137026633
137329375
137107789
137038163
137271831
137079503
137039941
137249387
137246716
136854522
136641315
137075907
137331138
137538774
137358204
137097896
137093272
137475152
136901405
134906321
136780747
136742779
137209940
136859305
137469515
137544263
137370098
136906429
136939612
133535059
137515399
136833377
137146445
136214014
135221422
136522527
137305712
137199437
134265169
135884983
134337922
136986836
137150343
136929432
137449311
134152014
136569558
137186356
136531850
137268301
137364010
137115437
137448596
135046616
137481959
136602232
136661874
132116734
137171680
137283989
137277940
136593497
137436090
136852246
131464984
137532965
136963377
137252236
136150446
136635609
133592357
137117830
136140690
137121383
137011245
136682886
135391318
136594278
136652865
136991132
137016460
136589040
137526108
137315791
136603614
137048549
136883174
136540817
137167317
137296372
136782742
137215108
136819135
136479190
135697814
136603511
137443384
137080130
136987294
137532235
137055688
135553337
137084854
132824894
137214911
130452681
134790860
137380417
137212576
137129469
133035270
136558908
136629413
135503459
136088401
137375501
129258747
136561062
137310979
137362262
136527179
135225572
137155157
136551146
137391436
137453601
136567227
136834658
137525083
136195894
136590496
136296223
136978135
135936315
137200864
137306295
137363351
137043796
137127205
135875718
136988619
136667290
137279685
135446648
136792799
137535858
136597970
137060943
136810967
136990648
137142102
136501269
136862018
137281580
137396351
136599015
137418024
137200640
136804392
137229320
136667076
124332948
133091643
136828121
137016471
137107319
136534611
136099146
137356756
137122030
137436564
137189023
136400137
137387901
135961276
137519864
137199443
135997898
137535062
136320140
137490846
136951486
137330685
137483103
135898357
137533037
136227872
137509163
136613336
136681713
136778569
132076403
137368213
137093035
136863412
137251392
136622960
137239232
136478068
136090253
137039683
136743064
130452907
136482043
135892064
135416364
136405560
136596947
129153984
136461694
136388346
135441732
137116164
137461965
137506311
137105443
136678518
137466591
137164898
136704674
136690560
135755781
133774077
135679111
137076039
136227357
137014541
137443619
136077097
136809820
137199881
136587971
137178327
137439673
136978513
137088620
137416183
136797717
133373607
136981929
136963102
137142953
131461548
136617798
136493779
137075904
136498021
137213863
135920576
136886819
135753018
137286976
136857893
137522686
136169793
135907488
136366397
137046509
137366289
131981968
137532784
137362759
134694744
136599160
137163752
137001611
133436857
134008832
135610492
136774931
136779791
136873145
137002152
136600394
136327107
135276475
137144220
137197793
136784911
136808485
136005918
136054926
136930708
137422661
135491723
136228362
136655181
136632193
130817956
136834035
136883561
136192762
136970041
136822224
131604269
135592428
137257863
135943401
136876697
136964028
136581062
137351270
136731622
137452792
136103941
135203369
137145128
136735213
133284752
133216071
136872225
136901496
136811074
137143786
136704886
136434212
134027001
136705346
137250777
136768283
135378964
135830927
137184567
136962850
136578913
136339669
136584691
137123730
136550205
137117820
129255109
137472741
136991007
137448529
137545842
137435084
136391093
134583818
136403510
136540868
136590096
135821665
132427246
136323551
137369899
137380227
137245518
137485420
137144665
136967009
136220515
136604371
137510124
136998998
135562865
136627245
137186334
137472518
137336605
135836966
135703612
135195640
136434473
137199444
136015082
137537199
137530615
129949294
136808804
134880451
136416515
137445278
136443456
136668013
136533837
137312243
136640531
134978700
137246447
135253478
137029638
136946008
137508983
136714518
136527460
137199852
133911968
136842716
137107612
136466564
135900747
136694555
136028163
137382071
136590972
137301089
135183677
135815384
136503629
131527723
135765951
137460925
137071615
136807129
131527797
136375446
137541608
136548340
136704564
134219460
136735912
135204879
136214465
137080333
137329656
137327396
137520790
136536709
137365551
136955409
136171351
136670820
136567950
137047047
136805821
137087819
136568277
132456672
137199818
137071878
136538422
136938535
136974801
136289305
136665942
137364067
137088720
137492935
137031769
137412158
136221270
136705304
136734544
136690165
136580130
137186735
136581133
137175529
136831440
137494595
137367086
136680052
136470549
136095907
136617997
136898040
137460928
136172250
137329609
136862872
136607610
136643743
134536439
137441174
137155541
136608029
136631515
137352880
137442546
133709353
137073974
136525009
136675527
136839019
137266761
137465637
136591851
137476797
137214548
136998753
135949317
137266860
136404130
136890845
130090448
136124439
137241962
137067858
137069297
136609773
137066526
136997488
137086667
136778418
137206241
136773137
137452238
136264797
136933266
137193166
136558931
137239217
136628016
136813279
137327108
136092336
136963487
136496587
136977044
133054220
137160956
137491977
136746456
136795087
136242320
136734991
137303578
136532862
135662153
136476903
135860437
136382604
135469867
135892749
137361125
136761919
134300055
137294771
137204521
136816984
137357461
137483701
137256606
136503955
137446772
135193211
135273928
136438383
136920211
133827595
136163242
135622337
135942433
135466107
137316489
136589348
136564617
137308283
134368213
137516876
134368143
136807440
137368199
136920447
136889457
137245319
137435018
137327470
136243155
135476145
137377504
137343694
137548269
135849212
136748467
137254208
136374571
136981464
136996447
136527092
137136115
136810834
137517020
137181616
135996608
135480400
137235684
137219421
137296067
137201140
137109782
137205666
136818039
136641199
137531763
137046038
136887780
137530136
134886549
136657700
137250271
137127629
136182307
136675752
137445827
136887899
137531505
136459818
137318540
137199433
136776225
137006304
136815336
136567718
136790038
134308581
136609745
137437346
137358101
137083107
137321169
137011256
135645540
135526816
135368167
137259299
132447289
136577570
136496104
136188675
137498355
136832222
136551988
136705281
137206745
136675069
136628090
137358861
136823801
135759049
136885579
136483724
137041214
135016296
132729921
136834905
137290893
134712928
137250178
136543648
136893126
136816386
137364378
137221640
137315354
136390079
136769812
130758104
135900624
137001492
136481250
136550900
136141335
136178912
135834351
137448992
137433008
137270118
137195143
135219057
137521324
136063503
134521335
136904415
137473197
137145269
137051049
134975751
137390415
136609978
136511493
137312704
136288621
137157392
136182893
131979777
137533688
136645440
137394311
136832235
137443927
136396707
134158343
137496524
136604774
137250255
137057748
136995549
136640777
136767385
137197312
137053831
129967402
131992603
137317230
137519308
137408915
136598584
137011228
136600338
137213690
137391985
135690129
136680810
136486511
135949504
136287424
137493147
137166368
136649874
136527194
136749028
136526967
137391711
137280378
136902499
136863415
137197618
137238421
136577645
137538841
136691862
136578835
137050031
135481495
137342033
136907117
136599479
136964341
136646946
136896507
136602650
136909232
136996007
136502960
137328363
137243617
136473909
137189309
136608998
137375207
134246951
136512521
132774049
137437166
137512746
136676167
137470678
133753907
137206469
137345977
130231351
137289581
135613014
137097004
137160277
137071843
136901328
137216227
136735106
135916714
136404237
135178426
137197805
136547091
137103001
136579016
136833469
136705133
136998009
136495119
137128688
136655568
135160516
136996915
137139091
136735373
137129000
137017823
135350254
135514227
137008458
132527180
136991195
137189185
137509723
136606103
136964499
136500942
136557623
136886730
134379014
137258156
137253932
137445232
137313404
137283053
136957794
137436136
136925625
137184982
134303370
137329844
136694749
129263530
128760936
137486768
132418721
136598027
136604251
136907655
137023027
137371140
137540554
137203618
136886740
136847893
137269524
136892167
131444090
137187124
136554402
137419865
137496967
137502500
135255241
130161722
136510729
131296183
137035097
135769188
136918222
134804494
137507739
137206255
135826009
137072276
136494991
136452829
136601859
137527930
135829224
137292617
137533089
136989983
137296011
135480275
137356542
136597288
136591544
137056858
136716054
137162134
137199741
136802823
136995045
136983142
136857699
137064981
136696135
136775258
137489029
137307476
137052881
135417116
135774585
137086624
137438908
137535177
136811467
136809971
136884270
136805130
136631268
135179425
137445998
137452055
136414833
137440428
137426375
137496102
136722807
136583402
137532604
136957810
136904316
135462055
137431702
136906868
136992584
136881624
136957224
135613961
137491473
137172277
135198268
136585105
135735743
137496635
136739122
137010526
136485031
134474991
136299408
136901356
137016412
137156994
134457581
132157922
137355953
136845001
136853631
136737068
132790985
137330305
136550496
137414681
136671893
133085193
134445390
136368830
136903466
134275718
135182494
136916010
136851914
136656588
137350978
137266623
135787156
135794098
136988526
136882266
136299670
137032609
136651387
135893179
137071666
137315360
136491725
136812402
136340788
137532759
136745171
136511938
136447736
137110059
136702420
136816126
136457848
135841438
136737820
136809470
135659279
137151051
137245039
136998285
136906783
137122455
136811144
137027884
136556227
136034125
137080414
137316358
135679129
137333290
137516518
134896866
136855406
136637360
136895619
136646315
137353378
137094010
135836787
137371329
136639909
136994407
128968686
136118084
137046840
136980004
137393551
136913697
137250282
136901641
137416576
136900342
137161598
137452468
136883670
136797388
137259747
137401198
137247755
137470790
134870018
137106237
132893271
136855718
137199343
136844305
137534923
134918096
135792806
137361935
136610361
137446931
137383514
136975276
136886585
137488577
137550099
136822291
136007993
137260804
116747930
136783474
136774963
137044993
135832022
136638925
136631705
137022091
136675070
137139284
137517040
137262152
136906967
137048146
137238500
135774112
136723536
135692834
134267682
137356825
136305196
136244883
137484086
136883168
137025966
135714033
136548339
136624409
136892429
137048869
137257190
136343098
126818619
137270066
134670074
136199617
137458753
133852237
137254210
137127128
132830955
136320758
136958961
137326453
137267692
137026153
135788357
136739867
136666903
136745189
136536115
136538634
137549577
130452664
136505944
137368555
136722848
136525572
137542425
137518556
136927567
136729666
136498921
129213374
136608827
131535178
137231250
136623742
136914452
137254449
135237364
137415669
137005143
136327819
137478070
137420484
136768519
135997906
137368940
136608432
137434643
136095284
137123702
132754104
136496162
133390070
136797516
137107874
136611404
137069627
136810052
137393237
136927189
135945574
136765557
136697425
136538604
137099937
127351844
137164551
137364020
137531132
136736609
137133307
135594146
137435290
136812758
136904170
136858878
136503035
137487293
136124463
137361090
132913470
136620230
131306403
137253920
137517878
137155151
136564684
137512084
137394280
137198002
137216059
137126740
136565497
137050241
137350355
129398706
137445622
136999746
136918995
137322475
137245238
137435411
136681875
136712610
135229452
135022988
133220224
137016452
137524259
135900623
137245082
131290908
137207776
136979888
136998495
133735969
135304291
136535410
137360027
136201897
136852620
136677598
137548344
136136847
137316099
136710547
136896765
136391587
136582952
137171638
135763765
137098589
137394190
132001387
136750549
137016436
136926671
135834160
135845283
134986237
134044787
137160577
137321985
136687388
137350957
136770915
135188561
135039168
136855790
136566379
137439094
137046048
136996709
137201644
136577589
136654716
136893191
136926417
136832504
136883783
136968496
136967408
137476700
136184624
136649391
137527061
131668022
136851224
137187231
135670466
136792634
136067987
133749556
137077083
137306575
137412159
136813933
133997958
137063335
136745759
137227156
136695676
136882142
134974540
136426191
137097255
137094014
137196750
136810727
135766322
137539186
137462529
137252066
136465971
136494841
137480577
136879371
137526115
136127147
137527751
135718592
136382580
136001439
137388776
137127691
136760510
130995637
133193999
134012898
137167318
135586969
137395636
137023048
137171007
136555300
137246128
136836109
137494786
136564681
136559184
137500005
136999870
137364439
136575186
131557034
135168142
137481226
137238302
137071695
137199141
136556462
136604859
137175880
134524772
136768111
137463170
130453460
136777884
120854537
137155152
137043424
136163004
135552312
131532056
137364040
137307434
136799383
136314969
136108492
137393604
136902546
137374999
134529634
136611148
135212989
137092510
136534381
136859132
136646228
136717134
137052061
137429482
137011238
137216935
136557950
136923860
136961613
136583765
134203276
132536154
135493005
137294506
137279710
136185340
136920739
131529487
136913547
135594140
132070206
136461449
137200627
136911314
136770086
131745812
133404536
136939845
136724075
136492790
137297726
136654807
137362527
136511516
134342540
137369081
137344445
137419680
136730342
137406956
135009980
136938300
136374597
137252556
137095183
136318966
136983998
137312888
136120451
137349298
137097686
136324100
137006537
136639683
137471430
137386476
136823244
135907632
136293571
137370741
137371661
137046238
136692715
136854549
136497411
135889296
135297059
130961094
134108317
137511851
137196205
137095739
137158045
136610195
136837902
133517090
132122145
136582402
136533503
136986100
136095950
136483541
137462131
136894966
137006930
134926181
136293043
135174044
136859791
136943414
136144997
136776634
135545824
136694387
136905952
137523333
123362799
136924158
136023063
135716446
136679761
136736929
136920510
137445788
137544533
135557341
136705350
137457745
137512281
135718358
136242204
136916809
137518047
137544870
136668520
133291633
136572155
135738812
136072453
135639865
137152823
137100487
137376111
137005911
136550460
137296224
136770148
136796779
136503081
135489125
110755197
137135287
137513068
137369547
135219280
136951628
136138183
136723421
136815526
137098112
136590197
136622729
136075501
137312258
137355630
134470267
135610648
136356322
135487457
135662749
131975561
136891203
137044019
137083253
137161403
137002603
136477426
137098179
134648396
136898865
136504750
136359844
137325443
136905263
136499120
136470747
137022055
136546423
137023031
136513091
137521137
137490541
137489805
133804565
136838009
137049752
137294795
125501552
137435507
137157184
137069982
137514409
137384130
136789251
132306400
137533142
136670282
137015649
137348451
136830320
137066877
137532490
136701921
135439023
135509577
135552565
100401905
136676391
137363296
134558949
137506754
137473907
136530687
136855345
136825709
135967196
137306716
137492595
135366056
136856044
135646232
137233410
136075717
136481468
137515761
136240971
136984767
137208988
136575241
137506677
133948123
136964287
136966861
136671372
137526660
137059980
136803465
134648243
136976323
136907913
137128492
136516393
137442026
136503115
135158219
136639245
135421471
137240038
137256180
136811533
135923569
133545965
136894147
137493015
133023707
137221774
127190969
136554631
137512554
136480093
137179771
137055994
135519325
135198019
137065980
128658597
137270211
136655184
136538666
137266850
136295182
136593372
136798365
136641778
136326670
136875860
136576932
137167049
136714096
137167026
136985597
136242345
136962593
137189560
136566566
136611164
137371323
137371335
136855549
137003188
137357213
137391939
137341622
137542441
134784237
136179920
136775365
137305937
137437170
135981575
134537111
137184544
136602701
136650711
136688493
137294326
137154378
137201427
136657534
114811554
137219730
137219128
137391789
136959081
137002142
136217981
136788334
137119990
137180516
136920138
136975373
136668051
137192471
136519978
137076707
137266611
137170250
131217125
135009199
137145950
136677638
136636267
137491908
136867226
136672837
137422409
137053222
135699439
136735602
137539834
137067897
137474495
136722977
134254417
137370847
136356213
136500750
137219926
137504617
136512462
137223850
137201470
137044829
137399401
136709822
136811923
118046480
137127212
137369380
137481273
137432634
137317637
136852132
136421375
135932352
136493586
137087937
136735772
136407776
137130658
136956596
132205872
137104526
136624580
136928996
136977421
137438563
136414008
135728416
136893344
134198291
137008422
136894101
137507496
136953676
129860026
137258189
137499738
135471668
136259279
137258054
136504578
136914320
137223797
137393477
137461358
133880107
137110250
136739437
137248434
137124631
136883468
137097120
136734938
137300345
137352674
136983941
137471019
137397873
136952440
137509725
137416815
137394480
135348208
137029089
137441443
133356402
137132226
119268198
137058823
137181683
137252547
137254188
137138744
136898833
136777180
137202920
135923965
137187302
136311821
133781140
137112998
136592663
137441499
137038616
137437185
136475168
137425857
137051648
136542890
136575399
136547102
136475966
136192956
135583890
136929825
135889604
137530287
136671306
136556373
136522108
137242439
133045237
136808766
137239251
136735635
136818453
137199115
137510058
136689348
137126995
136553782
136857419
137074813
137468063
137394333
135511184
136667570
137103315
136341490
134514926
136902564
137058334
136264937
136384233
136996779
137093570
137201843
136744900
137532740
137041717
134929952
137247449
119427120
135784418
137206774
135878058
136810316
137492997
137225534
136567709
136931411
137155177
136951457
137071196
136511508
136722461
137199862
137512433
136008558
137473840
136794354
135760721
136632407
137064001
137020201
137117693
136968135
137010423
123438021
137371333
137266889
133895420
136487966
137241092
137266851
136796669
134337981
136807465
134806955
137354954
136780503
135561459
137150400
137363982
136532286
137349012
136551944
137307957
137039246
136758548
137358685
137159688
137444293
136682647
137122505
136298670
136581338
136606742
136967144
137123562
137127627
136250806
137068945
134265283
137071582
135305202
132340311
137289097
136643972
135779514
137293118
137197649
137299747
134509582
137071126
133477098
137072291
136930283
136472876
136149453
137517830
137355505
131134720
136715592
136706511
137046323
137057247
137222482
137271002
135849006
134883221
137528130
137191565
132917773
137442816
136554418
137364082
136647063
137061983
137307569
137296492
137055314
136637663
137238633
136881121
136682912
137292183
136617793
136593424
136635688
136670387
136480075
137460134
134156383
137463061
137533428
134371795
137486244
135440659
137528370
136228526
136979272
127837288
136831563
136612073
136890927
127330812
137242287
136258785
136608926
137411237
136555295
136600146
136566843
135588762
118990654
137393659
137453187
136872385
136725099
136550529
137110241
135441196
137367500
136775302
136693380
137171714
135433274
137329907
137003719
136855098
137185618
137151149
129746130
137234291
137369158
136647985
137112360
136740745
137166427
137184656
136807941
136619708
136635942
137329430
136762042
135658879
136962286
136176600
137233466
136767772
136892412
136903158
137547943
137018834
137142090
137317050
136823446
137200404
136245081
134874031
136735907
137080128
134337361
134581681
136483397
135557343
137534335
136562214
137289271
136558155
137419079
136705495
135711497
136473409
137127042
137513769
136542774
137491301
137429032
137006493
137092860
135708349
137308677
136530509
136107496
136412101
137235607
137447838
137364203
136375063
136597243
137266753
135081956
137366121
137535702
136832800
136510978
135164920
136908247
135651580
133259823
136406452
136545293
137376485
137073320
137530947
137254011
137209954
137119265
137444616
137358653
136995222
135083998
137136757
135253888
136872453
136891772
137047131
137284063
137537436
136951160
136961121
134974535
135960175
137073981
137419973
136828600
137407943
136754424
137148642
137253337
136855689
136703748
137199866
136422939
137452127
137492570
136688482
136640362
137359402
136487284
117104666
136034001
137296594
137121356
137073206
137540455
137418269
136646329
136947079
136855987
135577804
136882372
137207341
136703693
137412078
136787301
136578667
136607860
136763974
136498535
136434246
137246911
135844985
136611390
137067385
134298718
136704681
136501433
136893117
135523439
136876947
136656553
137438741
136364461
135722123
137177175
136710195
136590145
137192200
129340117
136904124
136898588
134434916
136638284
137287444
137118880
136826089
136990756
137071697
137384863
133063670
136772201
136601923
137415777
136610663
137049866
131080399
137216258
137244453
136876647
136403863
137268781
132189344
136977388
137058922
136538717
135517562
135827964
135882662
136744929
136516185
136094752
137495132
137093121
132975355
136552864
137344867
137194844
137377909
136982174
136854468
137188227
136791757
136832639
136721391
137232496
136186840
136939456
137515802
137431077
137523904
136778352
136666404
136655090
136472375
136664849
136647210
137407983
135781748
136865682
136373759
134061410
137272593
136387918
137205584
135020537
136808598
137035200
133759315
136538280
135707991
137110235
137499007
134984363
135041481
136913942
136740738
136534555
137257990
136998006
131582776
136095000
137180125
136980368
137408518
136853498
136622527
136087631
136907273
127806043
137306503
136568919
137085034
136923085
137295771
137482600
137057744
137235619
137155654
136795995
136906963
137381392
136900672
136668007
125323941
137191366
136558915
135020251
136771806
137023106
136886844
136967738
137481967
137414312
135861412
136892888
136729090
137472766
136877946
137363710
136754981
137472238
137334929
136808999
137229216
133856225
133220965
135716566
137319200
136550527
135473066
137269627
136830603
136761739
137039635
135547320
132335105
137465828
137054274
136664481
137513500
137417422
135686858
136967686
136899739
136554515
137187241
136528611
137050048
137485696
137374310
135928869
137312342
136773209
137490499
137031628
137067553
135186172
136761833
137513770
136889294
136169829
136632159
136889714
137456981
136591857
136485996
136752854
133549548
136036528
136371715
136727637
135385587
134870194
135786715
137463838
137104455
136986573
134461206
136546811
137452178
137446644
137447090
137474247
137157362
136061894
137087164
137524983
135288634
137362004
136657519
137020315
136602496
137242551
135022691
137331328
137138813
137121503
136414205
136595257
136320625
133659964
136743007
137258729
135933754
137394705
137393616
135780996
136710537
137296871
136548007
136744066
137146389
135757513
136490704
136741108
137293018
136918298
137423367
136864899
137115424
136716145
136676753
136921778
137055657
136637139
135918010
137069125
137318876
137509319
137298276
137437469
137474647
137493391
136773526
137429811
137424748
135198713
137085700
131943198
136593783
136797047
132378188
136759582
137316485
137468988
137151627
136912286
137373991
136964820
137417179
132275023
136563304
137417857
137049353
137354813
137122685
135755239
136888015
137513827
136636217
137163803
124936036
136791237
132259808
136453800
136959761
137332320
136610885
134059985
136499381
133469942
137510264
136926670
136725466
136882267
136482147
135543787
135561488
137338176
137267390
134279010
137415479
136848811
136976877
137072824
133348816
137530598
135174040
137443398
137172798
135419138
136609053
136494302
132078147
136811624
137100671
136895376
136860911
136468562
135845272
134895501
137266767
136930478
137055731
136922096
134477540
137445952
137182252
136662344
136960410
136602870
137523668
137187711
129286656
136559398
135644599
137022113
136670379
136583838
136531138
137407030
137492503
136956030
136995721
137095636
136763591
137501003
136547522
137004862
136809881
137481736
136865753
136557515
136516710
136393642
137380148
137329439
137052924
136546771
136939429
137034547
137294027
134904349
137194604
137371359
136096045
133759312
137502061
130935753
137485742
136792957
135276474
136774111
136790864
136802245
137142151
136295829
137535291
137516214
137409273
137163278
137134582
137379968
137171915
136742134
137330242
130452742
136483573
137455527
134365065
134544429
137527786
137506304
137253902
137323178
136843001
136722232
136807382
133176488
132397480
137386372
137406361
134498045
136692200
135239628
137383420
137153190
137416516
137531339
136886774
136552225
137294451
136872286
137245773
137328302
137189115
136593906
135423413
136812729
136896139
137440371
137204195
137534951
136740224
137380602
137448033
135609338
137372206
137282373
137108315
136878588
136967466
129083789
136511477
136551300
137048754
136682852
135422254
136741089
136819187
137364021
135851470
137083650
137057348
136093787
136556628
137496148
137269945
136610851
136488112
134618325
137320199
136978449
135998933
137313070
137303131
133259917
137452482
136677872
136063717
136832246
137212441
137148883
136077644
137110925
136551293
137493282
136690110
137369129
136126626
136927299
136030379
136504572
137009831
136464752
136903454
135940772
136898546
136960926
137469850
137373111
136550481
137446284
137048497
136671494
136870426
137221695
136521097
136882476
137217133
136522573
136895774
133192123
136864241
137250957
137349384
136160169
137066149
136681012
136878812
136745494
137152874
137000585
136961514
132979875
137220113
132837744
137312805
137123189
136716377
136606917
136670605
137101994
136912159
137210871
136743163
136967007
136939551
136633444
136639236
136928357
136793723
136493432
137150037
136885686
136992412
137111674
86043215
137496957
137499330
137062450
134859593
135786429
137510268
131301285
137187126
137112084
136724484
137486361
137061237
136353013
137176605
136008183
137376025
135820130
137275158
137293404
136833142
135738243
136849849
137259009
136788337
136607220
136863632
134383079
136502463
137525106
125687193
134707088
136622902
136678925
137457778
137016432
137460941
135541434
137493192
136774076
137186090
137379564
136812951
137433922
135923797
137502464
137022105
137446216
137076065
136501589
136987854
137294999
136176420
136949605
137540094
137015204
136137854
136990727
136789420
133055688
136919215
136498565
137003937
136967349
137027965
136694765
135992163
135687483
136985001
137496550
136543165
137066881
136726884
136878875
137493901
137369401
133481023
136760863
136855580
137100879
136680956
135911807
136203366
132129857
134704074
137409284
137149223
137141990
134496768
136735410
136858309
136807470
136513346
137110572
136790508
136825808
135872606
136626340
137205719
137433981
136997481
137239815
137366989
137495255
137113302
128574297
135031896
132225872
136480220
136807582
136482495
136892187
137532851
136813461
137245376
136963483
137312898
137068624
137448447
137518989
137156709
137072648
137095920
136631331
136796008
136834198
136620771
137414480
137101018
136521998
134519470
137209003
136242846
136742527
135207373
136628854
137526912
137157316
137522125
137103119
135173973
136632838
137065012
137047102
66818306
136981713
136889871
136508459
134151107
136977390
136789652
132847958
136352155
137510600
136853594
137188842
136079467
131798277
137441207
137233038
136683366
137199638
134377242
136385069
136583569
136851903
136728367
137371336
136869747
137302912
135078614
137139350
137467747
136795248
137284012
136826693
137101013
137221470
137056767
136539123
136923658
124885004
137432430
137447723
136687700
135348224
136469471
136678483
137136508
137299872
136825688
137477800
136584331
137354148
136873550
137022066
137204766
137411841
137214010
137547901
136321879
136888827
137550406
137237197
136993596
136703496
135716911
136714291
136418188
135267548
135793537
137549544
136987450
136917463
137168739
137336398
137054679
137359856
136198355
137461160
136893346
137517529
136300070
137150047
137067690
135884218
137531708
137149454
136646335
136489655
136666754
136818759
136610469
136807738
136822996
136210400
136785240
136554256
137303286
137233722
135691121
136905117
137097142
136978067
132191836
137037481
136371528
137009971
137181949
135844898
135511182
137153962
136930327
137408739
137315567
137111030
134511368
136481988
136402523
137006279
136739720
136133813
136639305
136864088
137509546
136442761
136695458
137018537
135712823
137276787
133661297
135129162
135997343
136713120
134890639
137340819
135201913
137244087
137315621
136590380
137077076
136995602
137545574
136628335
137016463
137417679
137127043
136592421
137166190
135367807
136414702
135141163
137526079
136672091
135885280
136783949
136447088
137352828
135354614
137022127
136483201
136027471
136667859
136974963
135881113
136616402
137069454
136625831
132660848
136651055
136629819
137003098
136341995
136688193
136694347
137245472
136785655
136956255
136533447
137066598
135704440
137378796
132917769
136661821
136881306
136841965
136207017
136774593
137518049
133850959
137323559
136559910
137151509
131794453
132790982
135759803
134150404
137527969
125470372
137197772
135941821
134278872
137167566
136666317
136598113
137293295
136626881
136585035
137457730
136601602
136669016
137522081
135744290
136126658
135051896
136989962
136036863
137441910
136576774
136184553
136230057
136864242
136665925
134793301
135314956
134705012
136996786
136547436
136969838
136718345
136787507
136601564
134881112
137022046
137160385
137134104
136495478
136994706
137232047
136859299
137161016
136935946
137162763
136991782
136923421
137299679
137456693
136979962
137159957
137447127
135174046
136811922
137218138
136782716
136581708
137227414
137052876
137441284
134864818
137151917
136775722
133518402
135377424
137085518
137472490
136741833
136595743
137378464
137492999
136963176
137368145
137297810
136683488
137545123
137372485
137251539
136664848
129742936
136883737
137424188
137071400
137146403
136690049
136763955
136652080
136497932
137305927
137452229
137360081
137418639
137331355
137114801
137378250
131983737
137086391
135850848
129879854
136556293
137348664
136882598
121318270
136405427
137383793
136806534
137348718
137318890
126870252
137438328
137280987
137494306
130203329
136566533
136906517
136070262
136480147
135262692
137371806
136413404
137489494
137525232
137308963
137187004
136907266
137521125
137094751
136350351
136488553
136741063
136682533
134701284
134967301
136620106
137002533
137068847
135890767
136963204
137388924
135228654
136769970
136536781
137357569
136818931
137038987
137496257
136995302
136625526
136592737
134426315
137067519
137167162
136750260
134693744
137368135
137056154
136740749
137430354
137510416
137103772
137452429
133604703
137519558
136490693
136596175
136702570
137180451
136491000
136481715
137151531
137187710
136790433
126449483
137482649
136285165
136806177
137023069
137100948
136650354
136255680
136454023
137313434
137196257
136502248
137369734
135321039
136956557
137242055
136696313
137414288
136918286
136803150
135649189
137123656
137500330
136838650
136940053
136889376
129928386
136991371
135680732
136640363
137301786
136477162
137372147
136842086
135709410
137362867
136728723
135264332
137252316
137519223
137519740
137524977
137097448
137185189
137046634
137318231
136791893
133890878
137380357
136909252
137383575
136322325
136240342
137259169
136486880
135696242
136113072
133995944
137148293
137115330
131941332
130782044
132069903
136841691
137549486
136739882
137539073
136303635
130006279
137201720
137156741
136877794
136499156
137497489
136766581
136437641
136659722
136901548
137184617
133367388
136825209
133511671
136651761
137353774
136704513
136489746
137266613
136485513
136910151
137258887
137016923
137147157
135051388
137364008
137251670
135902999
137165661
136974721
136499690
137251869
137258006
134525140
136834594
136957579
136889169
137255300
137088919
137354677
137306586
136917687
137517532
137351871
137044353
137123648
136578446
137216853
136474847
136090182
136537451
136661810
135902926
136905029
137095214
137428915
136554447
137461513
137116585
136790666
137147091
137099215
137164768
135871062
135885680
137443581
137522991
135781456
137197613
137105217
137033026
136563035
136238602
137085637
136977113
136863721
135695627
132942447
135854709
137492270
136893609
123688996
137119057
137364392
136543137
137141069
137044598
136822497
136616992
136603582
136036130
137235016
136903897
131821613
137341875
136657525
134517034
136994263
136563378
137024357
134511079
137474440
137199434
136881309
135556001
136724207
134584370
137214064
137170078
136829217
131811489
136960431
132774852
136810426
130452908
137266874
136704333
137518080
134067223
134660408
136538283
136703569
137252645
137155322
136692972
137068820
136089671
137168782
137249783
137203612
137186510
135512500
137419047
137041283
137545650
137526541
136671449
136769825
134281226
136630347
137492934
134332446
136311467
136799672
136347072
135594141
137527384
136699213
136072542
136953520
137219688
137301848
136940453
133910539
136955862
136703401
136739726
135779530
134654218
137153533
136920876
136733540
137154823
136723453
136783478
137033453
137348343
137116292
136795016
136229709
137144663
136312172
137107410
127249684
134559874
137215520
137232292
136800963
136892655
136811606
136675584
136158955
137204177
137327662
137108035
133320591
136413913
136878008
136989046
136713350
136502666
136180981
136756100
136409543
136707004
136061734
137195226
137156218
136167802
133991991
137246659
137276767
137038744
136769719
134233623
134828609
134471613
137436212
136749999
137037888
136254723
136324492
133260861
137327960
136126447
137171801
137210514
137067477
137298486
136799183
136591635
137364017
136583457
136734201
137531358
137152825
136546929
132140821
137292235
136954758
137058682
136504583
137016430
137128254
137352607
136771922
137235937
136897362
136823353
134337941
137255901
136901954
136595184
136962824
136594367
132425512
137319964
131030079
137330394
137513731
136741030
134764505
137440325
137356461
136771809
137208076
137513762
137096539
136341544
136385628
136796742
136634171
136649676
137294565
136673803
135988108
137077314
137255857
136851279
137206824
137357266
136568598
136910247
137312098
137107351
130995640
135216849
135828449
136839878
137496954
135187573
137129832
135928125
135936089
136955310
136535354
133130341
137369623
137437214
137127676
137333025
137127199
130973068
133147563
137500127
137370957
136578788
136239223
136818963
136534359
136705299
136878284
136069904
136767862
137090859
137091596
137196956
137064571
136916804
136245537
137425744
137103438
137221254
136786646
136991305
137116617
134481601
135903645
136659620
136987456
135158214
136711629
137514511
136135335
136797961
137002675
136008992
136481174
137027679
136874360
136904597
136992530
135491718
137316006
136649899
137467051
136216227
137246718
136560366
137221233
133785794
137437628
136987540
137426219
130312841
136784721
136824497
137251051
137082051
136533499
137486739
135987537
137092637
136477112
137249779
136566546
136482496
136544080
136926717
136799646
135193832
136094246
136492526
136955503
136639695
136551292
136950231
135363052
137062156
136308904
135631346
136599013
137151646
137321090
135236457
136615935
136489349
137518278
136480935
136369826
135245059
136648181
137216259
134077387
136600126
137483810
136704022
137139083
135531943
136640941
137234301
137521671
136161516
137473243
136792724
137335464
133461988
136984478
135813833
137070354
136958120
135467050
137150040
137062826
137156735
137473692
135623018
136890609
136607867
137083602
136641694
131542502
137127619
136550342
136810970
136483435
131501846
137010029
137449509
136823545
136596919
136029950
137011569
136543693
135713720
137229291
136501065
137105309
135823879
136544413
136465203
136203714
137066825
137205403
130785546
136734988
136913192
137465433
136550189
134866403
136675983
137153707
137190208
137295735
137363437
137395480
136007647
136800886
137216886
136689175
137004706
137493976
137480498
137032795
136992915
136867609
136060546
137362916
137324370
137359876
137071611
136823962
135610507
137202322
136905529
135660520
136292640
137211648
137237752
137441091
136998439
137071297
135512809
136799393
137491942
133234122
136432869
136772650
136551281
136356809
136838861
137419287
130961091
137101998
135743461
136375897
137241675
136395768
137524246
134654745
136540555
136794030
136705988
136506273
136587732
136074935
137001527
137456751
137388042
137144531
136890732
136782493
137527035
136965072
137166387
136988994
136531899
135784205
137418139
137048467
137096542
136723401
136770801
137033549
134053112
136589581
135713553
137120715
137239864
136491535
137424352
136639249
136326119
137089526
114811435
137134776
136610913
137124247
137231083
137077023
137538277
137402206
136927190
137420916
136670392
137266854
137112077
137022052
137153358
136702743
135979559
136716307
132198537
136564679
136643374
131300487
136716803
137497687
137103795
135203712
134772804
136579017
137526029
135818149
137127204
135903699
137232471
136772567
136714088
135984581
137528197
137047875
136651478
137085268
136442785
136864249
137313423
137143045
137466699
136725558
137257419
136903789
122048324
136961003
136908149
136737197
137504824
136566561
136091023
136634597
136772069
113322618
136930025
136918232
136832467
136958240
136422627
137242974
136990963
136179961
137366741
136680339
135688100
137430891
136696005
136277256
136905655
137491465
136434735
137242233
136574779
136624724
135309396
137538880
134706561
137342712
137200348
137475165
137425889
136985235
136905777
137066469
136504545
136609559
136162052
137203128
136856622
136649654
137092517
136914545
135993110
136479258
137252406
136164511
136580665
136235137
136887449
137313677
130252177
137520209
136995341
137051885
137185342
136641269
137068279
136672608
134656785
136675211
135702796
136171186
135326632
136628340
136962289
137531889
137270133
134672077
137494521
136953204
136864900
137233459
136888198
136875312
137251161
137437384
137100683
136791577
137271154
134817492
137523430
136201397
137453541
136766838
136718281
137441418
137239045
136822392
137415858
135067048
134649039
136482273
136640934
136768914
136882622
136878914
136442172
137473195
137460996
136546757
136742318
137098407
136665404
136864141
137256290
137509093
137532706
136923148
137174445
137266584
137419489
136101596
136668473
136840411
134977097
136536686
136938685
133014819
137242977
136719572
136583734
137302959
137145646
136544933
137111483
136603259
136667852
136926563
137266834
137321132
136176829
136368707
137300312
132962846
130995647
137459714
136989985
137185995
137307903
137444818
137213683
137056361
122025348
136087898
137249942
137102108
137319650
126059414
136705869
136966880
137003271
136792655
137023050
136965074
136477734
136874839
136623537
135426706
133712103
136885034
136701322
137111849
136139881
130685497
137195891
136246138
136487932
136792026
134451945
136786497
136354846
137311350
137176802
137305475
137274356
134515850
136595812
134808746
136962428
133268003
136046372
137095652
136604893
135622157
137150029
137003651
136796005
137095735
135542085
137369699
136705638
136326767
136833075
132291330
136566356
136921447
137368229
137226187
137375999
137264201
136703218
136780368
131529505
136593678
137270605
137489825
137383166
136869208
134383154
137481878
137075905
132721868
129509510
135712683
136646435
137221131
136325701
137266782
135020422
137255559
137394503
129951973
136775427
137511710
137053247
137016441
137045221
137311827
135695767
137428903
136922097
130427501
136535763
137488715
129883078
136881717
136624359
137199427
136672399
137210401
136689066
130328767
137490662
136657499
137238386
131239133
137278233
118704925
133500815
135709366
137469769
137496058
133101667
137495282
137438895
136742277
135603933
137432793
136791501
136798198
136801910
136650811
137181417
136087141
136921829
136929442
135485774
135371908
137123787
136646267
136141665
136417460
135869301
136786854
136591381
137051594
137117840
137000633
130452847
137297737
131409985
137064805
137117364
134850955
135140366
136776051
136121399
132164510
136504388
136636249
137137753
137510791
133759313
136628002
137108920
135818689
136734525
136812147
135898238
137236379
136217752
136716156
136781964
136133263
137281930
137547892
137192316
136285096
136670420
137522794
136621519
137217333
135347679
136851636
137434709
135358159
134694551
136498325
137251943
132405281
137361952
137513302
137425817
136579959
135288438
135781411
136689615
135901999
137211392
136586460
136565543
136689650
136759782
137517387
137492995
137516195
137155154
136505383
137213393
136734549
136616261
137520182
137159343
136874952
136960445
131451588
137351366
136895469
136591774
136825206
137089878
136980609
137422965
137001440
137472657
137022126
137462351
137137677
136442792
136245712
136537792
136684405
137037350
137176657
135524449
136810917
136235067
137538908
136652463
134754600
137154422
137443685
137044661
136687852
136704276
137132098
136989168
136839273
136580828
137233204
136810638
136888461
134212274
137326468
137089238
136806133
136321171
137166046
137453319
137223509
130350208
136485368
137309100
137511969
136596490
136505095
136792743
137190950
137533921
137206274
132341591
136547152
136904500
137533226
134103685
137443120
136502952
137424273
137436178
135380190
137057718
137168436
137037947
137342503
137158307
136833940
137220682
137363441
136297458
137518665
137535181
137517068
136913563
137044577
136915488
137101230
137419585
137040051
136671918
136259874
136807205
136858513
137100585
137492941
133529779
136766489
137121931
136351209
137300103
135113129
136442740
136918224
137453454
137151405
133400274
136627273
135326055
137253006
136860823
136862848
136778938
136463928
137000946
136636909
136785573
135469620
137238919
137128675
137047487
135033505
136832502
137343141
137167321
132288383
134177666
137435682
136592003
136611566
134800289
137317824
136416156
137147143
133995594
137170533
137240672
137530460
137294666
136917188
137355983
136918238
137107834
137385559
137334591
137051816
136990759
136974876
137174276
136537101
136593284
136993843
137479479
136739181
137357598
137142766
137409021
136853293
136761740
137161494
137312863
137160993
135752116
137511627
137339824
137241220
137207223
134537445
135901638
135560547
136968161
137354133
134896140
136564531
136394908
137282924
137441998
137328588
136606820
137476193
136549821
137358865
137440207
136641821
137465827
137394671
137538973
136926212
137199865
137342424
136442745
136776403
136882131
137184277
137241398
136690528
134807591
135759580
137476703
136594702
136497524
137126371
137227848
136624105
136069261
137244319
136540943
135744945
136678253
136990175
137357346
137534966
136591972
134839778
137004944
137492260
136313391
135562665
137342555
136678364
137549560
137250254
134574210
137025597
137210517
134989641
136810976
136501177
136631700
137302046
137148991
137221444
136013881
136897209
137518758
131729623
136582364
136608949
136591052
136641218
136536966
137407924
137486968
135788438
137047776
137420309
137292393
137364047
133753416
136397026
135216470
134174600
136416720
137511586
137444485
136153322
134697418
136871631
136533422
136791915
136536604
134198160
136928584
136964714
136583279
137382578
133294549
136678252
137345665
137022118
135935302
135509928
137221620
136852954
133363824
137045335
137129604
137219845
136544409
137059386
137498771
137314585
136740885
137376514
137044244
137294843
137287911
135780260
136622877
136778474
137524777
136801287
137441450
135967197
136486916
136691370
136770340
131975558
137354573
136641431
136790295
137238921
136621119
137105355
137466726
137270744
136967681
136651631
133189277
136375128
136927887
136705343
136207977
136539428
137501285
137444477
136951211
136771606
135349689
136853871
137041628
136996576
135506575
134403032
137372253
136925855
137486717
136143289
137207455
136165248
136724112
137390860
135699640
136602679
137442554
137121005
137487450
135732316
135300443
137288344
137531799
137147285
136488838
136834610
137006731
128875034
136674290
137194710
137318233
136403773
123288918
136651024
136994241
136840996
137006864
137352565
137506361
137436366
133050812
136534138
137316639
137244851
137023041
137436862
136809476
118225341
134816644
137533585
136784130
137548022
137251283
137048618
137514966
136764810
137100100
137351720
136586937
137466714
130452668
137003306
137008033
135481147
136447416
136547227
136761921
136619899
137198639
137127921
136665709
137108814
137194070
136847024
137195697
136738928
136499278
136740815
131532192
136967696
136543401
136701070
136947809
137168032
135484838
137412656
137355561
137109334
136511503
137063722
131979682
137053716
136643825
137187843
136554481
135631944
136943886
137215522
136961407
137379237
136064822
133032777
137375598
136499415
137075751
136985779
136835560
135879282
136165772
137169018
136954014
136442705
137387778
137233212
136551316
135586273
137311444
137150033
136491194
136548830
137520187
135860804
137298269
135996312
136471402
136410611
136992831
136827912
135511227
135474246
137483304
137335646
136802945
136927091
137365772
137191342
137534705
133657982
136180813
135928554
135821888
137146822
137320426
137075934
137384622
136202246
135455541
137258852
136867773
137241595
136903218
137494181
136943113
136816188
136477940
137311214
137516545
136667857
136964363
135491722
134548072
136956504
136482123
137064117
137317896
136110255
136539667
136097138
131039583
136700793
137029683
135783113
137304580
134966468
137008035
137304194
135945030
137254313
136609057
137380684
136076054
136867635
133437368
136249201
131388381
136712608
137091623
120929348
133730446
136164306
132774540
136591003
136969954
136705849
137106132
137532829
136559900
137003260
136500969
137437721
137194549
137118208
136923222
136697456
137349369
137449498
137071612
136681831
131748689
137339383
136484888
135872776
135528039
136916348
137110515
136870294
136732147
137199441
136990293
137308370
136607934
137048480
136876857
137300678
137549178
137524896
136882913
136547447
136119776
137401492
135194717
137362928
136829543
137156647
136806249
137525036
137352813
137190105
136906538
137094499
136416677
137169344
137473695
137172269
136656467
137063865
137308651
137159593
137083754
135624061
136565394
135128999
137093915
133504597
136807200
137136863
136250478
136892485
137467044
137449391
137047565
137165272
137159455
136705306
135739196
135050481
137112813
137549545
137329461
137376996
136162614
136493474
137153185
137484766
136856028
137317352
136202266
136182039
136344168
136585883
137478871
137306322
136997755
137512979
136743602
136958140
137445512
135226243
137010387
137492764
137477544
136308786
137379092
135870833
128956044
136991526
135690389
136543106
134155329
134307613
136794328
137174613
136865872
137110496
137329498
137245402
136536169
136549766
137127473
137309940
136884834
136902853
137064049
136787291
137113549
137199882
136855393
135561949
137326024
136830387
136801231
136433880
137209872
137485687
136295812
137483435
136902019
136650949
135982241
136420042
137412095
136649196
137328875
136587041
135967195
136532614
136355001
129615773
137197596
136830570
136244475
136126744
137240546
137460135
136085244
134880338
137452448
136994254
137299196
137314085
136497978
136595051
136958578
137157287
136982182
136926260
136414558
134043825
137364782
135737359
137314290
137120713
137248481
136260109
137042554
134904431
135553959
135587275
136653076
136955028
137384495
133442879
136475836
136644123
137417860
136723440
136550472
137527125
136178124
136312039
134255766
137360484
130471442
133877781
137140908
137069420
136974806
135396094
136655607
137371332
137345729
137518678
136957665
137372004
137072111
135884562
137083601
137249549
137266895
137530290
136242954
136569559
137075912
137422172
137313136
137468047
136598407
136654899
136201367
136856055
136838378
136765010
135938466
137283479
135932941
136847020
137532738
137105442
135613944
136986226
136771277
137379504
135995642
135525505
137082709
137248274
136562104
90599106
133043211
137200654
136531411
137153797
137077847
137266791
137221572
136504537
134089600
136540311
137365294
137291874
137137928
136877268
133364706
136885173
137138867
136721380
136661128
137422501
136904323
137134741
135698910
135601381
134432017
137200656
136631353
137067857
137522695
137064503
136720481
137349513
136636807
137055993
137523288
137519224
135154238
137087099
135553329
134830309
137336020
137106463
136962278
137499724
137022072
135739096
134291324
137312625
136697969
137427013
136572552
137151380
136843992
137092240
135544809
135280186
136884865
135758321
137458702
129637249
133360874
135896033
136770198
136544513
136828444
131434129
137096797
136688370
136689778
129940663
137174591
136774284
137438987
135982309
136538612
137096031
135842972
137452934
137418823
136758150
136655273
137057782
137445602
136081837
136570678
125949108
136592186
136324393
134880443
136727559
136568212
137541453
137219424
137215697
136461727
132726490
136859621
137242027
137258316
137547085
136216783
137527658
137378325
136813509
136806495
136824506
137294625
137326310
137368892
136491246
136675213
136669199
136296637
133983036
135985252
136886106
137547086
136730641
135974423
136865573
136332502
137011644
137025408
137052944
136922917
136922213
136607600
134642836
134794891
137519301
137220346
137538315
136313792
137141423
137218928
136032966
136848612
137283056
137484962
137478177
137055986
136957252
134185124
136638405
129768519
137082454
137269460
136551267
136838198
137051144
137046990
137110869
136212490
137128253
136827308
137499023
137525171
134086765
137395327
136470697
137187125
137251784
136550503
137154062
136670405
136592112
136905795
136958396
132653691
134571618
136585764
136790869
136638386
137352627
134303038
137284749
137143207
137199887
136771741
129338763
135203255
136981496
136888846
137020037
136285168
136650953
136919166
135699723
137448395
137305688
133308879
136504540
136919700
134869369
137413460
136782644
136787297
136588487
128931396
135909536
136375233
137289194
136705921
137189342
136782797
136744810
136927216
136493761
136496441
136831006
137016429
136967006
137282516
136962912
137179367
136522992
137127615
137069732
136533146
135997157
137475882
137466108
137333396
137466443
137317396
136559954
136857477
135875062
137212817
137047566
133279726
136602981
137129850
136262548
137385753
137210786
137434396
137269251
136757983
134978615
136533389
136537487
136856158
135420373
135247570
137157286
137367385
137527244
136866092
137278235
137159224
136302572
136653560
137472472
136904401
136660981
135484350
133769624
134704849
137484227
133846608
136487716
137135166
136820118
137321122
137280173
136808271
137507634
137308620
136833777
137462978
137334300
135863882
137500107
135522758
136810923
136649505
136988485
137549755
137496970
137523009
136904733
135422573
137304688
137480339
136739728
136637840
136659467
136297803
136533136
137198252
137093489
137443520
137289451
137361013
136636254
136576562
136704668
136906272
136291307
137302199
137415154
136712056
134438437
136073211
136656265
136841005
137537274
134508960
136707089
136867026
136948616
136413059
136503207
133202287
137402532
137162007
137306578
136117226
137242831
137469830
136714742
137143279
136551852
136520809
136798972
137222155
136519266
136900791
137197600
137118313
137391835
137534315
137379835
134650856
136811943
136997830
136301641
136596695
136486367
137300809
137143172
135123485
137395596
137089960
136548186
136109887
134826595
136676775
133604681
136887722
136452250
123869225
137146915
137412283
137039770
136647640
136509032
136606146
137549553
125277920
137049951
137258320
137520960
136784153
136495284
136741086
136636022
137061931
137470699
136552797
136784794
136856117
137312770
137390690
136780552
137444877
136359172
136916923
130950110
136903550
136739127
136987820
133469158
137435078
136514059
136667797
136928348
137090376
137485694
136500959
132988490
134704658
137438015
137369558
136756672
137045842
137005049
137487460
133243481
137394759
136433405
136508361
136703185
137312981
137428059
136631942
136878285
136924270
136882667
136676881
135983974
136742256
137343906
136187481
136946932
136591832
137097802
137033704
136848962
137075920
136865232
137466870
136856495
135203282
136810922
136963214
137484919
137494113
137176839
131621710
131659712
137302456
136726883
136478521
136591048
136069251
136620103
137520867
131862075
137312747
136897994
136680411
137533434
137011250
137205605
136508653
135206610
137242765
135486488
137423138
136486867
136456850
137419522
137461024
137480282
136658793
137362498
137288943
127271552
136983340
137050201
135639781
136553003
136791323
137154043
136921048
137465503
136810280
137016465
136706085
137354073
136112769
136558860
131532256
134683466
136581668
136998571
137077111
133465940
137433364
136935904
136603129
135500054
134239952
137119778
137438280
136565093
135460213
136573503
136565858
136145110
136578604
137487618
135685766
137530091
137265099
136787852
136918248
136864355
137266607
133022298
137424035
137204641
136885181
136810924
131575136
136651991
137150552
136929592
136776842
134107011
136740827
136576481
137185802
137022100
137364387
130995631
137194910
133476005
137519361
137226480
134669848
136503839
136605662
136901322
136582595
137441554
135242076
137039319
137299820
131458676
137532375
136961489
134545177
136922044
137421328
136260890
136719317
135661396
137217283
136294625
137192481
136670616
137011254
137354973
135189985
137539871
136690098
137234172
136443979
136979566
137532032
137041551
136940445
136763132
136226399
120464161
136629765
134698052
136983022
137531641
137393097
137192667
135914097
136596176
136381432
136721437
137153191
136919656
137434619
133368358
137361793
137379713
137288087
137198832
136135011
137115772
137056991
137539015
131265449
137258609
137547361
137141041
136538018
137299954
136530740
136643113
137033683
137435560
136680916
137228854
135917164
136561373
136567803
136593017
130995643
135784116
137307907
136921854
135903235
137339364
137366379
123130866
136956846
137079446
123286411
136489887
136391290
136644771
137139453
137224039
136502819
134455267
137457129
137142634
137495702
136851711
136906933
136728349
137420038
136994285
136809649
136662966
132774731
137527211
137215416
136350338
137433299
136675984
136375039
137500451
137069532
136658836
135914366
136736803
137113039
137095259
137266609
136186710
136842078
135420506
136181454
137507852
136993534
137251249
136956367
137465840
136975309
136613798
136489743
136295828
137244347
135197125
136865325
137484675
133595200
137090657
137213504
136673823
136957249
137258190
137517908
136640355
137204377
137290810
136606365
136500133
135030298
132804365
137499011
137126989
136497930
136942229
137147201
136850828
137051378
137248927
137213912
137103807
135476243
136756528
135240361
136670413
137300476
137528114
136125984
137496965
134662399
137399548
137227780
137251150
137199856
135831506
137530692
137248875
136570228
134850954
137138915
136479858
137242401
136773670
137254019
137075914
137549557
137427395
136429136
136968916
136902741
136024932
136844056
137251406
137539588
137055317
136723934
136670396
135889452
134612237
137000327
137527754
137462359
136858582
137483533
136082649
129974651
137496049
136985135
137243973
135296490
136984447
134617716
137185272
121875480
136723915
136485708
137118172
137465411
137428008
137266599
136935902
126418013
136887839
136346213
137330038
136779902
137066643
137150044
136096432
137086519
136818815
136644134
136286517
137119069
137075948
136627657
135895947
135304885
133759306
136413805
135892107
137517920
137255879
136668233
136565886
136792501
137151444
134204193
137516082
137163124
136689345
137259177
137290863
136657380
136504585
137492283
137522844
137447056
134870887
136587697
137299016
136775462
137158177
136950618
136930960
136567236
136601781
137215892
136778150
135663390
135790602
136402302
136919218
136668731
136650850
131775271
137137447
134540591
137276770
137355991
137245152
136442714
136823599
136655375
137095765
137157399
136229699
135122331
136925238
137527980
136653578
137056374
136639235
137008028
137038144
136795820
131562869
136743238
137010943
136558167
137518053
136854131
136997186
133290122
137256324
137032724
137299266
137532406
136989853
137423350
137099591
136373397
134389024
137166241
133241992
137092666
136902906
137360148
136533443
136504775
136993109
136160394
137296678
135737140
136883980
136305493
136541163
136220542
134839080
128681574
136703025
136714001
136957214
137140084
136188974
130118575
136983332
136785465
137410882
137449318
137266765
136442752
136776230
134478796
136132453
136664368
136718987
136980008
136791353
137055253
136942850
137134361
137075330
136768600
136556683
136799643
136721525
137356690
136663734
136500395
135664142
137314031
136955781
137418190
137325052
136809036
136538138
136519968
136082211
135663646
137365616
137071120
135931113
131597154
123947590
137539074
136625737
134635600
136799959
133612709
136665317
137294341
137484307
137291665
137343275
135761259
132827258
137329740
135508252
136030986
136855698
137489514
136648576
136704921
136757004
137254674
136598007
137303024
134744054
132784749
134292909
136701631
136630202
136216068
137380094
136796007
136584505
137177362
136957616
136618517
136928554
137262975
133234119
136816629
135410056
136608162
137155647
137315629
136226731
136704626
136876403
136970301
137369150
135263928
135767566
135914410
136788675
136682432
136959701
137155817
137046189
136553173
136984135
135909727
137209326
136993469
131209092
137537748
136542914
132654993
136842082
136495051
136556233
137072587
135461286
136966527
137255856
137049613
137457081
130583455
137093553
137259676
136116693
137137828
137464917
136580615
137354142
135706045
136652196
137516468
136504594
137241271
136742660
137193377
137075943
137124480
136611731
136655987
134359971
137181738
136743133
135857259
137238891
137354806
137522703
136999583
135964929
136989308
136807524
137372051
137235821
136559953
136486519
137162207
131031614
136742600
135555312
133146321
136192645
136672227
136407582
136679642
137107209
136683209
137527264
137284410
136361086
134833478
136598689
136713465
136923113
137359844
137530841
136550218
137080126
135286484
137538996
137042565
132401669
137194924
137091092
137300432
137037876
137150954
136677193
136859823
136822233
136841163
136906088
136389064
137057284
136500724
137233962
136886771
136685574
137146949
85943366
136398488
137153493
137055922
136772677
137367180
137365705
137235158
136327381
136489280
131532467
135661505
136777214
137140936
136639320
137220207
136499069
135904403
136738447
137305813
137209295
136534972
134337924
136616827
137452844
136722087
131529653
136737342
136775729
137482620
136975369
136297419
136561882
136679270
134292954
136573480
137158746
137084915
136712017
135760691
136745413
136826802
136809137
136409727
137215262
136619385
137237496
137463473
137102842
136741961
137421621
137507570
136536339
136210346
135922508
136960574
136724419
136868011
135639298
137531086
136967691
131590435
136694343
137057248
136864180
136359593
137364467
136596719
136975947
135509318
136565686
136838883
136855466
136705240
135249995
136679601
135006411
136562981
133438983
137416921
136528057
137452103
136880667
136899932
136738748
136504393
136667855
137048513
137494970
133445740
137336466
137052158
137136722
135318375
136792639
137248655
136642099
137521558
137315526
135473050
136325111
133723639
137518809
137247334
136787490
136890058
134337890
137311117
137210966
135513554
137296475
136499645
136809776
136053720
137216157
137023043
137534294
136683259
133812818
137091573
135422946
137046302
136550483
137281447
137544665
134337947
135422140
137394003
137127595
137432184
136692702
136960070
137321182
136204304
137364048
135880589
136259860
136861155
137124452
134583271
136705915
137447530
137413878
136708467
137164091
137430973
136904871
135405568
136531741
134774866
137312951
134428276
137044523
137055295
136766169
136973364
137442269
127150975
136523700
137051538
137389645
136968332
137199584
136775900
137103029
136313492
137170196
137525403
137124063
137299647
132461489
137054839
136894007
136444795
137416354
135618350
135692467
137117248
137093944
137126929
136887167
136175319
136991549
137461231
136567614
137442404
130977063
135152331
136959104
137435142
137418525
136805324
137157969
132839217
137437307
134471612
137274252
137005549
136976997
137172001
137364003
137453027
137470718
136543809
134075494
136768040
136809114
137092954
136592135
137382968
135231649
137490334
136491218
137219413
137099010
135501222
137070690
136105432
136727426
137496666
136720440
136965349
136822086
137284361
133725967
136650286
137272282
135845396
136545496
136382030
131397417
136758351
137300915
135509276
132128566
135077702
137207567
136566544
136689698
137545057
136087815
130961092
136417118
136917494
137276789
137296261
137202151
137219203
137328973
136625723
137088405
137030262
136994262
137291015
137269943
137445834
136651864
137199137
135876123
137447999
137158265
135892016
137416240
137369382
137001871
136537791
137353510
136898347
132766484
135555469
136563019
137146525
136535913
136793060
136488711
137057029
136133020
136949323
136537554
137182780
137140554
136792438
136967880
136800823
137138632
137003541
136494705
137068494
137476209
136600656
136600161
136389922
136984744
135871884
136523243
137207286
136538535
137248578
132560755
137258276
136673736
137233961
137499822
137050636
135214860
136475704
123869232
136638105
136836139
137259331
137311831
136706263
137253274
137088464
137249852
137428040
135743584
137380963
137215780
137490617
136534963
136838365
136450047
136212154
136525854
133236478
136930991
135772495
137360610
137038042
136801894
136866648
137294740
136591852
131401964
136324092
135787603
136995467
136495342
136779613
137384153
134101879
137042544
137002039
136545355
137055426
136856551
137403514
136578804
132687133
137440056
137016466
137468089
137535758
137532280
137424147
137312923
136825550
134804281
137076635
136542730
137106813
134611791
137338427
136580045
136676820
137128199
136730528
136776799
137538459
136689316
136875562
137531856
136738446
136978803
135469727
135140162
137004043
137431713
136600991
137298304
137542122
136552016
137016447
136375827
136642495
137434112
136838032
136862718
136990667
137167410
134544152
134532809
136595796
136164561
135394629
134538282
136577901
137174874
137293601
136967529
137052279
137067732
136908556
136650390
136822886
136830939
136703123
136856355
136096438
137201450
136563347
137307104
136859988
137116159
136547095
135386535
137280129
136587664
133974053
137369904
137259281
137096805
137401344
136777561
135990267
135231735
136537123
136610472
137284603
136532547
136705303
134585968
136621817
136061814
137146623
137211103
136734984
136695438
136670299
137251672
136032409
137472510
137428325
137549579
137205621
132790981
134109305
136032150
137204948
136857556
137061492
136301040
136770646
137496029
136563030
136832503
137390298
136229700
137477747
137176710
137426926
136678941
136841651
136790339
136557775
137435551
136928508
137394023
136503935
137059974
137022187
136087213
137121640
136657473
136643806
137363020
136790952
137062021
136956321
136111584
137090839
135521055
136915973
136566318
137090284
137353139
132943015
132686590
137139670
136567063
137474457
137022111
137322237
137263105
137481946
137362842
137533114
137532665
132943014
137486972
137169506
128836581
137224626
135167087
136312944
136879082
137406665
132914832
136895038
136986121
137448174
136773105
136473968
134333089
135476347
134071816
129287031
136443131
136788934
136290781
136477439
136908887
136900914
136573653
136962417
137147389
135777604
135028475
136590287
137424366
133082932
136557180
137160300
137510785
137119620
136742601
137124362
135795432
137518293
137342718
137266625
137381890
136879387
137219077
137508872
136062660
136731860
136976245
136415620
136373622
136792129
137315134
136793242
137371317
137256076
137163028
136824349
137092889
136901446
137466523
136670402
137371544
134515851
137425673
137497924
134738770
137486049
136972770
136787416
136924303
133130629
137208127
137258549
137343331
136812332
136727482
136889062
136997023
136878271
137441509
136822121
136988050
137189358
137220341
133696209
137143783
136157319
137496959
135590280
137393709
136784823
137465502
137213647
137343096
136536294
135013413
132623871
136830886
136833402
137330003
137286634
136670398
136462942
136843330
133906370
130993497
137146465
135054935
129947738
137441245
136745031
137472516
137023970
137507486
137319332
136900769
136795773
137474445
136501394
133917577
137402183
137328068
137498547
137408458
136695449
136080980
137243093
137530941
134102195
120017676
136891028
137243620
137040996
136596784
136567412
137428916
136863561
136674504
136027453
135161211
136447558
137197944
133252894
137196849
137415912
137111713
136929809
131771633
137137101
137179650
137160654
137307734
137089926
136090029
133184320
137313585
137496964
137064864
134953102
136876366
136630522
133215154
137412816
137251236
136902543
137487808
137512891
137283091
137155844
136519833
136524831
136806653
137260071
136835574
136086598
134743431
137368548
136550301
136153679
137088428
136557539
134337927
135781389
137497406
136601927
137486621
136505460
137056285
137000877
136861429
136554277
134032283
137251951
136579873
136179689
137127623
136179718
137011207
104983503
134208174
136791894
135388472
136844826
137517432
136791573
137187348
136537590
137369287
136872472
137512756
136672019
137080009
129624064
137127781
136805792
137297811
137356575
135208535
136511494
136727620
137239597
137184353
135557380
136990690
130218764
137492536
137428710
136742875
137171692
136448251
135788366
136442788
137407982
136650526
136694870
136563942
136756914
136806885
137338424
137295717
137142739
137075913
137530510
132283212
136806021
137364521
136565953
133569390
136037548
136511507
136757887
136527861
137173807
134517646
137423694
136247299
137176673
137257854
136753459
136646766
137398438
136964149
136559948
137341994
136618645
137180710
134655964
136371643
137097259
137084898
136511521
137329750
137452879
131405053
137413293
137504334
136742708
137519389
137330289
131806802
137137884
137125404
136592279
136583607
137293220
134181793
136578263
136710918
136856628
136177431
135503460
136086037
136994179
135734279
137028750
136617158
136606387
134371859
137068795
136049043
136317184
136739902
137094116
130988683
136916280
136519675
137397118
136783024
136811087
137157398
137393936
136161095
137499878
135718558
137428657
136903465
137113478
136386948
137164713
137067610
137495362
137231159
137415168
129382781
137430577
136574985
137201331
137505921
136897294
137062569
137490977
137233033
137047770
137442352
132077979
137169837
135275106
136535010
137095670
134204233
137267207
136552932
136775682
121923039
136565545
136879924
136799601
136256703
136539587
136637283
136828631
137233857
137379076
136858328
137229903
136448849
136599447
137155923
136860176
136836141
136680661
137484911
137022124
137167212
137083621
137285802
137198061
137534669
137339290
135586827
137372757
135324744
136156783
136486252
137146491
137246629
137426530
137216169
135214388
130566314
137021291
134386619
137203970
136880870
131793092
137383749
135441832
137486216
137159408
137363058
137321158
137417271
136106830
137485262
137059934
136919351
137548301
136783304
136567565
137286939
127280357
134441495
137211785
137374871
137160180
136701374
134428910
137198996
128931398
137427035
137539010
137362607
137236187
137020117
136690230
137094486
136919506
137008320
129240531
136651364
127310011
137127620
137065676
136608725
133961201
136451806
136907267
136738357
136640519
134085455
136323084
136630007
136902214
136898452
136780129
137128907
134931903
136786948
137303194
137013506
136030090
135389286
136376786
137356306
136648595
136821705
136715636
135251884
137440725
137300347
135524136
136566947
137011210
136730452
136021276
136719755
136740205
134894655
131813962
136563166
136917727
136932327
134202222
137097676
136805790
137236485
137085529
137475081
136442762
137107460
136417891
136846547
136588752
136739727
136743108
136712607
137068351
137148337
137522577
137204551
134648836
137266826
137176804
137101399
136010700
136622620
137206247
136767896
136742905
136913644
136656543
137006788
137289060
134337882
136947706
136807986
137156516
136551421
137364023
136537147
137434404
137474462
131255075
134119133
137524797
136668813
136386339
135639324
136654591
136136040
137199889
137364379
134089462
137532399
135605894
137251380
137345136
135942376
136891958
124835453
137519638
136826148
137354634
136496229
129926244
135877797
136452517
136807551
136955559
136841583
136227132
134309935
135758125
136828507
136572535
137248617
137507659
137187845
136895237
136537412
137425587
136636808
136639302
137297291
136524813
137354632
137284018
135834394
136541224
136215375
137138554
136744064
137430386
136652965
137308649
136988785
134219376
136761115
136905208
136774967
137092832
135161149
135031592
136543310
137259452
136991286
136914604
137309012
137368123
137305451
136647546
136261119
134853385
136995392
137158773
136831442
137204111
137325333
137223526
137461096
135518148
136571895
137211540
136610772
136742656
137294963
134271530
136548734
136879853
137369595
137295109
136868398
136496363
136741983
137419316
136862076
137216871
137545983
129748914
137355662
136950603
135940527
137037397
137412421
137530901
136127159
135888173
136609500
137259476
137414212
137287896
137423056
134967125
137037392
135768828
135813988
136779202
136788036
134477241
137521040
137329680
136983787
136346215
137359321
137075426
136812323
136671898
133082794
135202906
137212825
137158985
136890221
135454040
137119173
137390335
136930877
134984793
137131224
136623828
137238259
136617584
136746195
137362090
136536999
136674324
135716729
131619968
136245852
136901686
136993603
135459325
137394849
137109236
137172175
137537153
137444778
137456626
137092913
136798991
137371221
137211839
136828902
136833869
137069820
136672808
137523138
137294080
134057569
136537758
137293884
137068749
136904113
131354144
137103594
135543748
137233852
137376024
137111306
136178476
136613442
137435172
137173403
136655611
137022086
136992580
136185343
137412417
135457673
137159216
136680074
137363061
136737624
137142101
137070017
136330002
137509693
136860208
137336679
137438313
137359781
136602319
137393471
136958531
136583356
136967879
136810977
137022092
136442718
137520493
135752969
136853597
135850751
137513943
137361070
137348673
136903933
136981596
136562018
137126528
136658805
137040658
136908567
136688887
130817214
137199888
137368706
136873404
137495637
136691347
137022085
137237772
137119674
137347982
137498968
136551270
133522055
134416105
137361620
136494687
137205616
136489966
135411062
136870992
137466626
137342971
136630995
133367477
136481541
136010406
136144130
136511515
136573588
136763205
135823826
137537412
136796889
136829937
136553248
135973797
136993820
135981324
136488847
137005361
136731995
137191712
135901359
136994249
136954170
136943204
136780023
137074238
136061763
135489801
136667856
136476135
136723373
137245231
136898300
132734335
136985228
137102574
137251155
137188140
137122552
133759307
137391373
136639239
137141389
129944214
134846439
137010901
136143010
136690559
137547927
137514334
137538971
136833187
137238392
136550488
136298932
137497143
137239463
137498153
136584278
136688830
124083135
136791496
136481697
136706467
136812325
137260024
137202365
136903533
136568073
130005563
137360622
137043744
137369869
137472506
137139168
137055065
137438370
136777882
136481939
136967309
133863135
136892426
134703916
136314396
137452925
137098684
137158008
134735873
132759856
137190244
137069124
137485692
136967145
137357638
136771864
137186338
136741322
136888158
137298432
137118428
137431522
136986105
129266955
137535295
136030973
137237453
136922086
134931704
137051305
137076904
137113637
137234295
136958127
136832945
137118482
137364007
137043115
136776744
136583119
137203192
136475190
136486262
137250032
136785349
136674206
136959425
137443256
136766811
136792725
137460923
135253281
136482661
136874236
136891384
136559994
136285076
136835521
137545654
135774586
137057692
135651683
134601816
137311039
137310538
137446264
136927494
137310051
136967546
137193383
137061849
133524899
136915259
131307663
135827397
137320981
137319331
137490550
137220604
137201110
137326025
136583280
136741064
136883173
137460239
136102405
136961572
134478756
137343552
136628486
136854836
136784081
137260001
136899681
136924579
136832402
137364381
132164614
137388779
137335673
137126998
137039366
136806673
137452714
137364015
136293474
136298614
136828175
136487866
137369802
137254794
135466226
136721390
136327922
136911185
137471803
137394379
134511043
137545023
137496752
137295038
136438056
137322351
136958006
137289014
137329985
136818391
136568603
137239850
137358206
135919399
137533022
136719277
137248386
137112404
136179465
136896713
137167027
137439941
137233689
136773191
135768309
136504019
136669955
137054366
137022081
137094536
94344592
136901532
137225437
136368282
136869087
137491864
136254695
137427704
136921562
137146076
136473294
137482113
132483970
136783799
136991010
136586744
137075921
136810919
136917522
137007948
137058882
137266630
137336356
136607778
136578842
137436953
136855881
137037993
137169532
136480590
137494293
137113885
132667881
135469726
136801908
130396924
136608274
135463802
136474895
136627695
137381469
135603347
137083163
136832426
137370128
137346425
137544488
137150916
136953772
136834316
136684548
136069934
136978102
136504543
137460263
137428579
136912147
137393472
137170049
136744685
136885905
136805789
135871513
137438065
136262761
137362421
136613619
136506048
137097189
133291997
136778635
137310904
136976094
129266829
136832548
137210823
136539656
136560937
137253421
137181522
133690613
136005739
136560125
137319267
137076614
136588521
137005883
135319450
136212598
136584030
136741742
137389831
136993471
136677250
137453606
137481958
135458544
136640341
136655025
136097435
129605311
136702690
137108193
136789661
134654669
136979341
136693122
134375876
136541438
136724569
136981175
137307172
136705345
137534644
136069420
136452262
135822651
137356125
136500630
136750368
136619315
133705074
137176594
124768153
137378099
137531882
136957606
134147454
137277031
137310598
135984561
136772935
137063738
137373941
136180682
137488095
137066647
133087473
136544795
137533270
136961364
130710488
137379127
136810921
137518673
135896744
136899060
136908182
136992473
137266146
137358438
136927601
135222573
136396717
137048601
135203957
132464520
136495007
137200388
136723900
136883064
136731993
137016472
133437334
136360278
134766206
136737037
136795758
137221575
137329630
137521075
135856265
133728332
135913960
136587469
136918246
137538842
137447498
136728225
136999400
137083407
136798324
137070277
137483447
136716836
136186486
136650816
136796728
137032109
136736621
137066564
136448180
135466994
137123266
137149104
137366101
137453282
137535063
137485688
136492951
137181798
136066596
136717427
132029264
137017080
137144688
137059856
137176689
137301032
137321128
137432714
136963782
122561973
137142074
136982396
137424133
133868874
137361753
137453818
137445650
131963872
136725236
134674230
137072335
137093377
136838380
134675752
131899324
137494129
136921424
135155671
136922443
136604473
137048790
137381190
136216594
136897903
136521759
137155813
137256881
136698114
133908433
137159979
136608164
137531268
133249405
137084799
137464435
136867479
137241049
136289725
136484151
136810756
136486909
132467808
137549547
134273390
136671528
136904622
134826551
136491669
136831215
137048060
136224225
135605464
137463635
136653698
132513814
137133084
135489129
136724577
137376107
136688103
136638075
134819832
132200394
137097620
136610167
137268753
137296289
137520962
137160472
136566174
136653360
136770643
137360495
135983269
137512909
137118771
137494520
136610116
137044177
136609580
130453410
136520083
136630232
136920116
136917427
137524258
135873241
136785117
137001732
137359841
136674881
135262007
137472493
132368719
137294833
66818410
136497329
136187413
137134606
135559950
137312911
133099495
136558573
133764217
137009936
137461132
137371000
136744896
136919458
135307233
137453273
137032312
137198546
137409883
135831076
137254721
136851768
135662834
136884653
137496359
135974967
137484244
136581222
136110516
137422778
134984875
137515048
135901643
135396836
136644252
130555276
137470689
135181012
137341364
137041070
137045963
137133100
137235469
136924412
136841903
136869494
136873682
136889127
137191221
137124374
136838604
136664436
135589723
130431272
136646327
137133476
137044489
135901318
136775256
137342651
136950873
134174880
136996751
137002491
136639463
136816351
137099046
137359294
137160450
137111448
136229707
137093803
136610145
137005442
132925465
137534029
137351061
137194086
136743918
135979461
137360938
137090533
137458682
133869875
135377889
136583536
137208557
136479014
137075903
135592276
137356489
137463504
137482317
136207009
137463595
136180745
137194249
137290498
136793249
137167175
131935720
137165067
136049231
137254657
136555297
136341122
136743232
135815792
137032553
136790962
137516779
137216754
136901693
130995642
136339883
135912456
136672861
137544354
136835253
137083242
136388795
137118868
136597354
136935943
137439054
136298517
137069629
137200254
136801891
136973782
136892718
136940466
136575223
137348030
137167643
137091930
134308643
136979947
136489660
137362954
133394411
131751798
136501444
137466484
137518054
136739866
136970206
137098203
137220147
137247698
136987145
137259672
137313108
136695543
136725363
136654480
137499177
136917256
135426809
136550474
135347285
137531301
135781394
137003225
137045940
136557683
137236534
136915854
136482261
137201614
137330686
136589890
137052235
137330046
137518193
137128210
136994244
137219388
136797962
132414983
137249091
134281224
137221561
137015208
133099243
136484036
136919178
136780528
136822434
136658668
135177616
136316612
137411586
136798860
136719195
136994247
137163589
136477689
134447901
135826410
136739598
137199170
137527992
137236134
135361745
136305083
137526999
137366064
137432176
137357999
136710993
136776210
136458335
131543603
137354532
137534010
136833988
137528077
137359418
132992678
136498745
136607968
135740256
136798521
137258254
136481916
136840789
136498042
136793236
137299101
136493902
137018414
136134086
136294383
133769602
136324406
136926726
136579990
137467832
136559372
137042656
136734529
137530646
136743266
137003696
136902163
137022125
136094189
137358689
137432498
127367472
137149827
137513632
136522288
136450306
136839002
136594121
137028496
93135640
137046346
137125422
136670414
136951448
135323578
133145729
137311215
137534772
136351150
137540258
136742309
136511362
136900802
136888850
137276751
137219793
136165441
136789591
137086976
133057087
137514199
135774544
136543572
136770426
136676215
135128136
137276784
127168950
136702602
136993369
137491595
136231050
134978129
135236584
137246847
137061634
135560459
137102027
136791373
137381637
136602423
135853395
136735378
137072800
137381747
135236467
137223707
136686470
133661296
135350138
137196423
137210129
137160769
137266828
135307680
136810528
135625028
137127413
137362035
135937699
137060068
135513462
137477415
135484395
136550502
136790487
136895764
136362833
136745278
137424335
137470747
137111210
137499736
137363349
137530906
137040028
136690025
137058302
136751412
135879957
136543415
136620377
136739840
136641574
135527252
136999990
134217469
137040273
136913346
136868268
137364070
137350548
137176734
136362778
137068291
134576433
137141408
134498473
137531884
134087202
137301839
134276334
137285476
136984682
136900555
137146808
136984695
136809371
135113949
137221657
136777571
135517331
137341131
136873683
137436651
136327701
137314886
136876777
136743131
136591156
137257249
137497821
136674996
136835659
137011247
137052112
133862324
137440381
136144986
137219960
137274215
137319431
135277310
136769903
136783342
137252691
136529051
136577790
136979710
136869405
137234248
137104665
136477900
136786697
137103233
136908198
136565651
137492773
136502397
134293868
135266029
137149153
137513501
137494863
137316833
136609642
137334568
137444478
136994376
134451134
137235900
136873897
137296828
135126292
136593119
136567269
136583398
136479478
136738720
137252367
135578657
125244026
137423732
137349549
136496588
135778464
137484928
136229708
137526455
137041799
137393373
137128882
136783845
131335626
133846643
136204095
136221777
136753747
136704933
136782457
137352740
136742517
136237518
136905081
137315812
137363584
134149240
136923331
135491724
136981906
137439303
136934833
136321925
136786845
136881311
136670522
137289603
137199114
137266779
137447980
121544003
137251720
136662719
136896128
136768447
137221443
137299399
137200960
136987446
137500512
133206210
137370994
136968336
136786877
137040055
137440071
131862222
137068575
137266785
134870895
137145562
136819618
137474629
136020208
136552215
136818627
136916492
137230231
136786707
136809758
136610442
136295112
136981799
136100564
132830952
137141465
135713262
132078290
136490841
135341082
135426368
137350395
136542002
137196254
136247315
133705126
137495939
134076052
137511378
136805787
129588628
132470714
136988941
137135663
137427541
136498030
132871492
137232547
136838263
137408050
136774246
132986173
136861255
136056129
137311158
136591982
136957785
136778925
136914323
136213882
137508177
136476804
137006832
136867846
137475942
136998294
137132473
133767257
137426291
135547929
136840275
137084324
136984321
137244586
136450067
136628367
133026624
131696074
135842589
137438481
136986389
137367902
135562556
137051245
136885343
136647098
137106507
136556959
135302459
137365910
136125234
137156855
136655770
136991579
137192982
136659665
136782496
136649955
137266837
136050439
136629201
137266580
137097387
137046423
136678669
137383550
137368351
136807429
133000583
135521342
137257227
137418745
136559304
137545586
137383557
135754212
137531835
137524144
137512792
136644346
137452916
137103867
137530616
135288654
137162937
137092425
136486405
134386621
136705302
136968923
137127634
137492424
130641120
137096052
137056619
136780888
136728603
136986904
137539123
136793571
137242079
137208971
136983804
137459844
137448016
137065787
135926234
136485135
137516936
136736541
137157297
136772051
137092287
136502870
137119100
136891752
136979669
137329358
136830552
136591021
137449525
135823073
136525182
136556751
137531349
136477165
136257086
136145815
137118430
137250355
137096398
137193323
137160255
137092527
137436308
134370914
136930381
136496012
135644898
135643847
136935577
137382902
137154076
136595649
136779617
137383384
136618054
137053835
136590370
137002808
137483806
132399776
137194183
137050974
136437236
137447333
137112663
137358370
135175023
136818492
137253082
136213046
136676616
136565498
137187362
136869119
136086556
136158998
133262820
136966298
136963561
137312170
137202797
136018034
137244929
136905934
136829285
135891824
137215261
137030936
136810014
136632542
137005596
134916842
135834652
137447620
137371497
137445497
137481943
136933511
136574832
136298735
135508502
134842734
136649568
137001689
137210531
135783294
137241602
136408968
137354429
134825200
136861291
137189744
136812111
136504744
136697980
136917261
136916926
135721413
137153681
137006443
136144735
136670380
136228442
137104607
137123095
130636465
137445853
137047100
137512424
136768296
136565145
136743388
136954989
135708376
135699295
136610115
136391882
137216089
136589652
137167258
135464434
136880449
130552984
136603397
137104554
136954552
136413861
136858174
137140194
136718642
135850825
135848041
137391270
136775927
136378506
136818092
137312361
137233504
128261768
137073456
137290480
137199891
136660870
136687765
137350963
136892694
136985973
137497164
137247662
137094510
136431604
136346216
129266931
136072122
136829885
136745136
137076549
136003896
136567103
137523222
137413709
137266872
135692942
136783326
137196871
137152855
134736468
136798077
136746894
136498121
133994364
137311019
135439248
137354462
136242948
134331196
135874343
136506013
136836144
136478797
136504546
135494676
137134846
135672740
136604600
135126431
136890184
136512589
132718172
137381039
136916178
136812796
137153078
137431250
137200546
135853052
135905638
137258999
136758819
136680905
133659677
136752326
130899399
137241090
137236459
136493434
136724756
137122255
136693191
136983553
136622993
137097013
133956792
137449508
137147442
137076457
137159399
137122651
136552359
137055115
135858526
136993803
137039013
135944161
137380388
136954317
136590888
137339312
137210105
136967928
136294365
137441700
136488223
134928087
137406673
137313676
137123856
136553255
135584535
137472731
137422147
136635697
137151313
136740286
137447741
136681382
137468961
137040632
137068615
137057066
136333067
135763883
136964361
137002927
137062962
136511495
137292589
137534490
136856024
136887348
137180362
137205348
137123583
136327499
137382216
135894293
137073136
136920952
136623468
136909563
137364074
137177536
136779586
132689878
133099584
136928174
132283358
137248631
136852171
136498618
136395834
136810982
136433935
137535746
137105767
136919832
137198143
137508311
133756854
137303340
136600933
137071087
137106254
136559622
137046210
135966398
136992944
131582325
136531743
130398488
136810558
136878997
136639427
136705300
137023051
137099663
137452479
135147656
137259517
136785100
136690007
137049494
137374732
136126123
137535102
137472500
136609487
137199381
137212396
137500853
137505385
137364383
137497094
136880860
136636958
137140583
136885484
136799852
137431262
137252336
136808751
137361124
136488957
136666200
136854296
137053152
136605169
136984766
126161079
137497341
136992645
137539118
135902072
137364386
136352058
137076246
137226882
136533810
137135736
135880957
136705088
137022104
137290461
136469174
133522180
136817736
136784483
134546033
132989459
136681171
137285673
137157472
137533933
137514832
136502431
137452767
137518669
137127626
133437369
137023023
136898025
135275391
137194172
137016440
135419238
137303561
137443135
137051724
130407919
137520196
136635393
136614682
137498146
133715276
135441143
132522493
136763242
137050374
136682697
137120199
136895264
137291957
137187043
137295245
136810500
136594812
136557513
137259493
137096747
136291150
137218692
137005978
135853107
137086903
137184598
136610688
135692582
137243206
137100109
136559902
137352400
137128255
134617007
136886257
137524600
132830953
135649030
132186898
137540483
135774515
136793497
137286649
137391714
137371330
136119780
136354739
136634544
137060338
137049644
137342017
137417177
135339240
136561700
134570408
135593070
137337208
136558756
135976736
136810218
136584258
137427111
137151469
136657911
136866814
137530168
135830520
137160421
134646858
136588602
136337091
136929193
136788508
137230462
134975711
136776193
135600923
136977742
137029754
137408738
128432917
132903706
135320569
89846835
136735649
136986896
137280142
136650869
130195011
135553497
136721649
134870253
134381656
132198739
136006095
136383245
134878627
137147247
137519788
134342309
136004925
136604068
136951665
136596554
137150645
136502218
122356073
135794346
137353991
137474310
137380298
137395117
133353016
136689799
137162811
137123647
137423212
136762290
136560979
136571473
136497929
136509627
136851252
137293084
137095057
136959259
137167560
135155890
136724755
136365085
135542596
132790984
137062807
137109631
136254251
136670415
137437809
131940832
136913744
136804342
130023724
136740569
136096382
136809764
137100912
123479382
136442702
137299743
137283388
137459854
136908378
136538332
137053173
134978806
130687752
136540977
137291641
136551304
137127492
137126318
136693144
136846726
135966146
136224718
137254115
136893821
137008089
132751150
135768344
136335111
136592181
137528645
136359266
137235420
137368990
136734837
134983664
137081459
136594203
131613447
137529683
136744345
136443416
136628199
137120413
137339589
136861244
137260566
137446230
136738439
136960700
136689953
137496962
136021120
136588639
137023030
137317002
137520125
137486485
136947368
137102837
137011707
135277519
136236186
137120535
136780411
136926924
137433921
136717944
137382718
137145637
136107322
137537112
137205860
137471140
133558383
134785036
135183557
137499136
136667908
136645014
136916242
132629262
136482615
134489433
137188659
137350502
137189964
133708178
130995633
136478919
137314868
137096138
136920189
137364145
137366197
132955837
136502817
136955433
137205671
136543610
128021274
137508051
116482882
137138053
137303396
135786681
137431783
137362182
137472487
135574649
136026894
137521263
137010096
137499063
137057196
137034219
128563371
137069507
136824451
136723059
137222286
135914157
136498330
137394369
137172174
135871932
137157620
135741542
137313126
136864244
137089800
136534163
137298580
137429438
131039485
136920277
130995630
137022123
137418414
137050910
137353200
137157724
137363326
130698457
137322383
133997478
136510116
137429431
137357096
136685664
137496950
136453669
136516739
137476863
133077365
136680338
136721862
137342366
137005393
137006760
137063337
130632227
137481911
134271433
136678115
136932079
136864125
137353029
136560888
137542682
137185299
136400748
137528324
137051294
133513789
135036303
136533165
135491720
134250525
137111012
136898522
137195744
135201660
136957251
137435616
130453442
137166050
136547517
137023042
136601849
137420269
136645033
136756493
137171402
136767389
136237304
133475880
137244026
137146138
136701909
136854095
136181364
137533632
137530754
136833133
136441226
134772503
136898927
136654273
136120571
137337577
135997113
136567499
136305498
136962489
137266880
136895898
136674176
137359880
136809074
136501241
135133108
136645823
137153688
136713948
136224340
136344640
136591983
136074281
137369311
137383657
137266764
137062357
137119673
136825822
136550616
137524969
137097769
136961423
137104567
137174442
136504339
136681377
132917768
136773120
137044521
137394574
137380373
137441405
137107654
136907676
134973909
137538101
137278287
136888745
137156726
136131752
136836204
136226485
137247669
137098862
137093852
137115868
137293273
136686644
136620915
135786249
136597247
136595619
136901896
135211343
137361788
137147385
137532800
137491999
135623312
136588098
136551133
135757943
136502021
137470682
137023035
136216922
136530415
136492925
136176732
136963710
137249589
135632217
136956306
136901244
137181560
132090935
136746764
123026326
137073243
137093943
137195726
135993785
134805378
136442744
137299278
136586311
136734157
136215730
136525687
137121015
137459761
136767468
136760815
137289018
137368829
135398456
136718201
136388363
132284163
136504580
137314283
136810275
135655675
137530653
136829221
129665069
137335542
136416628
136589193
104157599
136873680
136539762
137146766
137044407
137072504
136371723
136104602
135942916
136532795
137165302
136655353
132434174
137463689
136847846
137429960
137197733
136822943
137282437
136796243
135132192
137356541
136496878
137291740
135996354
137457123
137208040
137219410
137211457
137376934
137386950
137288681
136497828
137249489
137423790
135366045
136646706
136744422
137382029
135485539
137186339
137398102
137127614
137067839
136490609
136891144
137083689
136734380
136872567
137266608
137195734
135998934
136730495
136905799
137294649
136957044
136825990
137063113
137528638
137031876
136981831
136594272
134884403
137042507
137057013
137455871
137218598
136600816
137296762
136858816
137511313
137539509
137528329
136078121
137419703
137008596
136647362
136772507
136578798
137151536
136930393
131570936
135580259
136939414
135183676
136992735
137307463
137300943
137246785
132122811
137056353
136727370
136877943
128003913
136582022
137327656
137512706
137149683
137465790
136249209
137473205
136673479
137219298
135712690
137327752
136477904
136624461
136575417
136644396
137147244
136550285
131752756
136791962
136643213
135838240
137364000
136607895
136474596
137417805
137341862
136365251
137422539
137435521
137276798
136645311
137303180
137086769
136046931
135324536
136982952
137116441
136630016
136925690
136644138
88929336
136860544
137164694
136954058
136898976
136605924
136954547
137069596
130961089
137266844
137298838
136653768
136619900
136555621
136894957
137370455
136805784
137038003
137517850
137321288
137063741
137229233
136730193
137298636
137345377
136859504
137266772
137528363
137296825
137151602
137075502
135835007
135662071
136643517
137209619
136737077
136537995
135558641
136659512
137038254
136554696
136610284
137281798
137520843
137242445
135726251
136650501
135622726
133298995
137289418
135517749
137359406
137055869
137216355
137284597
137205083
137288251
137154293
137035678
136548496
135849164
136346123
137127211
137013500
135849938
136589249
137108431
137425636
137326239
137266843
136977268
136157456
136646654
136185695
136938621
136597346
136211476
137389442
136480230
137161395
136583324
135299826
134767377
136728419
137141918
136533575
132442539
136638460
137533168
136750385
129016789
137520310
136479277
135711593
137492019
136888251
137200490
136541037
136984282
136691632
137336564
137512102
137119705
136677514
137023028
137367561
137362204
136807700
134938252
137503686
137391254
137192428
137391638
137534141
137068915
137266824
137526862
136704980
136597663
137308498
137048673
137472728
137364075
136958671
136772877
137495591
137318444
136585288
136412764
137320973
137110899
137348371
127264891
137188482
136301231
136841216
137520049
136837376
124153769
136481781
137485190
128659873
137106403
136742959
137215785
137119682
131581565
136546966
136785015
137377035
137207333
136489243
137161299
137156537
127356205
136687680
137523926
137297730
137321285
135241014
135946150
135033143
137493064
133808368
137266878
137036627
137266583
136473764
136508675
137150471
137199880
137091050
137498816
131798267
137173248
135612497
136900616
136989761
137539618
136471372
136485419
136724415
137364363
137069770
137235691
137219450
130527241
137493556
136959121
137258875
137533286
136485109
137472228
136799210
133674726
136756486
135893872
135485540
137005376
137141912
136481867
137532494
137071429
137483137
137130815
135348985
136945385
136500070
137493911
136712261
137447348
136504549
136528523
136573297
137108953
136676622
136734939
136736670
136229702
137311711
136620754
137419518
137189657
137453167
137085737
137055167
130556054
136710806
136878181
136201629
136726534
136369572
136654177
137140890
136675028
136878224
135543781
136926858
137438656
137301887
136631951
136785600
136670385
136229733
137497221
136710410
137535480
136737593
135628804
136864772
136657551
137546618
137409894
136908759
137187127
135902784
136760131
135849316
136504577
136179682
136912353
136906368
137159290
136945968
137495067
136795328
137141868
137501261
137364389
137242778
137379153
136897400
137051282
136895164
137257416
132343688
136813723
137252381
137100023
134565696
134012897
136475686
136216047
136572117
137486068
136834931
137283298
134455749
137301885
134985158
136504544
137088912
136908651
136808639
132980218
137144406
136834870
137533810
137180888
136794090
137258120
137017331
137018833
137476647
136610066
135660787
134301681
136251074
137445276
137241121
132923029
137203037
136968213
133667986
136534943
134952638
137287020
136702571
137248953
136681484
136790654
137166733
137220307
137432769
137495523
135839508
136561222
137097643
137256121
134883990
136664847
137266845
136774597
136573781
136719022
136962318
137095005
135718271
136476301
137516976
136590511
135591605
136258884
136894012
136557247
137038211
137538672
132719732
137539462
129192272
137030443
137117821
136810716
137154769
135953642
134337877
137144305
137529345
136499376
136803884
136735169
136813048
136738092
137118356
136917078
137306458
136788888
134500175
137287199
136969346
130968183
137471343
136809453
137143002
136587386
136608803
137318608
136566215
136995072
136412752
136810930
137185554
136994140
136346989
136655364
135654265
136365283
136724113
136739539
136582857
137160524
135934291
136783861
136564994
137023054
136711118
136885172
132866402
137371044
137000919
136720699
137108600
137208068
136789421
136972918
134078170
136999955
136703355
137459100
135445880
136697637
136649345
136366212
136788483
137300766
137315406
136524473
137102418
137061388
136540110
136854326
136703113
134603514
137048782
137216455
136637124
135023822
136694168
135659821
135970789
136694504
136449809
137306434
137467605
136181047
136636653
133362860
136954526
137317988
137464898
137116156
136903941
137302598
133215976
136916196
137251052
136863465
137136032
136029624
96836951
136860767
134992532
136796000
137244038
137241071
137030579
137058982
137167041
135602861
136511487
137384968
135303442
136905274
136797390
137416950
136759099
136705572
136593597
135239840
136339507
137203993
136830550
137293802
137486876
136797449
137218677
136768502
132866199
136462939
133271136
137022063
137216552
137535455
133704536
137244624
135348635
136917858
137042973
136852672
136535968
137119737
136565064
137119080
135269055
137469963
136947694
137369400
137091112
136702619
136988459
136504582
136717058
133238745
137251266
137023052
137168740
137061275
136785779
137530262
136575551
136651679
136592115
137145432
136708756
137483051
136416186
137481907
137158790
137295541
135496337
137107636
137431955
136842359
136640672
136994252
137266620
137499444
136855459
136738712
137042256
137131983
137375530
136884299
137089158
136257428
136989349
137326489
135784531
135876396
137169987
137230660
137383993
137329120
137364672
135557774
137345337
136890146
136705954
136965331
127419887
133590453
137343917
137170854
136882461
137327765
137276788
137165667
135907670
135757190
135660460
136770994
137025172
137103109
137200027
136679307
136986256
135503458
136904828
136984588
136637377
137520600
136892749
136821438
136930065
137195780
137037545
137480737
137128084
136897149
134826684
136768201
136621311
137090862
136536259
136212552
135188579
137412796
137086891
137318996
135389284
137126676
137360282
137504693
137485373
137519439
137368499
136517420
136895391
136532291
137324377
136577747
136941297
137523271
136149133
137289606
136496402
137072309
135067691
136897032
136999391
137042379
135846315
137259582
136851118
136896481
136932258
136594024
136955491
137202845
136663598
137199409
133509409
134826971
137313750
136959273
137449406
137547498
136442778
135827231
137441627
134626246
136329951
136629958
137094694
137515500
137266838
137510744
136526327
136505113
136293817
137530406
133004916
137517849
137282826
136544261
135263927
137433380
137537202
137001004
136661832
136694340
137071157
133004047
137062165
137111011
137255437
136882687
135894903
136967682
136503534
136905106
137389661
130468872
136832835
136089382
136762291
136641221
136655737
137474504
136563694
137384965
137489063
136517488
136657209
137166340
137256355
136876689
136906081
134096919
137266881
137142571
136694386
137515787
136957291
136681233
133896924
137509184
136854880
134991226
137276772
136771274
137287802
137098878
136722816
136562956
136512407
136626727
137104690
137276760
137454321
136546759
136884517
136887025
134635509
136554365
137011242
137113401
137246501
136589922
137266876
135734095
135178946
130787401
136496675
137438375
137207733
137496513
134943988
135480667
137075935
137042971
135889848
137250348
136955867
135621262
136993014
136736163
137098085
137193509
137455975
136980262
136567092
137205435
136647633
137004228
137328355
136439152
136668620
136539122
133454325
136876027
136905304
136620982
133631081
137482842
136893666
137135529
136670595
136914715
137004312
136669019
136591667
136610714
136543152
137220681
136744272
136989587
137486483
136916359
137101721
137364715
136899104
136178866
135537818
135771162
136779193
136576908
136131289
136859728
137206470
136512089
137055850
137406182
136859661
134674435
136582586
136474886
136695861
135693788
137251462
137538447
137044307
137194051
137153976
137239342
136559938
134300054
135854291
137069216
137538071
137528715
137123884
137022058
136501664
136599314
136929784
132249375
134722465
133604543
137170596
130961090
137401469
121431371
136993821
136985713
136499037
137276792
137472494
134536885
136579599
130995653
137361020
137109238
136554441
136808741
136964271
136776695
137300153
137254189
137487509
136918234
133080551
136900172
137250071
135917001
137082297
137227561
137196152
136636967
133828756
129712409
135302216
136564121
136876278
136487530
137549379
136341222
136692535
136771079
137140622
136882565
136644382
134516752
137533004
137221396
136865264
135112721
136994563
135708933
136602497
137361171
136553314
137485589
136921845
136751729
137044375
136083714
137422165
134648857
136799956
136752552
135749144
136964997
134977095
137010003
137209890
136580096
136355083
137221148
137102812
137094364
133350637
137456750
136784138
137383240
137216684
136849188
137251774
134076063
136545640
136913515
137047568
136590024
136619455
137248050
136852899
136497931
137510267
134615668
136633630
137097064
137162683
136740999
136117559
136178159
137316418
136551937
133076621
130824212
131819425
136535408
136595289
136686614
137335984
132499415
137421387
136761669
137266890
135533059
135487418
137099484
136620268
137210420
136046415
137146577
137181180
137085793
136942436
133099848
136930284
137003988
136680928
137379236
135018787
137342980
137256617
132769762
134205563
137271422
136084467
137481955
137466803
136897901
136566117
136923162
131366332
137004996
136625785
136964785
136735411
137369597
136592843
137356642
137214118
136998316
137245066
136985854
136309091
135741514
136875919
130961087
131529447
135430594
131366170
136573215
136877503
137276775
135609451
136343995
136719957
136081525
137365708
137035401
137385557
135659633
136901015
136607682
136688586
136150126
136658066
136560354
136828470
136656619
137073247
136456148
136675152
137517707
137288111
129826105
137419940
137246287
137480975
135649769
136739793
136980998
137411416
136902181
136608898
136738929
136504555
132119736
136711613
135488754
137327360
137040883
137330241
137083069
136491443
137295412
135461888
137300738
137358104
136810340
137522792
137198593
136063848
137401299
137112359
136872712
136067143
134879776
135181952
128969294
137355570
136299594
137464571
136324311
136498749
137003686
137520508
136762592
137098735
136558881
135875839
129995736
134699673
134665906
136553690
137255146
134259935
136690055
136989358
136345228
137526349
136703753
136958873
137295284
136734165
137532660
136657237
133508811
137466250
137266840
136467326
132325520
137137112
136815530
135729769
135523804
136718271
136883865
136778907
135486588
134638981
137208437
132234401
135411339
136648677
135545080
137137444
136844631
137126747
136620665
136746194
136678015
137064664
137202243
137117310
136606358
135813283
137359663
137481212
136855331
136656616
136205110
137459302
136819879
136661054
137314286
136187180
136464447
137258094
136900668
135378358
135856690
137520694
136610117
136787302
136548633
137142251
137186006
137196990
136617800
136704068
137258369
136637618
136556333
135830209
136442701
137471029
137309681
137266590
136534068
136934857
135554471
134432441
137255270
136648901
137343023
137351960
137147454
130452679
137165394
136066429
137213475
137475310
137188151
137205679
137254211
137213959
137057969
137520695
137461854
137356456
137208959
136493440
136551294
136833596
137437059
135441385
137402396
137524241
