136838383
135003460
136890759
133145729
136859728
133958552
137447196
136996174
135022988
130926153
136551364
134833530
136956265
137306488
136855614
137531991
136854880
136606506
137165624
137147078
137001440
134790860
137492425
137198601
137358680
137342541
137117077
137016440
136855229
122444117
137423329
137163911
137159532
137419703
137205084
136544357
137437892
136683030
137493950
132284377
136815247
137426448
137137753
137146950
137219128
130451679
137467198
135228654
136321848
136734952
137047903
137533945
137362421
132325791
137137659
137137043
136906867
132458934
133062022
134486086
137062163
136215415
137290175
137213899
137334650
136437066
137365260
136901296
137440867
136970212
133292390
137301839
132600516
136859176
135649031
136856495
137097643
137519744
136857399
135849317
137394503
137238500
137228772
137340055
137503289
136480935
137346308
137388570
135801446
137058004
137507432
137527266
135091694
136881892
137446640
137463412
137409273
137464344
136255066
137100530
137424133
137394280
137142127
137329721
137417833
134738795
137361691
137289025
137477376
137219856
137045951
136842653
135385956
137017257
137528363
135426809
96836951
135883645
136810293
136887813
137341364
136917748
137325145
137235821
136158955
136404130
137099759
137147091
137072504
137509186
137529640
137460775
137478564
137266771
137390570
136828584
137492411
137459977
134674435
137284063
135161212
137423212
135123297
137479282
136905700
137519768
137499177
136927335
137526241
137412417
134532846
133999688
137540539
136808619
134216168
136481916
136993603
136097435
136995878
137538759
135939504
135958623
137022050
136928643
136836568
136901446
137383233
136989676
137192170
136780232
136478840
137126146
137363058
135900623
136831215
136768531
136875777
137238740
135996312
136537487
137129244
129234310
136908149
135544697
137165021
137382996
137033155
136964488
137104298
137421623
137135903
137296528
137039960
137251869
136569155
137205378
121388985
134432441
137022080
137513174
137244815
134976724
131862075
137150637
136957856
137310538
136880864
137276763
135503680
135849474
137298538
136522421
134901204
137379504
137130929
136779940
137362390
137412131
137487450
137434264
137422930
136998753
137352813
136692923
137184277
130452742
135717724
137436127
135083145
134312503
136602319
137533905
134403032
136131998
137543168
137362517
136625486
137510452
136318966
137344482
137257840
137045484
137221568
137431156
137151602
136166560
137116620
137038674
136509130
137428040
136993856
137016427
137518834
137158461
137083688
137044833
137406285
137199427
137258917
137051144
137181656
136119085
137023137
134455668
136739541
137126929
137317462
137530542
137539866
136894123
137422336
134536884
137237752
137169532
136993912
134778573
137298636
136601772
136164483
137057920
137061296
135048621
137235016
137460239
137212918
136067727
136993292
137234349
136967188
136518315
137229003
135784205
137006099
137339365
137415734
136758520
136452969
136968924
136830550
135659633
137191646
137532126
137177324
137335508
137361586
135944156
134972445
136828796
136385628
137055421
137537112
136598007
137085291
137539618
137234168
136636653
137255786
136340788
134169058
137539135
136462623
136134542
113322618
137125286
137057608
137104107
137198986
137290925
137384153
135997906
136149133
137127473
136723840
136346214
135444062
136818949
136898976
137100671
136892706
135961793
137409883
137445775
136985386
135244859
137493569
136869405
135442081
137011244
137137444
136875312
137539073
137138813
137259299
137430509
137249578
137062622
135743023
136046931
136930009
137462795
137138462
137042518
135991341
137171797
137138637
137311999
137425999
136480967
137057284
133184355
137457778
136844544
137086769
136770801
137043855
136775730
137383315
137332169
137043915
137306682
127819917
135783113
137485154
136550477
133005511
135078559
137426833
137496967
137452844
136565340
136593698
137154121
137250245
136901067
131260591
137071196
137493913
137149153
137203129
137514382
137255409
136287424
137050983
136057646
137266871
137158746
132855708
131899152
136994905
136463928
136489887
136416628
137364386
136197667
137446642
137535222
136649874
137440147
137018537
137514895
137162461
127367472
136137854
136981516
136813896
136487776
136673199
137530807
137301688
136946396
137394823
136417460
137188940
137303358
137133078
136856952
137211305
137199137
137452985
136584505
137460925
137052643
137266844
137214465
137205583
137490701
137196998
137096992
137477759
137086667
137203970
137303340
130817213
136505345
135158344
136828110
129736305
136927763
137113302
135306608
137354501
137236249
136553180
136146199
136997096
137477743
137199436
134202889
134078170
137205666
137189657
137425951
137354192
137060362
135022539
135822651
137313880
137092669
137549574
137379939
136994250
136867847
137526780
136830254
137345103
137023048
137139223
137529081
137068670
136939460
137181442
137054263
137146063
135903627
137519242
136980473
137095506
137096243
136887701
129721868
137047875
137056202
134076063
136852821
136962998
137373850
137523932
136894882
137293708
136902902
137150218
134596462
133805681
136901691
131806802
137371661
137055628
136635515
136905868
136540797
137343241
137432855
137446084
137137674
130687658
136531442
137086032
137533388
137141749
137239944
135438610
136925690
131904589
136875293
134174602
137362741
136741249
137315249
137073243
137242765
136185340
136414558
134748152
135241014
137427545
137199886
136929944
136989656
136975776
137285476
137422320
135974172
137357217
136906868
133601201
137191871
137257806
136835521
136987854
137381007
131172745
137387778
132985927
136903454
132838117
136613440
137157370
137240548
137360610
136655364
136918224
135888875
135679121
126557732
132470714
136245712
137452067
137336567
137424015
137428915
137435896
137095416
137330305
137043304
136373661
137128678
137354542
137097384
137111326
137157755
136264790
136994242
137381660
137528016
137300585
133603251
137527121
136901743
137140070
136594984
136955514
137393551
137051885
137436242
137157495
136546771
137484892
137427975
137117381
137293756
137181133
137008648
136638861
137229411
136887370
136880859
136193442
137258354
108583835
137244085
137522175
135160953
136949433
133974053
136613365
134626812
136834198
137481475
135827344
136921778
137034454
137067504
136404761
137145519
137253543
135929127
135928869
136032966
137061669
137546012
137163812
137354054
137424901
136979704
136969566
136316612
137449375
136229701
137266583
134948679
136495119
136854088
136088401
137142603
134541289
137530382
137208573
137455824
137042731
136079015
137293018
137222033
136955409
137082966
137282516
136498358
137368753
137095259
137237635
135882182
137534486
136999316
136518476
136834594
137187098
136825209
135310137
136905552
136995721
137016444
135852618
137243377
137357914
137449207
137284637
136682533
137274583
137171402
136884270
136652216
136473995
137531054
135033788
137072688
136591529
137483810
136957987
136952734
136897153
137088146
136442862
135236082
136987911
137061903
136796243
137068351
137515779
137060885
137446026
137433008
137348808
136840593
137148316
136917727
137165300
137438705
137497021
135133014
135733712
136464596
136676454
135584535
136942224
136566945
137209996
137063974
137485188
137018031
136893733
136815011
136768591
137134596
137363045
136141374
133758809
136913346
136626409
137410530
137384621
137121764
137155817
136405401
128261768
137095811
133404536
136426105
137461513
131039392
137119100
134474991
137215679
137198785
136991305
137147450
137000632
137212094
136413913
128825666
137486944
137362928
136996777
137059892
137105111
137112102
137359208
134086765
137113637
137364177
127259120
134163046
137419317
137158045
137102405
137162207
137076398
136254364
136835574
137480287
134635698
137484928
137051724
137182226
137472512
137062058
137155903
135930295
132469782
137270133
137366847
136934858
137048549
137247232
136786830
136835424
137296932
137195051
136721390
137210577
137522322
133492448
137384965
137406355
137126439
137068655
131668022
135178426
137052660
136963235
137219966
132784749
137372933
137387226
135924069
136914494
137144652
136413515
136601602
137510263
125233742
137023047
132779702
136583765
136550513
137351462
137414288
134904913
136921447
137487456
137461715
136988639
135408213
137209552
136855406
137094508
137520307
136146283
136473658
137370641
136998409
137417876
137441510
137434045
137301721
136838380
136843579
137384345
137302179
136726553
136851184
137438652
136511491
137334692
137452664
137487294
135476347
137020315
137415008
137516165
136965342
137520676
137154795
137239575
137342651
137402532
136676320
137423213
137189874
137533840
136549086
136843671
136178476
135992059
136645199
137315526
137446284
137282826
137427920
136284458
137233466
135237472
136841235
137349513
136890609
137326024
130079800
137127757
135836966
136552748
137523288
137435682
137291062
137412950
137435539
129527285
131841599
135716566
137429175
136066663
137123727
137107261
137060889
137370741
134458593
136218712
136898830
136983481
136987286
137170196
137048599
137145471
137128351
137247287
137426326
137041551
102357219
137283953
137337308
136563705
137206791
137473799
137510822
137444849
137331355
135832842
137463061
136995684
134948604
137248274
137092425
137306131
136446820
137266607
136745752
136844056
136875334
137258245
136487530
136899104
136979962
136476109
135201867
135461286
137254219
137253075
136993077
137103328
136906726
137219948
137301422
137498191
136993024
136985779
136876403
135239910
135823407
137512958
136852164
137455971
134543257
136889056
137196911
137158268
137330259
136511486
137406677
137422147
134565195
137460133
137124651
137047569
136991036
137053410
137249080
136373622
136919217
137201614
136873933
136899596
136831738
137327304
137479033
134212847
136974424
137094513
136419978
136277256
136855534
136226399
137476695
137361905
137384641
137073247
136848017
136992831
137515048
137095624
137448318
137421403
115529176
136771922
136114741
136929442
136375039
133996140
136888525
136886397
137439299
137061849
137423625
137072824
137048304
137368029
137472522
137140111
137296594
137206039
136856339
136810958
137480203
136981498
137148642
135141163
134931704
137546624
133129633
136956839
137121045
137306322
137199199
137133896
137241772
136492080
137369088
137361335
136680074
137050636
136852530
134567916
136918894
137189309
136778336
137481958
137429032
137358432
137428719
135525472
136350449
136413861
137500922
137022108
136998318
137434698
136903941
136465339
136913099
136674324
137096747
137343552
134300057
137142766
137104604
136964287
137276786
137440516
132713080
135944652
136495284
136912353
137366388
136899932
136289726
137166046
136912286
136885314
135583327
137435432
136839679
136407059
137207733
137004119
137362527
106682179
137023068
134371859
137105613
137496935
137287952
137490858
137067915
134266920
136301228
137418721
136733878
137088979
136957980
137545658
136247656
137121947
137072335
137208040
136841761
137241269
137367858
137251406
136663795
136931987
136896320
137294962
137385540
137169961
134451943
131307663
136857374
136875760
137341112
135842435
137057628
134225097
137364010
134096919
136887201
137538973
137126866
137174276
136889176
136869213
136919700
137487578
137027802
136215375
135984718
134822412
137085022
136810959
137353359
137526382
137139955
136368870
136491373
137432685
137455972
137158682
134214591
136014256
137311398
137443525
135554720
136536697
136119037
137286264
136954058
137438481
137415930
137219901
134950830
136884137
136352171
136323280
136717637
132069695
136853638
136982284
137157458
136312001
137219790
136212598
134076052
137287638
137493770
136947713
137090657
130821912
137169778
137427499
137062631
133000583
135116372
136976272
136827456
130835810
137043422
137045268
136066146
135019142
137327360
136477162
137302904
137138002
137206212
137283207
137455533
136955864
130995638
137250284
124501120
136774995
136904340
136742609
135192630
136408774
132200394
136500435
137418581
137197649
137248093
131409985
137148344
134827350
137413377
137187747
137364387
137192107
137063788
136937689
136874206
136660981
133387775
136536781
137219422
137311666
137010186
137266751
136808760
136740169
132966158
136962287
136182307
133465219
137044225
137230193
137141648
135744845
137510788
137068847
137108035
134300054
137245590
132825584
136741227
137357605
137111448
137422209
137236027
137074307
136294383
137252138
135188561
137045968
137093852
137354409
136839246
137530309
137408699
137364237
137483591
136462515
137002221
136898639
137158300
137391277
137160310
137234001
135923797
137446065
137468063
136844886
137252129
136859048
136872928
136735402
136795067
137310435
137295831
137297782
137486845
131696074
137442787
137446264
137290811
135897300
133607005
136296625
137406361
137238051
137359335
136445137
137165667
128003913
137447090
121964383
137484172
137427704
137090863
137030641
137295735
137099429
137211669
136832560
136920921
134901350
136073876
136984176
137297956
135267548
136828121
137097061
137258369
136442738
136954592
136779911
137112077
136738998
137246921
137324387
136869279
135218521
137064864
137507996
137167832
137415695
136901532
137284410
136775729
137175705
137289096
137548221
136018040
137046676
137485395
132787575
137043775
137002491
130539330
137285226
136849493
134833478
134178083
137531147
137534991
136098699
132026261
133991991
123947590
137445331
137530129
137462614
137189117
137122958
130452969
135023604
137492009
137453454
136309091
136985235
137045842
136892800
137121552
136727547
137408472
137518754
135592276
137317142
137393659
137270036
134043825
136833824
137140084
136879988
136229707
137549553
136823600
136965105
137199433
136790718
137039101
137318663
137259711
137549550
135055987
136229198
136550494
137194783
137444339
132109413
137229826
137003292
136223853
137005698
136888745
134244351
136936376
137123657
137001488
136657380
137126369
137165242
137116394
137068552
137159958
136953157
137202218
136606365
133517090
137371221
137254314
137433535
135417401
136835815
137199419
136956266
137224355
137493158
134967292
135872328
137415828
136188895
136183019
129456650
136352868
136693433
137033460
122209139
136991603
134233623
136398780
136896166
137016476
136924094
137127209
135480619
137330003
136809776
137287875
137220203
137199853
136956321
137326473
137163821
135631468
137088778
137497438
137211257
136321455
137367048
136961819
137042544
134482392
137438829
137281690
137254030
137514311
137320450
136361084
136902165
134219460
137064730
137345729
137258500
137052388
136717872
137219845
137098179
137280750
137362614
135903127
137062165
137038708
137546006
137281628
136894957
136188417
135514591
136890770
136348468
136564255
134455267
136898347
137198952
137237864
137037952
133952970
137102420
137207718
137521558
137213993
136835967
133553516
137147042
137139246
136794477
137213539
136545731
137256922
137301833
136933726
136998175
137001892
131935720
137215300
136687701
135557343
136836109
137462364
135863109
136810976
137218967
136960638
137011255
136469470
137061983
136777467
137412418
137520940
136305083
132923029
134983527
136179718
136866074
136404556
136818759
136365089
135230682
135923094
136203911
137014541
137095549
132663786
137514511
137313391
137161799
134939970
136752579
137433921
135348635
137244136
136739793
137221623
130995639
135128695
137196750
136903206
137175541
136945995
136842082
137364373
136862619
134217147
137452586
137471710
137154043
131038112
137437185
136812559
137531704
137502975
136659794
137042656
136903099
137073994
137252053
136981491
136893702
137116617
134177666
136896765
135561467
137113487
136921276
137051305
132856465
136878547
137129475
136630522
137140179
137312625
137549546
137351718
137435142
134942950
136868944
137448558
137145231
136373518
136860676
135434624
133830389
137461854
134967301
136985214
137045078
136317184
137160524
137073772
137107964
137342517
136132453
137099937
136891483
137255593
137102411
136154928
137062569
135844985
137530587
137203131
137358685
136673823
137179633
130161722
136321382
130279256
137213581
137391727
137272279
137485541
137497924
136461279
137151536
136624409
136230799
137358438
136826132
137496752
137148293
137036493
137015208
136908198
136844988
137216552
133604737
137453167
136838198
137151062
137549756
137217283
137197748
137369955
137380602
136872118
136971902
136707342
137422543
137221867
137448123
134014426
137516002
137294649
137532246
136868670
137072251
134100630
137525781
136196977
136888844
134756837
137314764
137293404
137157287
132864131
133054588
137071988
137141884
137163028
136969954
137256270
135778274
135561949
136560151
134822599
137243075
137032238
133775193
132461489
137144377
137364813
136489655
137204822
137135460
137162937
137540628
137207731
137300617
137445956
137197024
137311069
137516205
137236127
137233928
136917089
136633522
136881770
136839878
137387483
136891144
136825801
137395462
137550182
137280173
137360007
136879125
136964706
137152084
136261454
137365960
137121015
137004755
136858513
137539183
137117389
137379275
137094499
134691495
137413395
136968496
136341492
137028410
137205004
135559403
137317901
136986105
137017837
134174600
136996270
137149300
137533655
137138674
136997440
137511313
137163589
137067897
137364767
137266821
137159159
137155647
137057038
135489282
135973715
137159526
137242037
136836697
137392491
137092517
136077444
137113001
137107615
137367029
137255530
137308651
137316434
136871208
137436130
137102027
137301570
136613333
137105609
137494378
136195893
137033683
137364064
136128336
137258115
136550468
136324824
136365900
137316492
137437487
136645689
130315977
137524069
137210823
136964997
137219410
137199840
128970604
137517040
132119544
137039224
137312803
137216179
137456626
135430977
136927005
133549548
137166073
133844239
137437152
137252817
135882277
137379153
137333171
137060094
137350187
134769008
137077804
137062192
133473034
135016297
136799282
137193808
137153797
132830956
129637249
136888746
137068051
135313710
137294963
134946959
137259257
136818492
137237828
137297737
136893432
136032665
136859823
136158829
136881309
136883670
136179715
137481547
136069232
131771617
137485303
137490545
137406956
137487803
137295819
137241220
135966146
136071256
137134639
135380112
137519864
137433244
136538613
137066825
137127933
136876151
137420149
137186736
137065912
136967677
137438963
137185995
137169363
137034289
136547016
137102470
135483225
136474886
137141868
132364382
136909562
135976736
137296502
137442650
136587713
137313404
135662255
137459854
137255092
136997755
137118243
137105517
137138853
137489514
137379826
137166241
137359787
136921742
137363032
135926234
136920689
136461694
133875992
137517487
132297634
137141838
137517783
137097292
136968923
137239157
137038276
136541153
137121917
136404833
137420120
134754884
137040998
137062551
137484524
136940454
136690559
136496162
136948974
137159688
137463127
137146274
136909601
136904333
136645014
135449487
137227848
136822015
136994254
137376514
136889871
137198794
136639242
136217052
137353026
137330791
137280928
137064377
130218764
137295109
136939397
137353824
136071040
136983774
136375744
137001871
137153375
137227595
137210546
137312164
133055912
137487618
136967880
137208988
136966809
137073017
137357874
137303051
137110439
137116158
137367332
130970982
137241692
137151405
137463595
136929194
136063503
137335170
135814882
135935524
133311122
135226819
136905529
137037576
137227241
136926726
136498121
136897400
136836073
136897592
136854618
137061999
136990439
137248434
137236506
136609367
137045811
136835573
137363997
137337577
137201120
137367049
134219376
137142571
137324501
137499530
136960639
137495455
137527035
136863648
136394436
129943523
136565204
137200032
137205435
137258726
136073211
137066881
135695767
137236886
137346252
136879841
137459292
136367174
132992678
137330010
137387984
137447664
136916804
137372147
137496962
136127845
135527376
137259870
136892187
137199144
137523022
137415537
137503665
135054935
137054426
137076562
135026355
136069261
137090399
136719210
134074039
137187053
132121098
137476463
137325443
136660870
137336443
137094764
137299030
137271422
137043369
130382702
137294993
137038905
137503031
136880455
137216765
137256493
137462462
137311340
136995751
135736938
137249983
137030052
136997015
136101596
137213647
136900853
137115344
137276762
137366084
137283061
137534405
137193665
136962428
137048331
137307434
135849992
136930691
137512103
137199751
137046038
137101994
137116280
136818627
137189270
137430856
134544669
136828861
137115158
136739127
137296999
136884292
137188245
136075716
137290654
136651952
137136142
137153707
136994928
136456452
130452758
137359839
137356456
137447006
136442743
137026997
137432683
136141281
137452839
135832668
137113532
137521040
137486548
137444932
133291997
137064519
137146915
137185993
137295482
137120903
134656785
137353770
136204304
137114612
137448060
137254693
136575386
137482004
137109236
137061400
133215154
137296396
137408738
137249295
135521664
136999304
136550521
137356542
136906531
137539526
136964302
137083066
136769083
136957652
136143763
137188560
137171681
137097651
137519389
136701230
137521151
137420407
137302046
137196983
130498605
137186016
137267122
133220915
137126995
137056266
131858402
137535291
135485889
136963783
136920952
137063143
137311116
136086732
133525909
136859661
114811554
137280129
137100100
137294280
137199925
136854472
137441067
134589165
136835104
136599903
137288472
136884937
137157209
137418521
137187241
136981464
136884269
136670299
136761122
137119893
136550360
137099215
137122713
136968425
136071515
136997430
137533495
137139693
137496954
137128949
137073984
137317637
136821086
137317352
137347732
136931094
137155016
137233395
134265916
136418144
137028180
137080850
136522945
136800886
134825200
135275106
136958107
137525227
133911968
136985568
137524670
137149624
134094033
137052725
137198950
136693661
136829191
135275985
136964691
137448723
137036454
136904124
135824588
136254723
136958084
137055850
135196425
137486244
137532634
137111713
135144560
137534318
137491926
136511495
136719437
137292391
137348664
137369802
136845002
136251074
137180451
137420470
137533804
136881685
137549543
137308883
117482053
137233334
137527930
136856158
136907019
136886844
137071629
132826432
136883180
137396739
137438741
136554447
135348985
136824846
137151957
136447416
136285128
137486009
137238900
137102842
137331379
136824083
134170911
137257374
137511969
136126525
137111819
130995640
130995631
137122331
136944040
136902546
137071698
137118482
137541431
137016432
136926047
137190050
136894393
136632844
136860287
137143809
136418188
136927432
130639502
136255029
137351722
137269946
136977044
134983662
137110476
136366397
134529634
124120214
130995636
136839186
131999283
137162754
137072966
137302533
67345392
136853293
136076783
135934292
136828605
137380006
136877101
136080733
137428184
137512700
136838650
137045221
129624064
137047602
137418024
136885519
136242775
137023067
137388052
136975038
136958581
133284752
137219801
137421791
136626168
135841066
137492658
137095301
137355964
136077805
136416212
133963263
137476564
137145110
131557034
137031769
137367902
136091386
137407190
137201879
137327405
136265452
133309853
137144724
137049425
136938300
137208525
137329162
136830282
135734279
137159413
137091295
136281037
137047663
137224383
137109688
136986772
136224068
137004861
135485540
137151531
137091033
135239628
137514489
125501954
137302537
136308682
137300153
137516510
135774583
137199875
136710995
137371337
137050533
136882797
137364391
137336398
137317002
136449591
136385744
137170815
136902679
136490704
137355182
136223765
136855881
136908194
136644396
136650941
136258785
137079503
136879371
137193558
137139207
136989839
137312781
136900555
137312805
136907676
136009236
136893609
137206229
137495360
137109340
136170182
136291150
133326768
137368829
136884081
132756289
137286780
137242445
137203128
136125761
134537541
137347072
135978893
137481769
137354956
137185802
136157390
137128677
136679642
137299679
137204919
137365043
137077660
136435786
136186710
131535933
135014915
130497387
137114078
134544152
137083621
137427490
136916926
136877477
137022059
134960890
137218656
132687133
136550469
136857376
137200132
137301661
137484291
137240026
137020037
137145717
136905749
137521220
137538191
137421882
134212138
130117847
137429892
134419663
137249489
136925966
137507648
137136842
137220911
137107394
137051673
134834155
132341591
135133108
137237809
137084653
135866081
136692158
137219424
136967546
136502383
137549542
137046792
136286582
137296006
137356461
137499547
131981968
137369734
137514678
137374745
136375446
119283666
136163931
137301003
136993468
137299101
133762532
137113887
137373047
137049428
134722245
136121324
136863223
136385703
136636022
136214011
136930271
136589800
136195263
137480317
136478765
135181952
137250240
137046210
137078061
137198369
137134291
137245231
137123027
137369597
137147247
137475027
137253337
133050915
133892428
137533022
136990175
134070904
135869622
137465122
136911400
136086754
137016459
137065676
137245797
137495441
137389645
136869266
137446059
137481878
133979214
136449896
137258316
137052251
137135529
137549568
137200372
137276765
136979104
137342539
136963483
137146611
137083222
137513288
135985906
136403373
129286594
137372412
137063006
137254300
137380411
137349025
135896640
131597154
137214118
137206244
137076246
136995392
130453404
137547942
137465469
137089252
137011707
136901099
137214729
137292589
137380417
137254086
137406271
136838252
137443817
136842101
137043043
135820339
130331734
137314340
137391436
137118391
137127625
137524712
137302085
137129469
137330733
137067750
128574297
135663775
137085179
137004043
137133561
137414164
137526978
135349689
137437307
137351424
135271554
133521558
136994256
135995285
137119626
137461160
137109618
136284779
136070876
137418901
137402157
137142209
137028834
136956264
136860208
136891958
137327475
137316149
137200027
136417780
136711877
135945138
136502824
134804315
136967693
136886106
133249405
137200883
136136353
137174352
135480400
131381740
137011683
137463615
136425545
136556227
137346419
136380135
135920523
136990170
137428481
135796380
137545650
137144099
137241089
136375827
136146623
137078431
136951448
137448596
136846536
137423104
135687788
136589561
136120571
134724741
137234295
137486485
136958574
136262978
136126066
137061565
137429431
137332847
130787401
137126254
136257086
137023034
136907402
136352516
137529547
137152820
137153070
136985028
136890492
120017676
137445370
136413643
136577121
137394662
136510978
136988680
135046068
137412892
137424738
133797614
135637387
137283748
135827964
135439331
137300476
137202903
137146669
137039667
137370193
136413859
137070096
137235018
135981386
137010566
136561172
136071916
136913486
137283058
137296762
137067528
136955511
137540750
137308711
137431003
137486663
137248444
136965084
137487293
137367811
136462584
130328891
137370091
136559636
135066187
137238736
136886710
136739720
135178937
135815028
136466564
136873787
137482649
136829285
137326479
136809279
137136769
137077552
137460778
136825957
136810950
137219298
135120656
137435922
136494220
137049989
136176148
137334300
136544459
137023026
137383299
136987198
136743225
136827444
135554962
136906824
135821744
136322121
137040872
135976584
137145447
137118208
137317392
137290177
136914715
137093988
136994127
135923569
137482586
137064001
136952915
137069658
136413914
135023822
136910961
136934095
137328041
136958904
137428787
137176710
137473174
137052061
136908760
135827572
136480460
137025597
136921048
137167317
137479594
135900421
137181355
137364161
136062272
136174631
137537798
136823545
136928030
137163965
136918893
137086892
136876569
136733028
136712017
136902906
133084296
137084399
137070839
137505481
136926670
136868346
136905256
137319238
135795595
137187451
136879297
137424273
130527241
133216521
137068434
137283388
137216366
137359843
137519513
135517749
137533833
137415268
136433486
137174422
136193755
135084108
136404448
137369581
136461398
137244929
137406540
136639239
136179961
137390418
137525800
137364715
137266867
137430354
134174880
136887716
134273390
137233986
132119736
137367979
137365482
136926683
136859863
137373085
135685134
136904833
136930065
130995659
137259347
137201654
137254118
128658597
136920264
137547629
136978607
137182730
137472491
136621531
136977356
137532559
136825688
137037766
137111066
137148933
135964584
137105605
137426348
136924303
137109849
136841113
136859305
137150044
136893264
136312039
137210936
137441998
137311325
137311161
137155440
137284837
137066743
137471068
136440266
137116502
137174897
134978615
136826644
136942049
137537411
137047027
137329630
137364364
137432026
137190647
137009969
134222796
137258120
137496870
130813685
133983026
137463208
136938621
134368143
136961179
137196152
136658774
136071467
136181649
137453313
137329059
136976026
135942276
136414221
136298699
137530615
136702416
135232863
137023053
133023707
137520833
134332446
135947348
136186088
136892605
136979623
137208557
137088721
137201393
137462628
136291994
136998315
136145458
136511503
137527170
136991727
137284600
136882913
136118924
135908923
136562170
136841140
136957417
136918728
136769825
137205166
137412095
134491263
136963406
134057272
137360717
136891785
136851172
132787721
136890184
136832314
136770129
136857695
135304545
137199870
136968397
137366102
137162845
137168421
137079407
136474847
137241092
137445619
135380817
137368410
136144997
135231735
132714996
137354981
134767377
136511497
137438895
137005108
136958578
137543843
137127621
137130001
137157286
136896287
136994090
136962760
133096910
137128207
137208198
131450314
136965359
137148322
137142133
136900668
137383557
136882384
136272657
136922583
132913470
137266757
137320612
136882036
136665051
137088456
133268003
137424763
136412752
136813723
136887860
137328327
136552058
137080650
137283367
136659618
136829503
136216783
136907268
136883468
134614474
136973332
136954753
135750399
137444785
137158778
132982228
136085930
133060874
136240971
135128979
137216169
136136225
137534688
136917567
137055647
136917922
137111674
136212490
136561989
136810962
136960410
137499158
137005113
137533739
136539449
136909534
137306337
136471822
134749802
137492433
136918855
136898270
135029530
136955552
136825953
137257926
136114740
137481616
137415830
136262761
137158257
137198639
130452679
130995646
137068615
137025032
136325701
137153244
137381625
137486698
137006760
137528197
133146441
137525166
137064117
136915259
137490334
136885543
136908378
136994333
137118145
137473907
137111087
137515763
136893666
136595092
136849850
137306168
137371978
137030996
136865872
133082932
133030098
137023027
137200864
137209877
135439792
122048324
133135692
137039373
137458116
136801910
137297842
135998934
134455706
135961276
137549578
136859299
137007513
136989368
136390079
135458494
136982181
136691411
136840863
136682647
135560619
134490660
137003188
136122224
137137677
136987294
136988791
137104550
136592181
136404695
137251831
137067009
137352192
137440976
137294451
137311182
136649955
133734188
137147459
136986226
135842972
136869936
137459714
134370297
134674230
137038050
137169132
137026539
137254188
134302881
136827997
137206469
137375911
137425728
136945088
137520960
137354531
137124434
137508876
137301887
136792274
135077702
136930409
137000714
135590526
137124418
134757907
136977545
137300403
136853051
135285558
137352667
137191029
137136659
137266826
137218098
136835572
137144688
136493779
137127213
136475286
137462335
137442706
136217512
133394411
137276793
137464664
137100191
137543733
137083754
137188619
136394683
137162034
136547099
136783949
135558565
136285076
136786987
137520507
133035106
137153681
131960880
136929758
136998408
136859696
137323108
137123884
136926901
137495984
137248925
137024372
134526681
137266591
137370957
135542596
137495067
136904685
136928282
136836825
137481963
137356499
137035569
135824629
136825808
137100423
136032722
136236548
137000650
137224039
135156152
136185343
137460263
136832802
137440050
137166405
136896551
137158008
127108379
137292448
135253888
137486060
137354429
137344976
137514017
133189665
137048802
136597594
137117998
136320620
137266876
136501878
134843435
136974984
137103240
136851768
137092535
137320713
136666317
137242142
137239990
137089158
135244564
137535941
137256473
134381023
137496955
135554162
136160394
137091032
137145484
134984456
136968497
137305703
137549547
133124468
137212826
134677321
137453971
135610507
135827323
136918037
137480737
136085838
137488747
137487863
137055869
137241157
132839217
137203660
135774584
136116206
136889151
135739070
136828498
137533921
137009831
136872155
137001351
137303266
137292588
135446700
135895119
136985136
137296289
137048790
137122280
137427221
136893717
137063741
135736344
136262770
137227333
137524797
137428237
136975064
137044038
137327592
135815013
136482273
136567252
137466784
135896894
130396595
135419204
136250167
136905106
137138822
136565114
136177431
137466189
136923148
136265003
135663646
136605373
135363944
136990637
136867635
136917430
136071257
136963593
136067023
137255894
137518579
136049038
137434658
134603513
137353334
136891983
136962850
137188733
134717822
137054342
136902163
137088620
137022055
136094769
136176732
137418544
132329683
136452626
137135166
136822943
137290934
136987806
137126747
136975113
137463473
137310619
137494665
137173591
136235667
136920715
137426956
136766838
136955614
137514199
136028884
137328658
137516177
137254304
137423732
135615978
137456519
137199818
135141135
137142155
136877595
134291889
136983600
136827454
136304700
136671944
135067048
137138088
137442798
137007445
136256813
137438464
137266846
136922443
137080333
137091573
135276473
136991551
137376110
136141335
137518846
137219892
136354696
137251392
136939424
136644382
137058923
137391254
102250440
137181935
137158422
137494293
136868191
137167696
135830520
135724876
137036378
137419301
137135227
136810939
137299439
136462934
134900948
137258031
137087651
137203037
137426095
136716152
128658368
137120168
137202920
137064518
137422074
136886384
137406992
134880648
137341451
135199954
137365365
136956841
137101355
136418056
137276415
137116292
137041799
135643425
136906533
137395660
137037239
137489831
129625644
136947737
137176604
131975562
135854288
137101287
136669634
137296943
136874425
137321319
137368561
137276769
137260039
137185620
135514095
137251266
137220349
137393759
137055986
137306778
136591321
136868398
136806470
137062962
137287199
137537327
137023045
136519935
135268244
137260024
134918096
136827308
136869119
137412852
137039246
137155734
137091094
137500582
137076931
136877946
136651881
137194181
137459532
137462776
137144561
136308786
137219119
137369263
136931071
137266784
135009980
135309396
137240615
137549570
136393530
136928316
134386097
137108705
136898449
137077715
136626706
137493064
137361097
137202177
133989823
137501218
137245557
135489065
136959273
136955894
136984695
135760691
137137884
136968552
137005422
137229185
137003225
136557950
136978469
137395307
136909268
135932352
137195820
137368873
137251283
136614944
137133476
135300443
136537060
136894094
137493663
135873428
136293817
136884574
137101616
137342718
137201886
137241533
136955710
127056133
136891769
135886042
137003686
135248506
137244847
137546986
136179689
136091519
136828890
135544306
136885686
137205584
133890878
137197312
137466074
133488389
136385806
137165780
137235761
137056588
135946085
137185154
137465007
137193150
137422780
137392579
136543090
137388787
136949467
136826700
136900318
136001436
136356645
137380539
137198793
137061067
136141665
134895269
137418640
134764505
136877426
137094981
136771388
137535471
136891407
137063637
137491930
137356295
135921467
136957826
137063598
137358797
132028520
137070584
137395102
137276764
137022062
137064784
135360333
136882856
137091954
136371537
137330597
137166394
137023033
136152200
137370014
137157069
137499007
137236105
137309007
136945279
136075985
136139312
137346465
134824641
137123009
136539762
137039870
137248165
137440371
137207286
137369463
137258728
136875573
136777973
137156507
136877943
137363710
137371025
133514523
137004996
136554515
137431783
135821722
136982182
137327045
137359294
137331262
137258943
137168199
137522703
136873979
134581939
137367792
136993803
134548115
137361070
136161516
137259014
137140554
137105242
137412850
137416182
136718688
136702129
137302049
137448016
137383166
131423444
136865682
137136340
137430558
134877842
136491546
137022044
137134502
137191540
137320426
137425311
137442822
137534657
137199859
136967738
137321285
137075908
136829256
136648645
137508720
136956586
137306815
136916359
137103357
137045500
137046246
136608162
136892412
136830319
137111255
137057137
137416987
136742309
133761671
135424009
130916462
137229102
131407662
137002960
137176733
137026181
135613014
137160180
137148673
137439673
134339790
136650354
136967680
136484020
136898588
137441634
136219270
137537199
136418336
137274215
137045412
136856622
136406056
136955865
137069124
137191913
136762768
137242188
137255270
137199432
134994225
137152302
135884562
137022069
137318890
136322325
136154603
132058384
134943740
131397417
137250957
137447348
137092161
137476252
137111306
135017435
137327662
136908550
134303370
137379805
136896377
136843581
137295772
137063738
137075915
136955413
137494804
136943740
137000156
136777460
137266801
137541508
137076789
137382288
137495769
137356290
137518671
137067444
137220206
137122341
137133288
136813476
136994252
136939824
134701284
137235775
137085087
135555521
135728416
137176876
120848294
137443384
136857259
136995227
137380140
136913453
137513068
137126528
135471172
137195774
136974404
136496587
135995920
131380742
136955028
135933229
137155177
137006632
137298838
136989782
137245275
137499023
137075936
137501003
136990584
136882503
136764321
137257688
137259282
137259670
134376241
124630375
137102689
137166392
137115038
137204177
137338695
137521202
137292923
137530692
136895003
136988619
136905250
135774585
136496207
137250888
137122269
136861107
137127204
132926181
135814993
137430349
137225682
137199180
135909301
137105569
137242401
137376109
136821538
137207919
137353200
136959237
137222155
136437718
136487230
137434700
137504049
136476766
135422140
136935536
133091175
136375369
137482842
136827395
134107227
137470689
137062716
137198079
137060343
137020738
137006064
136415708
137000023
137266864
134879995
137492991
136862406
136581990
135383448
136898546
137447550
136980262
137369698
137140634
137443573
137495726
137433631
137033966
137364369
137123855
137136481
136089905
137276758
135011625
136845143
137051245
136723820
137291210
136832835
136960445
136318876
136673930
136891752
137250345
136941205
136964453
136656057
136658637
137422202
135834160
135545080
137006640
137359654
137214773
135431368
137331505
137035281
135811782
137137347
126161079
136430734
136894781
137286328
136967686
136661810
137420654
137046668
137364521
136592914
137370452
137299408
136994844
137142251
136842298
137413730
137159593
137058174
136720590
136893697
136897468
137195707
137003671
133537183
137436875
137291211
136919047
135046616
133859636
135818689
134026919
136979506
136422735
136989525
137202806
137255300
135610513
137208339
136745297
136928390
134385558
137046990
137249573
134564030
137129850
137535093
136917824
134455636
136894898
137074238
137239217
137310977
136915476
137029754
137538908
137180821
132126517
134560612
137187843
137023052
137419105
137523222
137186168
136918248
125470372
136419185
137357451
137362319
135484838
137521680
137471719
136978706
136968120
137412399
136295145
123438021
136721649
137497238
136870324
135952665
137137828
136479279
137004741
137191661
137441498
137233565
136912147
137062043
136597658
136953041
136559138
137254210
137022105
137491098
135916091
137364379
136986389
137065012
137501285
136315353
128970406
135236083
137502061
137336583
137386372
136947694
136375999
137041485
137548672
136496395
137465924
137480338
137255901
129949295
137491797
137287356
137519224
137499102
137145637
137180125
137494457
137512696
136502588
132361694
137156218
136700793
134075492
135939544
136132788
137383966
136504962
136212514
136873404
136942673
136909563
137075921
134571618
137415653
136061454
137434004
137511623
137144663
137410186
136793397
137249197
136838386
137456751
132375186
137193695
137208523
137447596
137534355
136810928
137294797
136848462
137438784
137440059
136671957
135319450
137000935
137180446
136967634
137314579
137449477
137472757
137135489
137206762
136900278
137516368
128441814
136838886
137059696
137044523
137376025
137058838
137056964
136998751
137086028
136327499
137361361
136448251
137120074
136736541
137264781
136403724
134386621
137108431
137069318
136822081
137492764
136115876
137508883
137477359
133279726
137111100
134846382
136558194
137486755
136596919
135123225
137322383
137302865
137369623
137050201
137539077
137111351
136074935
137004703
137129852
127806043
137069325
134277240
137453606
137127921
136915488
136090029
137097620
137533155
137533359
136804420
137188482
136392768
137030038
135059688
137052158
136875663
137020092
136350244
136958068
136114863
136395138
137290838
136891746
137028879
137190950
136995041
136974721
136907273
135575734
137052439
130817214
137496083
136079467
136073928
137193224
133409704
134383127
137518989
137360690
135870500
137061388
137073980
137515385
137371316
137207333
137535274
137101899
135871513
137368755
137232496
121696566
136957193
137527900
137390146
137394379
137371544
137453028
136422830
137284790
137062579
137291705
137100109
137315134
136892067
136326119
136930991
136088882
137128255
137040055
135979379
133756854
137159979
137211082
127091194
136119055
137493971
137051974
135236457
137244823
137413551
134758106
137491043
137306523
137315982
137538199
136930598
137244319
137022124
136575430
137171680
136494991
137121697
136657110
134893464
137231430
137517232
137091154
136639246
137140530
133343315
137460132
137329907
137533928
136357069
134611933
137314939
137266774
137208729
136919220
137359660
137156077
137155958
137116241
137332103
136072598
137364467
136035450
136530962
136851270
134881609
137168930
136669444
137497018
137061634
137321315
136992988
137237453
136907852
136981141
136544409
137475394
131374853
130587841
136992953
137134063
136851636
137041448
133258271
137065695
136849162
137056681
137202791
130838076
136962799
136171202
137238633
136930207
137500512
137058212
137066407
136796021
136957044
137044602
136114264
136856840
136181455
135810138
137223735
135942376
137083139
137304202
136984440
137516027
137487852
137116661
137249779
136829467
137091714
137358204
136416436
137305451
137487680
136373759
136958334
136246202
137316553
136376889
137534564
136192983
137087826
137201470
137200654
136927346
136559063
137217140
137201884
137252333
132526465
136830858
137243096
136898219
136994251
136593497
136850777
137352740
137392012
137529852
136798374
136152140
137208521
136816281
136472375
136113847
132439856
137075947
137342664
135960175
137447703
136442742
137480558
136360556
137103594
137519584
137202038
135904085
137003098
134681533
136899802
137149021
137525464
136714897
137262997
134338169
136465646
136431604
136988200
137321286
136880866
137255111
137458403
137057969
136810716
136960564
136810638
137246205
137247359
137353116
136993738
137484169
137157205
136999313
137471067
137549560
137184617
137071830
134973909
137516949
137525259
132790980
136865019
137119319
137249306
137408459
137537887
137142151
137229763
130320529
133926394
137530913
137200388
137518050
137324744
137481967
136639313
137523640
132321197
136465480
136113072
137010199
136834610
120566468
136511506
137029653
137164694
137527532
137298658
136711772
135324744
136836136
136895302
137381001
137314279
134978021
136974827
137194714
137481148
93135640
135011602
137247447
136625416
132401669
137076631
137533041
137074083
136949605
137011230
137122728
137259344
137045793
136498777
137044407
136917627
136957071
136982174
137476565
136785982
126418013
137174364
137119762
137524241
137512281
137374109
137331428
137496055
133132855
137084854
137540970
135367432
137110869
133997478
137046434
137063501
136470508
136894077
137194315
136884756
137449289
137266750
135744970
137200362
136905144
136511483
137034081
136388795
137393792
137123562
137520695
136899317
137495654
135902614
136855987
136454023
136914323
135639832
137430577
137415749
137014371
136553276
136831306
136639740
136825691
136296280
137350995
136507248
137131869
137549178
137004995
136416677
136786148
136614934
136935702
131422366
137143231
136619900
137199428
136887025
137493429
137541540
137068531
135416599
136481320
137229684
136868171
137465556
137252392
137145530
137484962
137406232
137534406
136066596
133203628
137422365
137447092
136674757
136892076
137138626
137215084
136884299
137075934
137362659
137134956
137301417
135390851
136262485
137264201
136861423
137213985
137052112
136737258
137117740
132830954
137285410
137068749
136915595
137009813
136442619
137167258
135966715
137318936
137008232
137057181
137385149
136416678
137434602
136550531
137381490
137547444
135692467
136896052
137214691
133997958
137075751
137060635
136119435
135713720
137474778
137010142
137376116
136985382
137489494
137075924
137417679
133097181
137266592
137427487
131502010
136913263
136032164
136831472
137380088
136184849
136881538
134617607
136723492
136494537
137245358
136966522
137336564
137016436
135786249
134738252
137299652
137117840
137134679
137159198
137167095
137075754
137096805
137104555
137124631
137053840
137196078
136899680
136938715
136479347
135871062
137102418
137220307
137161863
137208127
137472740
136853660
137257993
135835591
136966387
137408544
136874236
137127195
136876144
136541224
137044598
136930059
137443948
136358809
137386702
137515724
137138915
137000291
137481952
137370875
137364066
136437810
137341687
136673696
137383476
137287302
135351397
136788335
136120969
137098735
136897656
137484995
137510922
137382036
137003185
136963729
137122195
137141423
136942817
136884762
137181949
135890767
137299864
136697194
133704536
137016466
137244800
137292794
137139670
137149305
137191329
137500330
137470790
136919221
137334610
137105873
133516576
137133353
137106237
137380191
136435621
135997898
137380683
137338463
135926890
136880376
137095018
137002541
136905776
136994706
136662391
137235675
136905934
135412771
137322237
135795432
137445998
137352097
137448324
137534315
137384668
137236379
136841400
132790981
136968916
137469862
137421234
137449509
135521766
130782044
136902768
136810077
137089526
136411540
136892014
137195972
137075886
136964933
137471987
136967323
136887167
137250255
137519782
137472511
135631944
137445858
135925420
137360005
137056036
135909453
136103941
136987446
136598841
136664368
137066647
137196770
132207062
135990799
135276474
132804869
137394267
137415308
137210533
136884329
137492654
136928966
136839649
137456693
128560388
137245400
137530754
128079547
137287354
136589113
135857043
137417675
137016433
136818931
136524813
137362050
135262655
137486072
137107834
137128907
132513814
137127878
136999673
136928832
137181139
137234711
137457727
137128056
137548428
135660115
137051021
137006493
137252260
136391179
137276797
137246279
136034001
135812918
136898300
136961364
136450191
137116493
137442018
137266618
136090631
137501159
137482131
137199854
137427305
137152575
137062675
135205375
137487932
136422402
137463343
137521619
137164697
137234046
137509108
137169766
137372723
137052944
136808224
133135357
136917589
137233722
137538072
134481843
137074496
136932996
137130658
137540010
135030298
137073321
136745079
137188151
136895468
137184870
137395301
137090495
137022103
136886585
136156459
137062807
135050340
137518080
137091050
137248631
136968310
136869446
137441681
137288377
135111236
137182252
137066534
137497687
136795615
136522108
137519558
137541539
132855566
137004323
137200640
133216071
137433280
137008029
137364392
137406675
136905958
137339140
137016437
137149508
137222190
132849017
137336892
137253006
136096292
136178912
137338671
137147244
137381747
137006240
137123830
136587935
137519363
137313237
137138053
136897578
137190707
135946161
136400411
137022089
137199434
135962370
136788371
137084915
137515039
135874764
137063113
135679111
137022104
135892064
136898523
137048060
136126123
137152409
137280171
137129711
136027453
136808628
137352610
137320177
134271640
137472477
137541422
137338755
136913897
136316328
135881626
137181738
136961407
137114192
136904139
129713694
137200960
137121401
136897903
136885971
136916809
137530402
137390590
137202845
136235093
132289388
137260976
134722259
136686488
136992762
136493440
136002839
137126791
137078703
137278466
137453181
137259125
137294326
136926896
137362110
137366030
137089705
132858386
136859813
137446638
136905460
137082212
137098112
137109317
135821665
137219327
137383384
136312299
136972800
137027536
137184319
137106063
135914366
137069216
137352400
136166808
137336679
137217133
137276795
136550459
130425245
135894461
137138882
136987382
136675696
137490550
136688012
137445782
136210827
136830886
134371907
137254227
136999208
137417180
137138691
137295028
133360262
136890213
137371368
137514550
136951220
136386321
135473050
136877268
134231905
137119082
137139948
137197793
137425105
136857893
136994247
136893191
136931586
137068633
137357569
136856920
137101998
137477933
137206861
137445879
136599365
135579223
136078286
134570408
135659924
137192428
136379533
137126318
137368353
137530510
137296256
137411236
136546759
136899891
137074814
137465113
137536327
137233240
135522042
137146928
137364054
137187711
137509701
136920277
131419338
137301868
137474457
135433478
136882389
133982183
136985973
136889137
136442746
136591156
137480360
137500868
135622466
136511493
128330906
137495340
136661717
137527389
136935866
137156144
136200347
136959513
136926236
133956792
132177607
137376485
137319500
137123135
137364383
137186964
137054543
136321805
137236503
137469016
137492988
137421315
137105229
137332603
136465620
135236084
136907646
136471372
137077626
137433423
130252177
137143396
136566369
136865753
136414566
136928480
137011232
136595184
136912153
137546422
136511522
135125452
137351821
137444477
137496959
137315356
137237414
136381238
137310889
137201082
136878534
136896562
135935711
135433982
137362916
137479301
137171306
136919219
136470760
133667986
137186884
136690586
136742628
136855984
134941456
133391312
137383216
137417857
136721392
137057367
137421237
136880875
136238434
137138061
136394584
136995341
135520490
136832502
137136893
137187043
132930527
137123226
137417177
136444074
136216047
137112680
130161802
134293868
137386427
137011239
137160385
137345377
137329172
137241323
137294997
136920657
137154062
137257496
137531801
136883561
133850959
137006410
137186150
136992150
137146716
137215785
136861539
137062044
136366212
137257360
137154038
136035355
136810975
133239367
136327876
136897876
137429114
137053228
137208960
135512500
137329844
137510785
136982310
136540896
137505241
136236620
136592040
137095451
136993287
136806805
137527864
137171475
137461803
136788716
137240268
137381059
137374999
136241457
137060489
137151734
137137290
137367787
137054171
136242846
134812556
137521096
137274356
137395596
137341493
136457294
137283323
137138448
137225017
137092240
137348894
136894101
137266775
136890439
135558367
136513346
137491522
136901580
137538071
136074855
136883800
137447166
137286272
135205419
133135694
136926398
137369601
137160421
136902642
136501307
136906609
136402833
137366586
137173753
136962844
137122575
137043115
136853654
137224202
132734335
137235819
136920116
136833553
137249944
136862988
137244851
137328213
137157185
136067215
136060753
134071816
136880411
137531339
136852210
137239267
134786893
137428365
137422004
136821876
136937980
137085302
137149489
137011251
137244813
136824583
137125496
137342520
137005143
136650953
137380830
135942136
137180296
137256271
137220346
137362498
137056353
136599247
134359971
137359649
136865232
136985759
136995141
132189344
137281030
137534669
137130842
137266752
137215168
132340311
137252556
134493614
137165013
136863465
137212856
137036094
137328302
137481621
137092866
136224225
136790522
137518411
136452829
137522991
137441942
137518694
133215509
136511485
132111987
136929592
136836100
137230181
136225402
135843799
137239428
137472475
137005268
129382781
137258096
137126977
137251380
137321320
137124605
137322928
136962205
137132377
133828756
137350318
136879527
137266851
136973733
134621598
136504949
136591987
137301883
137375910
136959121
137247712
137046758
137428709
137296009
137234044
137008157
137220833
135602064
135560907
137195762
137259177
137084799
137302407
137260610
137448772
137187004
136862563
136890221
137392002
135321039
137369158
136885501
137063103
136860734
136796571
132837744
136959104
133194759
137245495
137430941
137291880
137017823
137000398
137333396
135308326
133612736
136320366
135012696
136906410
136734984
137098887
136987937
136967685
137535578
137516344
136855992
136534789
134786524
136895467
135357255
137329120
134201738
137433923
137256228
137361957
137516936
136992515
137219265
137308620
137044255
136226664
136917447
137482814
136934513
137266617
136998263
136859831
137319431
137250653
137122505
137011506
137487232
137125902
134428231
136176071
136649954
136511482
133812818
136999670
135503460
137216886
137492683
137513731
137100023
136929785
136857865
137384904
134934673
136154476
135858724
137304070
136066429
136417409
131751908
137325442
137167162
136557481
137068372
136211569
137393097
136711293
137515936
137424083
137472641
137190842
136815367
136860176
134537111
136511504
135609338
136982848
137331644
137075928
137447741
135934046
135720205
137523934
137207843
137433323
137250936
136895739
135645904
137447498
136916242
136956871
137098550
133476005
136832246
136502525
137436050
136774017
136607469
136443497
137124374
135552312
137216546
135720821
137440411
136829937
136922889
136212639
137117822
137465770
136812988
137088720
137139272
136857823
134655964
136116782
137534975
137437305
136486405
137033704
136644379
136076128
136649452
137055671
137448447
137140936
137201419
137474445
135264332
136818434
136546025
137483346
135591605
126418008
135441731
137427379
136985716
136453248
137093969
136137660
136334813
137038601
137425830
134703916
137414447
137011892
137052669
137296828
136843330
137343038
137442811
137242622
136448252
136900577
131972270
137161006
137259672
136928312
136902514
135260286
131301286
134204233
137202811
132153568
137017467
137309012
136898190
135926781
137409664
137328547
137511379
137503380
136784136
137239044
137224919
136927225
137102220
137292848
137058844
137076640
137041980
136819879
136995667
137138027
136673957
136832120
132066071
137316426
137109184
137348025
136826148
136136304
137253522
135976910
137397118
136323087
135480942
137288943
137388845
136894874
136705400
136899538
137460134
137328196
137055905
137016464
137001884
137048513
137435540
135879077
124544112
137365342
137147173
136968161
137158482
137380388
137364337
136338033
136847254
136910811
135737433
136856298
137252383
131719766
136772849
137388894
136921826
137046238
137010421
136568603
137035678
135372629
137092722
136502830
136832812
137200521
137368358
137079326
137424202
136922647
137494700
136511513
136880539
136996636
137126478
137494255
137437831
136835489
136494137
137041595
137257249
136077225
137095321
136951160
135794346
137306596
136951628
135661185
137252336
137342018
135948833
136530509
137282565
137243206
136609978
137536531
137496974
136825206
135006411
136583402
133224079
137103001
136391290
130328801
137252141
136893117
136887773
136984767
129746130
136905082
137293650
137429755
137010096
135147657
136851276
137254212
136504853
137296372
136973038
136965830
137538719
137063736
133507575
137276798
137278233
136679291
137372857
137203808
137384130
137127285
137101939
137485262
137316184
133353016
133184909
136495478
137176922
137481879
136857210
137540401
136487660
136223614
137361547
135863882
136968364
136971414
137179367
135537321
137540608
137500004
136921438
137059386
130566615
136889278
137163739
136848350
137069123
137466398
137426807
137519358
136502918
137532775
137057196
137287227
136354846
137374310
137248006
137066767
137340036
137293749
135792101
137244034
137469769
136859791
135260871
137217812
137090624
137199879
137360064
137471384
136442747
134496280
133241991
137508146
137140132
137441607
137371494
136827912
137524864
136399557
136880449
137313684
136662403
134042283
114811435
136194173
136863772
137514383
137214857
136035448
135144839
136958488
137011246
137148883
137172271
134750456
137436136
129344624
136871294
137500087
136742318
137526522
136394633
133364706
137430005
136986256
137361954
134769841
137394041
137472959
137284750
137276748
137360756
137189057
137044244
137022058
137367981
137393237
94387370
136980368
132988490
137166407
137149905
137402624
136710758
137440324
137431321
135876992
137205621
137080110
137385559
135836924
137117235
136691370
137333091
137055295
134521459
136956267
137252115
136977924
135168710
137412159
135236073
137066345
137500369
129663485
131775271
137434036
137357124
137549552
136485328
137367105
132083701
136955773
135220599
136648264
136901620
136964702
136826050
137316336
137008063
134420073
137241096
137425389
136899190
130938475
137502489
136086255
136603397
137101796
136909759
137358578
137348704
137359321
137278156
134435920
136030850
137250865
137306577
131516419
135205903
136942877
137266863
132521784
136967696
136897008
137176501
137459858
131925715
137310149
137025979
136991229
136830864
137112619
137156647
135998933
137258887
136303009
132157922
135409015
137214421
136856117
135537818
136324393
137497009
137213000
134524248
136226485
137186113
137544357
136886730
133460817
136960782
137086975
135722281
133991745
136667857
136902474
136558540
137362204
136604859
137494181
137316394
137496966
137474282
137487509
136430366
137204191
137384782
137184353
137122235
137170848
137156322
137164576
136600933
137518193
137132778
136875977
137258642
137447305
135891824
136999703
136178159
136178931
136304571
131943207
136911308
137432634
136975063
137211784
137147385
135352233
131103883
137199807
136905174
137055405
137329375
136957249
134904349
137203025
137004211
136833361
137490846
137342215
137420309
137255461
137533226
137473171
137204641
136957793
137448662
136841487
137276760
136838861
137004826
137490859
135921491
137241944
137524573
137541899
137143506
134948607
136657379
131316559
135524449
137437858
135006026
137103640
137215892
135555518
135012868
137019053
137481961
136718209
137195551
137370877
137258325
135899093
136829910
136979005
137093272
136373625
137506677
137366236
137230269
136813823
137199884
137080129
132943013
137003541
136881717
137127196
137321391
137161724
137107784
136813053
136911219
136699350
136765790
137100585
136716803
136545099
132335105
137153321
136869325
137434404
136966807
137170123
136087201
137447127
136544677
137314061
137236273
137163508
134590226
136388346
137224626
136563322
133804419
135495854
136854868
137063865
136985658
137084246
136371072
137463776
137057906
137053245
136550517
137022093
137242998
137106877
135540427
136930232
133850384
137142305
137420194
136830603
136704886
137419636
137462351
137079446
135548914
134252513
137053669
137526045
137091092
136966839
137002702
124189179
136418146
137053681
137447445
137362362
137091930
137527135
137481125
136900802
137381890
137224040
137088227
137262975
137495281
136857872
133293285
136329943
137317589
136783861
137311124
137544027
137376024
136859621
136021463
137266609
137088723
136957187
135608686
137121931
137149106
137007948
137381392
136052622
137521747
136892718
137095920
137499854
136770634
132395632
137090859
136952480
137270938
137530479
137235760
136865264
137330563
137040996
136984321
137469850
137224563
137006247
137466490
136649806
137016454
136758711
137071400
137292897
137044018
136881052
137135666
134619139
136119777
137529447
135746610
137299865
137367344
129742936
136969456
136900876
137042256
136648534
137140570
136882532
137362185
136551852
134376240
137151313
137157072
135143060
137134104
137098348
137508568
134841145
137482756
136822086
137429481
136819947
137077030
133995382
122051694
137308887
136550478
136840957
137525860
137461551
136652171
137113472
136857821
137051023
137311000
136901319
135352368
137082940
137215086
136885828
136312122
137538037
135944161
137443816
136511499
137127615
137525232
137329985
134880444
137144220
132536154
134894354
136210910
137507570
137155152
136967687
137094510
135546698
135737140
137487682
137526294
137094010
136584525
137155150
137269502
137257399
136964037
137228428
136917468
137100776
137524664
137407964
137503985
137520565
137054939
137279389
137459100
136249209
136995385
136871200
135120377
136416152
137525285
136853594
135871440
137382352
136796148
137092935
137486951
137497340
136585893
137069539
136847024
136442758
137029437
136925400
135880025
137023054
117320316
137378796
137156801
137532599
136515238
137494559
136712854
137072395
137244108
136876092
137510791
134929369
137160577
137370669
137522218
136465589
137160962
137494264
137457726
135849164
137153039
136945115
137527786
136813933
137456557
136834726
136291584
137004020
137251563
137222482
136175919
133850887
135055986
137094703
136668663
137293207
129264259
137406169
137353418
137134080
115205860
132076387
137518676
135382884
135556001
136410139
137333247
136864124
136458382
137304487
136880701
137121344
137302912
136183001
136925847
136987448
137498966
136550962
137472457
137530792
136659891
135523448
137133614
137476787
137461096
136832235
136990666
137090554
137422165
137197433
137466707
136094246
136984978
137266833
137109266
137481453
135173559
136994407
137256290
136958006
136987804
136170507
136855393
134871444
136834035
136736682
136550461
136833940
136764415
137382820
136891054
137049805
136810980
136961980
134198291
136862447
137220219
136415329
137097004
137294999
137075071
132942446
136893586
137465433
137004706
136857086
135645165
136982252
137296533
137122851
137057435
136959708
136902713
137513632
137430774
137170246
137252482
137113898
137069770
136072682
133881331
137088544
137445512
137172562
137333525
130995654
137062191
137219605
137031129
137532326
137220789
137425819
137117976
137294992
136689070
136428600
137181734
137477491
136638405
137266778
137123495
137068945
127177998
137317050
137164942
137433353
137234928
137010003
130452668
137370826
137022075
136994255
133928605
137003101
137068864
137471241
136578499
135553959
137184984
136914320
137426493
136085502
133436857
137375897
137410749
137038003
137415387
135969966
136094190
137080631
136028565
136033409
137313646
137312014
137259112
135689315
137422796
137308322
137533644
136893568
136343948
137533857
136414458
133473623
137193368
137299656
137272024
136930281
137357461
134383079
137212906
137103433
137328535
137476275
137537762
136829231
137259807
136821026
136899060
136786854
137543844
134218170
136998841
136822458
135178021
136036863
137292235
137096950
135960857
137517981
136003896
137164713
137053319
136568600
137341317
136909267
136285803
136072453
137244067
137445692
137266588
137425009
133150728
136100518
136438383
136793028
137093861
137003865
133995594
135236012
137430297
137484017
136462746
137293107
137187466
134603020
137433068
137256407
137287910
135011582
137372478
136831238
135828449
137089625
136817736
137213856
137088464
137549775
137087654
131582776
137222006
136937659
136923860
137503052
135752969
136784379
136934101
137482451
135897561
137169562
135590280
137369979
137100084
136265658
136534163
137159290
136930932
136128395
137361270
137249721
137073620
137328360
136943886
136825792
136528793
136648130
137498355
137143562
135786722
135884792
137348451
137495637
137430593
136856967
137397852
137484766
136986613
136656427
136962489
137055080
136906776
136966381
137347631
137161577
137123731
136575186
137545655
134152014
136667848
130714370
136290781
137124063
136399377
137549548
137245486
137207651
137130071
136879879
133250464
137204551
137220604
137245039
136562380
137039532
132874363
137108953
136883172
137393471
137451741
136823353
137099663
135753823
135635687
137294355
136838883
133305396
136994285
137182053
136543809
137288103
137207655
136172200
137485722
136575184
134864429
136688586
136567499
136900340
137249047
135241137
137364389
136938629
137511522
136751412
136607931
137437306
135843514
136860298
137416541
137443927
137364015
135509698
137498968
137262977
137249557
137126367
136780644
137172198
134914597
137539629
137050048
136141470
137418411
137253486
132790984
137428003
136934857
130451695
137305611
137199877
137328588
136443032
133551158
137391922
137447623
136480230
137394480
136900781
136992921
137418409
136133813
137300103
137002793
136136294
136086598
137111210
136855496
137460641
137446164
133522055
134238553
137531171
137092916
136328320
134481485
137266596
137022327
137511627
136908669
136892681
136654716
132181439
137146822
136895072
137370568
137486068
137333886
136669016
137481953
136836138
137016449
137381463
136918709
135079517
136900672
128681574
134199189
137068187
136710992
137485370
137348675
137093803
137270549
136987711
137386351
137308318
136638570
137518365
133694972
136964028
137113886
136164306
137028643
137440037
137497489
137187707
136997481
137067686
136610649
136869441
136943276
137513500
134871644
137372034
131675795
136922707
136533114
137472744
137051832
136900439
137368165
136948323
137120575
137127629
136599160
137096631
135892749
137475873
137023039
137245773
136856772
137070603
137293173
136971333
136356213
135438485
136970301
136821460
134499057
136858328
134976048
137518145
136495411
137467832
130276926
136605165
137515500
137107636
137096622
136995432
136660157
137363219
137493976
137517644
137485549
136982342
135592342
137253477
137335907
136981633
137495646
137196811
134904134
137294381
137076709
136035365
136938697
136346215
136112767
136562955
137340081
135392699
136350643
136909233
137492691
137098531
136262759
136081525
137302598
136175163
136958036
136828141
137371304
135489801
137137005
135228300
136371528
135473066
137259009
137419489
137219271
136878008
136162614
136983308
137338328
136163686
137175880
137180921
137269965
137437233
136469882
137361202
136540779
136845961
137419960
136901140
136818774
137539410
132736334
137290178
136852124
137248817
137050070
136983380
136976352
136511488
137124330
136856430
130451704
136597140
137296066
137431706
136919651
136837902
137116425
131827788
137484444
137028872
136995488
136378473
136994064
136641277
137549563
130973067
137016445
137327656
137284222
136409200
136993562
136682886
137266880
136900769
136654120
137287221
137023066
137022057
132101421
133302134
136032453
137417845
133558984
136965074
136998294
137212854
136886277
135587275
130804743
136392528
136888992
137287901
137164880
136212930
132886964
135219280
137168950
136639241
137370370
135523804
137174347
136979000
136979332
136992964
137526313
131195395
137177073
136004676
137152877
137237934
136919178
135354614
135129162
137338324
137377909
136923138
137170996
136934859
137430461
136830629
137165778
134432017
137353393
137202276
137499724
136990719
134508960
137311044
136829938
137444037
137266610
133278794
136403466
136821335
136893196
135792216
136833435
135632217
137164600
135901318
136619899
137341862
137248578
133774296
136180745
137525789
136345505
137521126
137427124
135487203
137008596
136829351
136888206
137205387
136823599
137103349
137118134
137254654
135593070
131134720
136825597
137516468
137442663
136857438
136107152
136793425
137482424
137539010
137096531
136323084
137509920
137546730
137096668
136994899
137486478
137255180
136855930
137112359
136149453
134178564
137531532
136884428
136475103
130453479
136867213
136472338
137199852
137354150
135359774
136788118
137516647
131860736
136952440
137094018
137246952
137444601
136932146
137307172
137356225
136253899
137194233
135153262
131567659
136908777
137049013
137164700
137535702
136360278
136294384
137167316
137516762
136797047
135006333
136890560
136639305
137382446
137003281
135161149
137480283
137238302
137532740
137127875
136083468
137159477
136382695
136979710
135773947
136891384
137419998
137302698
136813464
135898439
136721561
136874426
136929825
137490662
137485691
135589368
136891487
137391831
128393213
137492997
132425512
137075949
136567273
137312243
137127954
134534919
135441733
137366101
137266773
137343331
137100168
137417310
137449246
136964745
137290599
136919458
137356330
136084426
137241191
137351719
136901954
137055380
135144809
136687335
136908781
131769428
137119674
134486087
137497262
136211498
136993820
137422409
136836137
136938685
135896961
136786993
137047252
136905274
136907913
136533763
128324740
136867229
136087634
137160298
135539049
137118428
135849991
136201397
127223711
137257643
135543997
135982309
130344903
135970379
137374871
136364726
137482440
136940053
136863415
137428579
136977561
136077428
135826410
136006985
137155155
137144488
137364067
137432549
137352565
137436363
137418435
134291324
137447476
137030410
137292291
136077097
137442351
137483787
137073512
137106205
135987047
137250032
137169987
137496958
134923930
136819896
137259196
136641816
136892844
136316734
137428619
136890797
134438437
136927476
137205671
135786352
137547927
137165668
134302573
134273310
136992024
137055802
137266759
136543675
137152994
131039485
136654608
137359842
137013871
136875919
136363170
137307752
137249386
137266755
131502139
134469877
136964788
137335984
137376114
136679761
134270204
137128199
136605242
137519229
137161153
134991569
137055370
132740500
137497795
135525470
136690048
136715951
137499820
135857259
137086101
137075974
131878566
137005942
137364599
137431675
137024218
137056570
137188214
137434112
136896139
136867193
136956071
136803729
136988180
135195465
136545640
137334929
136082505
137112813
137266763
136874430
137498179
136902039
137467865
136967009
135767305
137010659
136886819
136846198
135945593
136852793
137438027
137171801
137146437
134317041
136487107
137256180
136347469
136874096
137549755
137394508
137200593
137362605
137117668
137110235
136984474
133437368
137057569
135622642
136934521
137527192
136819942
137053999
137463689
137365165
137096308
137251932
137187889
133402448
133826024
135131654
135347285
135993285
137151067
137481038
137167419
137087547
135930235
137300677
137010202
137165635
136903539
136693654
136203366
135045622
136553782
135982241
137337208
137477665
137370887
137489453
137116207
133926397
137016462
136221777
136121927
136865727
137282373
137008572
133504597
136881715
137056220
136923887
137195870
137121009
136226731
137534147
137207196
137127219
134306023
137471010
132122145
135019335
134974535
137440894
135699850
136133178
137532046
137299444
137461564
137056433
137518903
136500702
135861412
137363020
137533089
137337572
136995302
137141069
136211640
135582813
133271241
137125422
136975712
134519922
137496953
137495107
136805864
137243644
134270279
137357165
137077849
137118868
137223526
134142912
136813001
136295829
137022068
137263966
137005381
136899353
137315276
137474312
135487109
136902048
137311619
137496635
137188443
89846835
137436308
137547892
135437032
137251670
137135279
137432769
133567895
137192955
137393666
137047021
130398488
134077134
137492352
137276743
136261119
137459209
137379130
137192481
136511515
136966880
137127634
135205728
130427517
134297125
137343789
136920189
135523335
136898927
137214548
137187125
136385268
137120413
137184595
137059927
132154115
137347775
137147157
135920576
137442089
137141104
137515096
136019033
136848215
137296794
137214048
134898058
137266874
136261118
108265661
137000380
136938599
137208971
134653425
136623689
136936685
135389284
135351154
136904183
137239515
136996915
137196956
134524772
137472497
137441225
137218265
137380299
137412025
137073065
137474649
137061038
133307664
137442674
137516191
137449406
136959239
137280834
137371836
136029774
135441385
137295645
136124701
137318830
137139453
134533728
137449311
137285823
137201392
137326025
137220281
136639303
134276921
137375621
137115868
137252446
136550462
137370505
137123518
136922388
133268193
137172798
136998824
136701336
136924558
136717652
137117248
136957922
137438899
137051331
136416515
137448056
137041389
136959761
137007137
134441495
137480577
137069945
130057380
137458112
137076547
136862320
136327215
137153866
137260804
136934855
132371084
137170800
136395768
136971629
137076362
137043211
135262007
137011247
137456660
136434268
136895470
136671598
135310633
137034709
135790574
135757073
137500860
137047269
131893099
130453442
136897822
136910812
137023032
137308963
137127049
137254674
137482701
137401741
136608274
135398267
134981920
137114375
137309087
136810933
137146099
137299076
136978941
137166770
135844041
135976803
136879643
137142052
136856064
136848962
137092298
136998103
137212847
135443445
136457429
137453273
137394177
136964743
131975557
136683386
136816279
137210654
137540907
136144064
137329497
136203181
136322948
137284872
136504594
137440717
137029073
137432679
136010478
136743973
137055012
136743116
136923421
137208076
136652161
136103637
134981850
137432965
136412101
135237364
135205034
136830357
137170421
137140352
137153973
137430406
135363135
137498028
136034445
136288717
137338901
136403773
136767862
137393382
136883865
137523009
137149636
136956369
135945696
137365597
134590643
137447620
136967408
136884410
137219897
137328601
137123570
137030936
137317840
137281311
136305881
128738606
137325453
136550522
136230535
136372650
129605311
137480134
137534407
136897140
137149293
137097818
136995087
137434221
135322888
137294979
136890975
137205719
137075930
137251269
136873376
136996295
119911043
137054866
135967243
137070821
137076781
135621929
136871168
136963448
137312787
136119054
137133084
137141389
137501051
136999635
137240791
137047568
136351176
136841500
137479918
137238386
137087727
137150195
135024814
136568598
137158174
137357894
137266792
136475096
137312911
136810955
136962285
136811568
137494565
135489129
137117628
137059595
137310051
137421800
137004564
136983022
137080111
134548072
136948406
137192128
137257620
137256622
137107376
137245518
137061681
136870208
136701909
137452277
131979682
137312748
133827216
130498776
137367081
136790332
133298385
137517830
137364012
136856316
136082504
137532593
137068211
137518641
137005911
137094536
136105646
137476238
137525955
137023633
136545178
137283056
128773596
137514495
136968514
137364397
137218546
136534138
136707399
136548007
137238862
137523271
136893854
135986546
136865865
137057314
137296011
137513200
136859464
136354158
135899520
137549455
137308900
135244818
137487325
137119673
137282853
136986887
136852620
137147014
136628149
137513368
132264016
136859270
134870235
134895501
137424147
137363099
135897429
137242022
137036269
137297331
137128675
131337604
137157186
137534425
136163242
137473840
136826091
137463504
136888491
137130124
136986904
136689909
136900721
136786165
137072167
137129262
137296492
137362906
136870158
137426009
136395834
134447901
137045079
137026153
136829920
136311967
137350146
137185554
134952638
135877797
137290390
137158177
136157996
136994261
137196028
133320591
137475345
136990667
137328420
137535177
137546633
136983635
136835856
137306723
137192706
137255246
136610284
136289724
136479794
136880950
135535502
137516646
136884501
137496084
136972918
137364048
136222666
137486717
135247259
137349021
135205787
137192062
136882634
136924158
135943579
136935132
137307008
136698282
137473531
137005034
137425678
136967076
135237279
136876647
137532693
137104461
137415689
137445497
137530631
137043605
137369287
137123095
136756916
137288250
136316916
137061294
137421229
137539186
134976843
137531176
137103040
137023632
136997782
137523039
131296314
137205348
137202322
137000613
137052008
136888929
137214323
137013127
137191639
136951665
137467290
137124051
136851697
137332987
137477291
136991816
136511477
135557344
136817783
133220965
136105902
137530503
137515953
135969071
137130815
137394359
136250794
137083650
137202136
137358861
137481951
137412856
137010157
137159145
133911957
134706561
137491091
136600081
137394782
134218946
137531080
136757187
135479941
137187362
137055204
137033900
136010599
136327291
137358095
137277485
137165067
136012346
137058882
137071697
136809720
137022112
134789844
137187780
137408077
136830383
134794891
137493145
137133731
136469471
134544608
136964785
133057087
136596719
136487270
137172836
137495042
137221144
137127632
136276198
137464898
137011250
137155359
137336627
134955035
134543749
137380176
137010853
136986897
136948916
130452760
137252814
135784116
136954048
136076054
135940381
136842359
137190708
137356710
136844826
137140729
137047563
137085035
136894647
136093655
133961943
136639302
137439192
137081459
136836283
137380914
137327680
137254097
137082601
137198143
137256355
136670612
137422710
137071585
137376115
137481546
137266586
136639252
137100948
136822751
137214823
135323669
137516546
137472506
135663136
136610620
136967688
137370120
136608322
136869791
137255382
137445853
135988653
137257393
137142286
137501108
136901801
136994699
137532280
137537202
135778349
136913382
137137808
136821948
137216377
137308360
134207785
137157289
137103750
137388325
134841857
134452032
137221606
137108181
135827044
135890981
137135663
137016441
137517569
137524400
136789260
137011229
135444302
136855181
137295400
134913041
136888578
137376112
137036637
134832316
136633518
135040416
137230660
137266787
136854296
137448776
136145049
137039657
136322445
136498531
136604893
137449498
137103437
136863745
136881177
135655474
137312517
137481943
134248713
137296193
137486061
137107789
137511362
132240552
134004404
137349799
136533499
137163319
136054926
137524219
136214010
136167802
137139464
136913955
137067060
137105217
136985029
137147274
136886278
135849938
137140632
136986197
137204377
136872286
134544461
137476091
137090040
134350648
133204848
137409365
136991988
137412058
137538101
137293508
137468983
136174391
137262152
137143265
137106641
137297123
136607561
136987627
137300162
137199429
137075932
137361171
137498377
136565030
137196521
137019853
137056203
136036528
137042046
136454620
136442788
137150838
136638446
137094486
137037190
137285791
137494863
137425673
136826663
136498317
137022100
136030574
135334572
137381724
137119101
136962831
137508311
135816312
137045418
136887780
137237257
130452757
136597970
128563372
137119916
136922454
137095456
136327960
137234037
137361487
136441584
137097530
136832548
137057974
137509983
136930877
136246138
137452386
137338390
135933765
137016447
137107816
137199868
137529684
136779586
136967691
137473786
137541583
137487677
134155059
131807563
136215873
136838379
137331726
130111170
136897675
134897121
137436969
137486216
137318618
137310598
136360817
136897902
137221131
136237304
135420526
135216916
136966614
137461132
135368167
137272282
137172340
134962083
135534928
137145286
136141953
135485539
137516799
137354573
136542890
135774977
133728332
137474309
137022070
135264230
137302026
134612236
133392187
137062184
137274749
137472456
137156725
136511481
137045746
137085034
137266830
136986302
136980214
137313677
127743877
136979598
137530941
137525603
136503935
137361052
137365702
134914521
137342024
133098617
137047770
136411439
137537882
137361666
136485560
137220681
137356055
137538883
137447665
137018831
136606150
137382869
134281226
136715196
136452250
137191374
136894012
136654177
137280378
137209476
136962443
137365865
136648777
135757513
137128503
137300897
136862076
136860348
136595023
137211246
137254576
135976220
137378807
135768366
137439854
136501972
137481736
137309190
136998339
136634545
137508321
136977113
137243749
137151380
137364399
136764912
137504726
137125404
135831076
137452449
137023050
137066603
136989954
136773105
136554379
136998571
137472482
136688627
134200082
137151317
137194078
137520671
137448388
137493947
137358101
137380357
137213007
136095898
136618980
133570246
136145151
137254721
137174455
137118209
137540266
137362259
136113735
137247669
132830961
137433784
137235900
134884283
137514424
135573389
136499835
137048333
137118380
136810340
137159801
137420764
137169837
137462131
137526349
134956434
137328155
136528864
136919130
137314314
137213441
136442778
136934856
135022690
136876681
137062539
137002149
136718201
137248386
136876689
135229128
137315353
136544289
136605186
137177354
136038164
137256181
136609035
137070479
137219132
137354707
131615530
137392859
136957787
137022063
136557559
135702321
132879622
137526603
137201009
136537507
137008116
137453206
136934537
136649021
132397480
136491000
137330289
137235691
135687436
137048800
137110515
137328419
136914751
136854494
136855283
132717743
136261716
136923331
136434061
137520316
137342984
137508884
137159135
137243617
137001759
136920260
136860445
137136346
137475056
135761259
136566609
137446230
135716911
137490692
135689799
137521125
136882538
133821964
136231014
136975888
136906340
137250833
136024019
137549572
137177118
136908753
135422573
136834316
137310904
136262979
136835160
136547001
137190251
137413333
135755239
136882267
137299428
137353385
137219907
136861491
137361601
137291980
137249942
137259462
136540110
137105621
136902543
137155157
137306817
137530460
137007750
137294589
136968928
137252647
137243387
137250777
137267128
137486049
137295245
137053328
136215730
136438364
135240361
136744999
136003733
137121321
137422496
136540111
137207785
137202268
137003250
136445637
137458753
137273726
137141976
137108814
137520962
137022047
137139824
137377035
136905311
137196257
135271984
137438375
137481964
136442740
132925783
137054249
137064092
137416951
136824497
137266589
135310753
134067223
137356462
137447725
125271994
137206276
137351720
137499006
136966474
137481947
137413052
137532218
136635899
136072662
136961944
137364660
137238183
137494476
136921562
137493390
137164768
137497510
136672621
136898778
132333201
134440836
135874343
137137535
136657291
137094425
137147454
137426645
137389224
137483730
137497408
137207454
133868874
137128515
136884506
134455730
136495489
137212572
137435094
135878074
136874387
136533450
137194974
137526805
137144678
136921829
132073582
137358370
137327752
137353139
137430579
137119760
137383838
50584337
135843789
137051049
137516195
137157288
136550465
136448849
137207710
136977198
135827838
137196130
131862060
136773598
133261410
135793874
137254437
135542553
137444034
137293209
136813509
136957810
136361086
137368443
137243093
137304603
137086199
136141866
136605140
136735913
136852830
136981831
137239251
136964817
137311653
137215961
136875420
135953642
137244628
137119491
137489029
137044469
136450699
137093946
137442546
137127128
137072917
137255244
136888851
136225351
137333623
137449525
136956846
137529683
137128277
137509966
137513756
137199865
136966489
137312083
137142059
136594145
132278344
136327922
137033713
137181470
133388798
137295500
137245178
135050481
137510266
136962429
137001769
136837348
136770702
136918285
137528114
136089671
137473866
137307741
137075917
135558641
136907259
137162344
137093812
137364007
137470680
136670287
137240848
137033056
136987919
137429180
136498622
137236316
136565310
136410611
137356642
136998147
136994010
137002587
136789962
136886603
136621119
137053831
136842293
137315629
135743503
137144665
136372134
136585401
135831208
136910245
137371943
137074259
137219421
137122621
136885905
136963176
135128470
137210426
136442172
136552055
137022073
136308487
137494786
137171437
137023038
130232613
137480975
137011210
136686626
136832553
137481957
137063511
136854095
135069674
136988092
136069873
133347771
137292905
136885176
137233410
137099609
107383704
136229563
137382993
137213862
137079029
135997286
137496345
130995643
133362346
133867484
135055798
136986317
137478537
136835937
137254958
137229305
136387325
136916431
137266782
136955862
136862982
137432587
136902007
136598806
136646157
134075494
136992614
137472065
137485688
136401935
137245712
134583271
135980194
137037668
137294573
132890951
137381629
137194345
137266601
135584548
136169793
136791692
137301359
136967622
136498621
137433703
137307203
137384713
137115329
137286884
137548800
136561733
137162428
131981802
137422876
137186124
136972770
137401225
137517236
137176689
136365251
135222573
132292723
136643374
137202413
137452479
137194051
136899129
125428124
137216210
137474682
134706560
136813425
137157065
137008176
136373898
136544852
137266581
137365495
136349767
137092954
137083407
135022691
132955837
137472228
136330192
137250283
137329890
136957681
136913192
136263679
136877004
136535763
137126790
137155151
137417834
137031452
135120256
135503533
137091216
137252367
136835659
137098804
137082888
137343050
137544086
136955582
137198926
136442867
136942597
132445862
137465790
135937206
137168177
136918756
137407924
137530421
136713120
136993047
137044102
136838070
137519301
136701190
137126989
137091596
137283675
137240221
136853519
137113611
133362196
137230242
137438542
135927312
137051284
130958213
137119888
137272593
129740217
137438908
136245852
133186561
136898522
137251052
135928560
136478002
137141129
136828600
136327763
137530099
137370662
135780996
133189277
136951486
136318567
136928174
137080128
137534109
137307476
136297780
136831442
136962278
137083689
137493977
133135693
133264646
135618968
137171642
136936747
136490399
136897155
137189413
136924112
137002808
137413596
136964590
137314767
137354242
136735772
137101632
137255146
135458827
137252433
136413038
137256606
137023072
134231366
137441550
136889143
137507659
137040008
135525141
137239593
137452178
136994263
137337487
137158299
136680928
137513762
134061840
137138339
136975523
137229195
137066602
137293244
136652028
136836902
136914458
137237745
137189185
136840412
137030443
134000917
136998007
137375826
136554418
137497968
137207867
137040882
132825567
136404166
137069820
129957879
136543922
137486476
135922494
137368742
137517181
130817448
137311267
137105442
137200508
137393447
137043424
137053247
137037277
137474818
137010200
137195946
136442702
137526862
137076065
136856572
137249169
137500237
137070895
137119981
136961481
137505100
136528745
137099769
136415620
137229903
137406287
136458456
137266885
137416806
136931948
137474529
137266857
137188659
137151444
137544837
137127923
137480122
137538851
137077989
137367103
137023071
137532062
137492204
135999056
137170042
133386173
136821125
136897743
137186735
137171305
135732314
132830957
136586938
137530262
137146872
136245293
137413878
137208437
136166228
137120535
137257419
135307229
137369311
137496587
135431035
136923549
137067310
136892036
136295830
137456487
137377305
137005103
136244475
136875081
137072314
137205585
135203255
136906368
137423868
136999131
135938235
137221774
135154304
137266602
137311228
137121337
137009399
137151037
137220029
136821521
137036099
136886850
136644418
137435375
137245066
136526508
136090182
137022121
135614865
136984796
136658803
136835615
136301224
137023029
137446302
132159269
136853669
137083106
137434219
136932912
136075501
137500907
137435616
137308649
137372802
136985933
137340051
137304622
137516036
137475600
133904600
137530136
136857992
133504880
136740243
137441724
137122685
137457058
137508983
137258736
136046372
137250285
137308289
136444362
137128882
136955920
136626408
136961572
137117852
137219663
136442794
136894916
136891784
137193593
137157131
136653247
136900697
137531269
137285128
137455974
137365787
137307681
137442450
136936672
137519284
137001232
133909812
135914073
125370321
135289270
137453193
135972128
136124933
137238631
137518849
137257774
137060642
137312552
137033549
136472358
135943401
137221429
137401344
137353089
136958120
137127628
136465203
136560192
136994245
136891489
137300312
137436860
137132075
137441894
136900172
137164684
134488217
137083938
136908618
137056781
134085255
136198575
131577770
137043034
135824624
137276753
136362493
137221077
136987447
137232471
136958947
137306295
137127015
137321538
137055317
137167566
137278287
137420890
137201146
136870992
136300708
137510268
137204049
137528370
136892549
137209477
137240119
137356660
135714033
137494970
137352298
108800005
137424257
134614480
137356923
137453267
137254220
137090550
136904352
136923162
137464469
137033104
137201610
137186734
136545573
136073687
136979266
136134086
136646469
136701820
133773766
135187587
136565651
136919215
136896157
136949145
136999614
135479289
135759049
136871108
137128092
136930941
137243094
137394825
137077314
128563371
137438822
137394003
136391987
135264069
136921897
137094887
137197136
136792724
136288976
137375990
137424295
137429482
136094752
126188420
136998399
136896991
136998410
136162394
136909870
137258189
137346086
136247659
137366911
137492185
129669127
136229708
137161726
137467680
137079455
137462932
137069141
137142953
136815251
137522792
136892397
136888253
136544387
137244848
137440908
136922897
137431042
137369081
137071612
137533270
137075029
136341494
137358150
134172811
136529472
136904856
137216709
137161016
137369869
137438308
136485146
121875480
137253009
137058236
129928386
137199421
136919833
136923913
137483222
137032460
136914183
137518701
137199363
137266887
136942436
137000957
136962318
137110241
137033326
137328262
135860044
86043215
137142917
136477834
137124387
136572318
136622960
137175545
135485640
137245628
134281225
136948465
137307903
136588487
137008028
137372087
137474170
136987148
136028163
137251720
136361372
136740761
134747596
137249589
137269460
137209670
137107171
137093822
137262978
136832386
137152823
136654140
137461046
135850848
137434440
137317702
136224730
135503455
134306880
136901075
137253869
137252690
137186334
137419079
137444823
136992992
135661030
135236674
137362004
135896628
136869547
136861428
137365772
136885107
136404237
136933128
133877318
136486867
135920105
137312344
137310227
120988086
137043243
137514300
137053996
135195753
137107493
137240151
137001195
136938706
136871568
137415924
137486222
136596152
137310828
137342200
137317170
137331071
136902655
137244347
136855387
132734062
137306582
136170777
137439068
134521428
132225872
137413436
134183920
135588073
134733752
136996140
137202217
136966256
137186411
137064879
137199873
137209000
137160107
136137690
135385588
137548320
137355727
136186840
136598241
130231351
137492467
137371015
137040883
137231159
135422462
137233423
137486621
132378188
132883315
132284163
137473195
134842945
137170078
135824619
137321169
137161456
135913726
136511489
136928208
136893634
137156011
136830269
133181855
137220131
137363061
130995645
130552984
137468961
136928046
137266795
137388405
137005606
137185155
134276334
137522125
136607888
137165265
136519902
137073289
137226569
136229710
137105355
134708919
137453026
134187619
136197679
136125288
133839585
137418753
137456426
136963102
136910151
136993435
136650558
136923072
137288770
134903591
137028394
137126768
137382075
137291848
137382640
137381415
137140050
136157605
137256225
137534349
137239045
136478292
136493056
136900791
135875602
137353618
137022051
136903897
137113188
124086241
137159750
137296155
136253232
129016789
137364394
136865895
137434627
136904622
137414628
137005596
135837280
137266877
137096991
137127658
136474903
137315619
135420506
136881054
134486085
134740527
134772503
137471931
136968644
137095256
136967779
137510792
137088912
135024964
135860804
137336071
137155813
137197351
137357099
137005550
136371723
137166735
136989377
137100487
137290498
136488109
135031592
136126626
137266535
137194704
137321307
137364049
137344764
136898404
137001689
137266753
137166978
137487535
137001533
136833988
136868347
135487457
137046971
137205311
136829221
136836236
137266630
136010444
136861098
136952295
137493147
135814970
136987219
137196905
134895773
137271087
137266293
137142178
131029631
137161958
136324091
137108920
135909727
135476144
132550381
136918144
134301681
137533810
137189234
134953100
137116507
136405965
136639308
137524688
137538996
137250602
137358855
137062383
137219688
137219928
137547899
137009747
132183404
135331044
134521512
129951973
136568212
137442967
137250071
136958835
137352308
137472846
137194494
137524512
136704668
137072992
137471189
137095636
129410754
133386194
126527228
137110130
136464055
137212846
137004228
137214014
137328970
137083602
137217583
136403863
136321763
137527444
136970042
137306458
135377889
136601128
136032150
137365771
135491723
136480694
135975119
137420916
129883078
136734837
129266829
137318231
137349810
137292592
137073983
137159838
136339507
137436845
136955766
133994364
133855132
137199061
137056894
137523639
134901699
136849274
137438769
135396094
137368051
137205192
137219935
136317414
130085887
136319701
137280897
136810972
136447736
137142531
135319614
137484860
136463407
135369861
137199858
137305715
137342980
137447478
137233771
136553559
137268962
136119051
136873395
136923870
137533738
137307428
137366585
137044480
137491460
137204768
137075907
137192072
130453445
137355630
134377241
137481966
136201367
136421232
134074040
137117358
134206707
136931953
136875218
137066914
136962912
137452801
137342199
136682363
135417501
135908730
137472484
137186149
137269105
137531301
136905070
133406432
133604722
137527980
137434917
137028287
137418378
136869087
136856628
136891289
136932888
137416804
137526022
137002675
137363025
137532645
137155908
137370570
137254315
136860641
137141041
137461112
137099741
137256637
136852641
137266629
136845100
136343927
136936299
136613798
137022127
136032087
137181616
137022052
137416166
137144531
136550189
134544429
137127215
137398852
137485420
137511710
135184322
137028346
137425109
137316142
137366357
135840338
136739361
137040570
136824246
137342503
137013869
137110881
137175546
132925470
136600451
137522460
137069411
137534966
135236615
135617655
137527345
135839932
137266620
136583751
137216780
136906302
137549809
137266828
137257570
137192455
137418190
137243238
135846933
137310202
136982249
136905577
137485434
137005779
137243620
137164896
136706267
137537883
137328061
136782734
137189560
137049752
133320619
134331196
137186335
136602727
137415479
137176804
137300735
137328068
136175136
136176600
137260584
136840223
137316791
137101606
137452332
135993216
136690039
137328355
136558915
137299995
136258132
133638537
135548128
137528328
136500942
136115581
133663599
136892424
135193211
136039197
136339334
137112745
137148359
137364405
133348816
137531876
137347967
135386535
137196423
137315258
137202080
128563370
136841897
137146712
135265289
133438158
137299743
136416156
137288087
136931228
136786856
137132450
136683595
137235001
137140905
135471668
137095766
137197513
136032387
136983230
137044494
137212228
136871967
137142773
136194135
136987820
137301568
137397127
136618689
137089959
137477869
137022077
137084092
137532851
136716542
136880870
137210070
137383575
137144413
136674998
136959133
137207708
136883857
136282156
135363596
136590024
129255109
137116694
137495939
137374774
136341490
137167321
137159392
137525598
137432927
137189023
136818894
137085182
136786845
137434466
137086974
135711593
137075929
135277389
137406651
137192415
136989066
135339240
137005307
137049318
137208426
137298269
136786646
137090416
137026884
137248642
136951048
137069755
133304464
136950690
137257984
137446104
136049044
137083677
137196236
136601904
137097390
134687022
136894114
136964611
137335894
137408740
137237299
136810923
136341595
137006248
137038042
137121519
137221254
137043870
136890612
137194192
137159215
137440438
137394498
137432451
135778163
137016430
135939855
136432934
136592563
136961864
137311802
137096031
136521764
136442705
137123101
137211839
135758291
136626340
135296324
136202246
136833760
137251837
136954548
137142131
137207152
137271781
137186339
137199413
137238689
136963487
137040048
134515851
136953520
137107654
135721805
136470747
136168338
136695174
135984872
137532019
136909817
137466566
137097688
137149995
134202416
137097152
137541606
137146465
129510381
137336020
137353725
137123853
133877781
136962271
137549544
137508177
137423183
134168036
136312944
137490446
137110250
136792172
134983664
136994260
136865756
137540604
135243260
137424845
136903268
137442098
137065944
136600464
136439289
137136361
137177536
137136162
132364119
137127560
137525648
136853357
137038692
137513712
135442912
137237417
136854590
137109331
136816786
137090545
136922512
136813461
137351727
137118771
136327701
137083107
137071458
136825402
137542682
137251541
137113656
136283006
137149172
136632369
137452485
136330531
137239815
136977475
134840628
132957066
136952417
137301077
136884865
134119133
137434594
117041432
136605051
136075059
134904135
136406788
137152434
136889640
137181683
136922645
135155478
133140291
137030648
135720494
136967651
137451989
137068065
137257190
137183888
135828575
137525181
137379209
137068482
136511520
137462882
136949794
136328793
136159147
137236863
137328917
137367799
136906517
133371520
137212855
137354522
136926563
137381741
137104567
134846439
137069900
137472737
137242977
136327037
136940816
136895073
136421253
137060590
137116860
137254794
136187963
136561746
136810960
137311623
129266931
137486968
137169552
137539313
137307787
136777391
137321957
136572537
135990613
137397579
133800143
137445164
134644168
137007375
136855459
137123566
137244613
135232452
136300537
137112524
137366289
136981929
129665069
132942447
137446929
136786855
137088548
137266834
135364171
137286947
136096432
137513268
137258176
137299820
137361125
137524977
136857381
130582275
127868514
137158996
136963217
137011240
137534114
137320199
136931694
137048004
136071228
137423561
137292522
136609622
136820469
137483358
136933511
137050974
137394574
134669848
137359418
136137030
137394327
137493015
136861804
137317903
136764442
136903796
136885709
136248214
137018028
136827984
135878850
136994432
137153504
137474247
136695966
137420286
137055065
134968364
137499739
135544440
136171506
137497271
137241639
137279710
136804832
136013882
137514302
137420857
137040698
136536999
137417179
137117845
137047567
126634863
137093799
137367764
137413997
136645345
136880429
137516012
136900777
136498398
137478806
134807975
136353182
137139226
137495942
137111849
137541428
136453948
137364381
135900967
137455777
137283091
134025340
137318606
136913527
137499990
137128681
137340166
135275080
137348126
137285022
137212576
134584857
136156315
137256232
136875114
137055366
136962084
136966298
136908664
137320981
136827402
136889199
130995644
137258532
137367385
136916010
136243865
136112769
136879464
137259747
130631352
137412847
137410077
137401469
137216735
137234045
137423215
136878344
137022187
137485689
137493612
134281224
137315791
136896540
136560010
137061223
137459672
136478201
137506332
136296637
135605469
137489542
136877794
137023062
137248635
133580222
133520073
137351440
136849849
137067687
137446911
136833133
136442718
137478385
136327085
136822692
137510942
137162763
136832099
137009797
137165661
137341877
137094673
136602857
137073186
136876947
136121400
137049644
136538808
137472372
135768309
137094276
137481011
131354144
136823602
137166457
137023036
137460232
137213243
137285673
136357593
136999762
137042557
137532014
136370277
137208455
137235762
137416406
137044591
137474851
137417860
137354973
127286804
137424891
137406665
136959089
137452671
137413837
137044931
135560431
137118788
136777843
136552220
137439166
126449483
136994272
137048924
137203328
136044561
136181364
134455749
136095609
137097671
136830915
137527850
137113797
137241024
137423693
136990547
137080267
137296884
136185330
137308609
137499621
137373102
136928463
135988108
137092671
135966398
136238323
136880111
137521085
137527810
136875113
136156866
134580823
137300766
137008033
104983503
136928725
137154796
137022086
137367756
137030160
137480437
137487752
130361847
137082021
137483435
137371330
136291751
136545355
137447333
136089767
137356712
137524946
129806484
137186006
137529642
136835377
137276771
136898120
134878626
137046173
136379358
136832510
136364215
137539718
137352475
136859307
137213690
136107062
136943393
134376201
136845464
136629579
137187632
137009720
137159551
137526529
137340550
137371505
137251053
124696840
135295085
137041787
136489987
137082325
137103211
137240793
137520738
130481646
137123559
137342893
137481948
137529261
137121402
137480137
137048869
135975162
137176315
136988622
137285709
137182250
137446053
135479210
137111321
136992879
137354462
137302609
137166368
137071167
137346425
135287609
137280927
137304602
136904344
137447621
136927930
137518809
136142166
136305826
137142090
134889989
134839080
137427743
137258875
134389024
137537886
137115437
132790982
136216594
137393499
137016438
137159384
136940466
136894681
137077111
137034383
137495144
135856756
137528566
137499741
137095735
133077365
137474647
132015923
135348208
137311039
137484425
137367588
136627273
135181012
133804158
137234801
137202031
134168927
135712823
136537279
137447074
135485641
136090924
137222170
137109270
137487290
137002700
137095255
133781140
136970303
137363402
135405958
136833923
137136115
137373942
135485538
136898107
137299013
137077861
137471792
137157170
137245755
136921413
137073970
137127042
137438065
136874059
137506180
136636170
136849934
136523118
136915973
137542425
137204604
135873241
136959425
136979947
137537274
136901496
135842842
136070759
136985228
137094817
135824070
137175300
137234067
137042950
127418039
137396591
137453282
137382878
137430386
137122922
137303131
132808186
137292323
136442752
136752574
137358689
137512715
137168208
137249934
137539074
137419396
137381749
136177563
137465503
137242031
135735743
136852936
137369672
137102085
117264359
137151703
137092832
132629262
137423300
136426590
136931167
135446648
137484965
137434666
137195726
137356879
137116498
137421971
137524687
137524609
136975524
137548671
134182338
135198799
137509948
133920519
132630260
137492570
136644138
137022083
137056330
137210327
137213959
137358440
137073456
136182555
137317858
136954334
137045593
136956557
137412433
137046509
137056201
125501552
136629580
136170947
135247263
137418398
137219419
131884156
136083797
126068439
137163278
137259493
137529555
136962220
117319140
136995467
137299524
137001732
134870253
137301356
137514195
136742912
137349193
137024136
136955491
136544030
137341756
137109612
136249547
136144046
137433434
137525942
135438527
137098407
137150673
137046034
136400580
137045922
137321090
137142536
137307907
136442785
135509373
136391542
136996709
137314741
131506387
137408739
136768931
137361956
136916991
137276790
137470683
135215980
137356747
136433301
137381637
136109887
134944482
134941851
135187293
136821664
137161514
136204545
135887079
137493282
136899878
137127164
137341839
136646783
136575185
134231002
137342416
137056968
137495205
137530162
137532670
137055066
137507281
136977543
136566584
136989916
137419471
136868125
137364254
137315147
136835941
137205929
137293295
137146285
131295550
137388165
137509725
137154422
136251136
137000327
137440439
136899009
137092913
137354425
136760129
137239255
137120524
137432940
137526344
136969346
130328504
137416055
137123363
137266587
137389661
137488564
136992960
136934860
137082577
136856711
136863857
135982673
136881127
136314013
137484932
134375207
136442775
136870475
132091669
137084889
137296181
137124126
137487824
137099487
136810981
137097917
137104690
136858757
137304580
135754212
136550519
137221206
137359655
137050490
137458430
136851738
137466803
137350113
137220927
136869825
137077284
137018912
137076872
137441762
136629825
129458171
136436100
137154480
136406452
137266829
135003299
136899739
130490313
137098669
137238226
136598774
137371322
127654645
137098862
136905695
137318608
137105782
136895484
137314537
137242439
137150135
136964483
137526168
136302768
137549562
137517316
136781862
137011319
137022043
137376108
136611004
137194172
137537884
136349987
137419520
137482620
137175717
137312955
137005028
137196010
136887152
136851448
137168804
136676283
131659712
137203441
137061523
137364889
136744272
136994258
136552820
136373134
137435084
137312535
136940675
137486834
136900726
136874360
135984910
137312923
136971692
137342155
136545247
137143812
136833271
136992205
137150329
137353558
137399885
137259407
136697976
137051378
134883221
137348718
136873683
135844736
135186891
129471202
135453507
137410995
136301641
136186947
137211755
137350575
136930955
137394750
135821888
136185299
137361793
137518218
133852237
136626022
136925238
137041892
137440870
137209729
137166500
137541505
137104563
136259874
137449473
131597673
137290621
137072538
137046376
137182515
136745087
137302885
136288621
137038744
136578468
137076556
136914545
137452103
136905304
137168729
136947809
130231584
136603108
137247449
136853705
137076358
137266881
137300345
135741542
136611662
137207077
136956367
119232652
137220846
134107852
136442776
137527219
136703707
137160529
136522596
137050275
135957818
137478177
137174808
137458455
137476647
137096811
137468186
136964149
136831842
136493754
137447711
136550464
137443289
136983772
137221942
136171186
135695627
136998285
137485422
136383245
135994663
136365923
136886017
137300478
137123032
137446291
137170903
137088141
136561067
136078121
137520600
137244468
137155737
137401330
137248348
137496058
137497164
127181421
137452323
136338925
137358227
136405320
134776196
136839651
137251019
136876912
137249302
136135317
135864391
135164920
137232226
137329430
137006930
136126271
136506075
137492750
136109889
136889063
136213549
137299954
137002280
136994227
136922721
137071623
134912641
137367686
137220147
136324406
137090623
137354632
136896481
137276779
136037548
136495542
137409284
137302488
137259443
137393455
134071893
137176673
137417354
137463635
136599314
136620981
134718170
136979566
135542952
136179920
135889913
137209501
136822292
136080877
136082503
137198689
137114568
131198950
137152822
137005485
137045761
136830541
137193640
137167807
136906523
136863655
137376117
135639324
137515860
137109782
137209403
137550099
137106829
135895349
136896713
137335464
137363044
137042605
137453258
136786877
137432315
137253152
137444716
134768431
136892567
137547498
137339251
137162301
135991237
137069629
136686502
137172277
136939456
136066571
136905690
135824630
137535915
137517068
137291956
137042305
137492019
137207985
135172846
136847017
136374917
136841651
137153638
137256293
137067911
137359759
137330686
135527252
137538596
137113026
136839019
135710960
132960705
137304194
137534791
137152855
137022592
136927915
136776880
136062660
134581617
136554241
136585778
136579615
137532387
137472505
136952392
136900978
128457511
134234833
133321119
137528077
137437156
137127072
137317956
136907562
137440741
137207069
137012076
137073610
137271830
137075984
136974631
133983036
136945253
137158383
136857477
137066877
137159408
136811474
137474153
135310752
136668490
134536439
133712099
136968919
137516091
137427266
135849993
136541438
137483451
137515761
137004312
135189045
135902613
137535480
137457129
137264321
136930282
137109271
137307881
137221551
137083644
136089541
137008035
137361935
137045488
136774161
137062202
135480770
137419866
137158985
137211883
136966898
137318788
137314290
137219995
137311019
137481217
137432184
137189595
136300179
136881597
136757852
137434587
134559880
137203985
137103233
136864125
137443791
136392996
136978464
137514985
137318375
137165525
135114638
135973413
137011237
137142807
136830571
137044245
125459606
137484319
136249083
137203199
137494588
136909155
137343340
136032409
131471433
134758009
137225445
137006864
137412569
137418269
133897162
137165269
137330685
137155171
137380251
136967882
137483509
136560642
137010592
134648857
136784823
136983911
137103209
137538774
137150047
132068612
137162847
137441418
137327553
135509813
136992133
137219505
134866145
137216362
137447662
136125728
136178134
131434129
137308498
137016450
137198984
137006535
137259464
136929670
137188227
135901466
137125354
135526274
136695676
135385587
136184741
137112998
136655607
137142101
135926734
137086280
136871753
137132098
136641221
137150552
136809096
137099428
136639230
135523504
137041718
130995633
136917256
137308574
137154918
136952332
137431099
137361587
137254733
135786715
137440262
137107180
135974481
136928887
137474462
135160516
137095670
135593754
137492283
137371332
136927998
136919506
137443983
137473780
137250060
136928554
131396391
136179992
135184424
136902377
137359474
137534146
137518500
137245381
136856069
136980780
137067633
136235067
137109592
137423330
137506095
137201644
136539973
137471051
134089462
137255070
137514148
137120708
137045302
136883737
116122382
136034125
137287877
137294825
136912398
135543787
137352607
136822803
137329235
136985597
137421569
137538814
136534089
136901431
123869232
137068795
137022123
135880589
135984875
137257002
136858922
136029900
137176802
137011233
136858850
137127043
137476139
133248618
136146285
134137762
134202140
136526156
137330785
137447029
136906628
136803981
137440325
126600882
136993422
137349184
137199638
136744106
136260890
137445061
136229609
137476209
137155978
136828568
137416240
137209974
137423790
136505460
137437384
137537542
137524090
133099243
134558928
137395201
136710993
134300055
136836602
137455908
137133807
136869536
135892010
137028750
137209003
137500556
137250662
136734165
136879738
136187125
135982229
137290479
137003696
136305498
137039207
137169871
127264891
137491656
137075923
137469786
135977753
137472240
136624105
135160586
137160819
136841601
137107108
137063178
137199438
137175164
137036713
136588505
137340979
137234929
137247334
136408838
137335206
137481545
137107885
137496970
136368830
137537153
136559910
137519523
137485994
136499586
134926997
136810966
137524493
137480270
137159419
137104176
136990668
137315406
136841925
137494213
137258999
136876545
137438402
137180710
137092065
137249748
136828433
137111939
137533688
137431292
137485373
136938305
137149791
137093915
137219721
136525924
137530957
136896210
137232420
133856225
132726490
137148398
137447349
137540365
137525366
137119080
133495604
136876859
137506304
137215326
137427713
137103795
137438040
137194844
137197997
137397126
137108323
137106566
137500971
137496149
132654993
136481926
137175887
137042931
136919799
125428748
137548301
137126773
136550503
135629619
137497143
137498146
137512790
137002174
136938561
137286939
136533695
137187542
137314628
137127691
136236629
134561746
136901895
136870426
136921590
137275190
136375233
137199876
137207782
137218662
136579634
137385374
136875945
137211773
136893821
137216456
132830960
136850738
137475882
137427403
136439908
134272203
136662595
136550472
137204747
137085492
136938746
137287802
136908199
137212978
135341082
137148345
137150037
136341122
136738593
136885339
137497395
136841058
136877823
137122742
135893872
137122570
137297104
137303187
137527734
137001611
137032602
137232964
137371497
137066604
137485533
137321344
136991549
136124463
137191340
137349384
137006938
137351873
130679730
137105176
135935153
136860524
136192644
137360654
136619385
137549557
136988942
137176179
136968535
137327396
137384760
136728238
136993280
137060227
136957969
137032762
137416985
137384495
137376725
137215534
137102283
134012897
137066154
135718271
136228430
137294431
136222465
137443718
135056267
136141756
137445946
136481356
136242320
135985962
136958395
137283479
135078201
135992776
135317937
137097120
137528647
133926396
137524983
137406548
137021343
137295314
137274978
137330038
137293939
136832095
137250563
136898040
136930456
136986065
137003719
136829543
136607934
137144567
137329668
137268753
137219114
136425352
136531152
137202743
137197097
135854569
136956431
136172250
137166524
137490579
137356756
137252152
137095897
136201897
128956044
134046586
136923967
137139913
136530424
137022113
136067340
133690720
137057241
136823801
137482009
137035003
134712928
137476365
137440301
135350765
137066911
136489243
137167515
137041214
136920510
136855985
136896523
137533129
137112719
136051891
137366746
137168018
136809187
137308283
136858836
137110754
134385518
137116441
137492303
136874915
137166102
136103070
135877006
136880405
135848982
136523368
137071157
137008503
137312951
137299331
134166828
137121640
136169829
137236754
136991371
137524259
136482238
136939479
136180499
137313389
136857485
133522887
137517757
137291656
135503462
136893271
137100406
137115295
137089429
137465578
135318602
136841163
137233911
129826105
137134741
136808542
136978803
137005463
135161233
137050031
136096707
134835381
137341875
137188491
137078344
137028878
137521633
137006470
137103713
137149647
137049762
137340799
135662834
137374732
137075724
137305533
134244286
137300347
137239850
137494520
137100619
134521335
134328285
136908567
136378506
136483904
137527076
136610472
137524950
135822813
135893636
132468990
136297447
137021291
129848411
137033367
137381538
137299399
136449230
137017331
137037242
136186362
136979444
137153961
137299647
130985018
137203192
137503667
137151556
136984682
137110925
136689616
137448001
136503891
137518129
137076614
137381920
137389523
137003354
136907862
136946932
131786876
133017658
135902926
137289056
137093553
137307806
136897599
135103799
135416364
135523095
136305587
136108826
136301229
137464062
130440150
137325814
137055313
136607491
137545842
123215135
136929684
137299747
137352361
137053843
137433299
136965331
137027858
136796220
136113706
134239952
136958620
137010455
136559133
137297724
137164091
137271776
135398456
137361906
137205337
137327645
137419576
137452377
137342674
137219672
132784128
137267515
137294599
137276768
137255527
132198739
136492782
136930851
135245515
136906689
137271831
135203712
137216258
136921854
137477888
136792726
137294798
137315261
136828817
136506013
137465975
135307233
136969838
137317902
137438370
136442802
137419966
137168739
137097802
137064941
135245151
137393524
136421446
136825822
136865851
134864818
136874794
136339883
137475845
136954758
137395472
137010660
136709835
136874424
137016465
137174433
137002282
137290926
137260803
137532240
137406279
136854832
136498325
136855076
136899836
134412633
137051154
137408872
136906783
137318784
137496951
136851339
137543013
136103955
135236078
136242345
137137821
137242794
137243732
136919265
137002603
137112307
137427435
137266796
137369592
137030287
136322737
137549486
136966847
137513674
136832132
137197328
132060197
137129476
131138361
137259207
125210992
137257237
137412421
137226250
137376106
137360468
136511516
136923556
137050351
136977748
136556333
137369547
137470677
137408518
137528939
137440129
137156198
137186738
137025966
136904871
136867257
137221899
136653623
137057333
132140821
136962871
137360987
135130088
137041784
136904113
136928136
133806392
136962798
137418414
136675790
133602351
137531637
137520589
137466699
137199115
137383579
137475936
135986387
136723900
137033083
137134083
137324414
137255355
137290793
136855500
135969661
135669769
137354133
135544000
136640531
135203819
134809573
137046248
137476193
137544263
136031083
137256718
137499878
137195891
136667860
137533339
137144153
136881311
137082308
135881089
137151646
137010127
136234225
134615156
136959362
137062802
137102985
137462931
133711603
132962846
131665795
137353123
137522793
137547818
137364357
137201427
137266585
137423694
137061551
137305602
137071955
137122552
137127981
137240618
136050438
133250128
133225338
137109358
137364401
137362325
136810983
133580530
137539168
137041070
134998122
137211462
135182165
137367541
136897032
136735912
136014255
136900446
137385582
133551864
136527865
136493699
133026624
136388356
137144305
137031085
137497026
137294575
136988056
135211437
137149161
137296067
136696071
137517678
137476786
136999955
136444795
135984876
137495517
137097686
135920345
136834495
136983576
136832437
135613003
137328306
136903279
137294175
136210346
137047455
136921385
136989450
137299657
137482157
135595829
136597247
137464512
136688729
137379558
134722216
136903789
137037333
137527569
137321427
136229702
137432176
136465252
137336356
136909148
137096052
136119052
136919186
137501122
136873929
137427971
137138745
136904144
137437509
136943204
137523668
136875750
137094706
137270066
136181456
136475785
136723401
137169362
137434728
136810965
136297458
137514005
136500259
137214062
137250809
135491176
136667856
137001553
137100169
137054667
136458389
137057509
135852174
136809969
137359360
137391297
133269759
137314283
136919874
137496327
136819618
137419669
137441522
137281366
137533428
136117559
137459511
137351050
135884035
136864899
133400274
136007089
137268233
135990587
137206745
137422501
137363982
137289603
137203971
137259579
137071120
137431151
136962288
136958238
137533435
137077083
136482615
137128788
137073982
136355075
137000919
137065980
136909470
136030973
137457071
134581681
137484663
135823756
117465623
137234248
137216224
134455292
137267756
136320140
135468640
136713384
136363227
137037245
136889901
137438398
136864179
137035714
137198951
137255202
137472517
137049378
137049951
137189115
137165394
137436790
133200834
137293051
135480667
135977504
137447708
133259823
136769926
137448112
136186872
136677366
137276783
137487634
136157199
137534832
136361085
137230300
136998314
136889698
135652441
136833930
136959244
136415244
137334693
135557341
137397189
137466443
130740822
129940663
136995657
137433570
137215612
136998006
137252815
137448209
136783393
137067385
137138744
137361122
136369490
134085455
137259331
137228559
137112414
137440017
137523255
137103458
137326954
137358104
136858878
136723496
136416186
136575188
136961584
137368295
137354708
137023970
137328338
137033382
136903892
137433596
136998316
137276745
135239292
137364672
135121912
136948969
137301848
137073978
137266798
136733836
137509109
137015932
137236341
137066830
137270291
135127166
134770042
137068354
137524458
136918308
137159655
137049495
137330678
136327819
135993110
134772928
136550484
135917603
136920739
137105799
137530040
137386486
136855113
134527949
137247698
137252381
136926717
136370816
136503121
137210131
137518173
137034481
137269944
137201131
137157158
137016460
136220913
137462934
137140935
135268337
137233962
136845292
137274916
136997250
135920962
137466250
137202765
137185189
136185695
136859883
137278834
136164561
133657356
136644679
136537059
137121968
136893937
134297105
136602295
137148991
137266836
135781394
135660520
137488715
136791323
137128834
136521761
137462040
137507402
137500715
136917676
136795718
137430096
136194729
135255241
136904182
137084010
137219730
137538590
132198537
137460941
136821704
137336605
137355946
130351650
136964926
137533841
137342712
135077594
135980131
136186635
137314402
136076319
137524143
130473537
136550496
66818306
136815526
136591857
137356690
136389922
136842716
137452916
135070087
136836594
137367168
136536788
136905029
137406425
136574985
137393604
137221171
136860237
137126740
137464583
136086556
135307790
137139556
136783200
137476645
137196816
137270744
137246659
136867026
137166364
137266779
136984598
136917857
136533339
137430167
136921763
136876011
137199410
137407866
137467383
137381998
136402595
135525569
134954875
136235495
136999607
135740632
137459776
137520532
137496693
136979669
136300837
136878612
136963710
137150040
136400927
137496049
137467044
137157183
137547189
137173807
136892917
137257914
137124296
137411586
135288654
137500853
137384867
130134236
134943977
136998495
137460602
137363437
136374074
137191854
137128926
132983636
137535168
137023040
134195745
137022078
136785573
135463802
137313108
137051866
137097412
137197805
137102108
136550510
136069238
135691024
137094439
137243973
136264452
136069420
137067231
137051552
136904415
136049041
136535862
135432390
137233033
137251051
137518667
137468074
136998952
135232790
136899794
136309136
137104668
136994694
137143749
136226195
137413461
136880862
136533443
137537353
136989983
137363003
136920194
136971711
137134846
136845634
135183557
136643773
137419701
137447854
133926398
136964895
134521558
136880613
137057029
137491341
136929854
137113304
137126691
136964153
136812758
134832445
137476438
136919834
137354848
136814291
137306465
136959560
137503865
137156521
137036449
135265141
137199857
135198713
137195818
137063118
133953561
135457303
131404996
137220884
136968213
135822432
136600280
137003271
136703693
132057766
135662749
136855331
135895264
133774137
137310806
136911011
137527061
137072276
137381992
136605767
136247452
137492519
137434619
136208078
137247690
137297050
137255856
131642431
136022222
136988492
137146525
136884498
136825736
137426933
136841894
137471372
136391270
131178113
136918222
137512719
137076583
137215262
134063016
136821560
137545654
136115938
137186342
136134720
137236134
137519362
137498346
137354073
137166387
135761935
137124498
137447566
137364060
132650652
137215794
136006284
134525423
135875573
137126515
133592357
137075931
135211343
137257789
136838382
137381512
137427114
134471612
137040632
136623820
137149223
137046346
137486464
137357726
137097387
131806917
137203881
137146853
137327470
136607827
137291501
137336588
137174400
137180648
135561488
134945107
136400137
135996608
134252679
137150639
137220011
136195894
136511474
136394908
137452925
137260001
137001574
137417271
137244088
137492363
134555340
137394349
137349107
136384233
137239788
137259676
136929190
135561459
137280178
137383837
137259452
135905880
137031270
137366085
136820576
136960070
136500758
137242048
137372253
135869566
137381977
136575399
137539181
133799203
137416950
136913744
137153088
136981934
137236248
137419896
132518228
135982456
137006090
137201898
136893679
137484336
137133049
137105334
137500466
137364350
137247090
137440160
136716836
137380020
137150635
137193221
135425656
135651683
137122255
137305927
137524492
137234541
137512979
136959701
136559938
131431547
135469867
137167766
137496148
136500828
137312738
137155154
137105315
137022119
134007657
137260693
136478654
136999411
136653360
137534149
137500126
137314031
137005703
136236390
136798781
137441284
137361371
129937029
137439054
137407982
137208856
137205770
137284012
134794558
136780906
136633444
135462315
137256121
136774246
136814885
136935039
137002712
137522739
137531505
136873928
137504683
136244883
137106891
136905043
137167320
137127199
136304386
137494096
137360401
137207783
136980047
137090411
137533585
136856624
137207982
136927244
136973895
137394055
137118097
134707379
137089746
136676753
135314956
137053152
136954547
133460775
136222175
137199435
137193383
133595203
137477276
136227872
137112661
137188140
137258339
136359172
136924138
136133263
137050442
137119848
137109749
137199867
137364439
136550529
136415420
136930129
136979320
136847021
130354328
136461449
136325249
136591943
137000423
137067185
134161925
137137428
136313792
137514373
137369449
137162129
136690564
137227814
135160553
136493718
137266890
136877244
137246718
136540977
136841876
137376105
137364378
137466441
136486519
137057259
137365957
136163192
137209883
137465637
136257896
137435411
137075942
137317382
136968922
137210645
136537101
137156523
137082020
136654267
137471430
137130590
136918155
123869229
137197663
137321096
136897622
137314529
137213102
137110899
137485180
137071297
137381073
137038292
137486139
137388794
136210400
136875562
137532235
137448456
132647232
136597328
137472853
135358159
135842268
137389722
132378281
137151390
137085700
137214685
133249291
137301089
137365552
136442786
137267080
137199170
137006537
136245864
137214322
137036924
137441174
136696637
137246128
122356073
137185858
137452934
136929925
136954014
135062308
136973132
134325301
133801099
137428657
137359882
135542087
137023070
137256497
137016473
137115910
136789234
137474944
136920055
134079627
135818926
136865936
137312170
136957271
137090472
135934585
137250179
136989720
136844031
137412893
136851914
137262918
137296896
137526115
137054679
135979353
137353808
136818797
136691885
137199409
137101962
137351270
137251236
133248301
137431451
136719060
137159023
137134141
135410450
137438711
134995482
136852217
136127541
137194930
136893126
136511479
137291667
136823871
137433191
134250525
136891247
137337697
136571473
137144675
136639311
137146756
137127871
137006294
137534849
137524333
137371082
134279040
137336839
136916189
134202222
137278062
137472743
137368210
137169047
136852246
137500002
136727528
137076359
135273928
137187945
137238891
137496359
134173892
106810335
136889064
123479382
137171962
136558091
136796742
137087733
137199885
137110014
137380632
135867051
136481030
137365973
135245792
137354800
137091112
137359887
135643583
137160378
134932889
136439116
137099403
137088405
136864141
137532232
137086630
137384292
136886740
137103119
134720012
136905372
137432210
137361090
137465010
136282499
137151509
137023049
136983013
137187127
136862822
137200745
136595812
136133020
137075920
137538842
137314564
137286394
137372267
130636465
137471029
136841736
137500451
136187951
135560589
136583207
134094000
130995655
137095759
137071039
135696140
136878588
137077558
137436614
133174995
137168032
137157392
136980735
137361656
136449809
136682866
136883153
134451580
136364411
136967181
133899914
137005376
137042420
137430587
137533185
137146389
134386620
135665533
137445716
137146386
137471050
136872712
137448395
136602232
137437469
137147143
137170495
130174116
136861244
137441091
137083753
137044698
137438758
137063884
137369025
136980690
133569390
137072112
137493831
135509313
136186514
137092143
136790869
137048490
136443143
137214677
136540225
137161448
137133100
137428838
136738487
136810982
136915854
134675752
136052065
137059722
137192599
136770494
137156520
131975561
136657473
131300487
136689484
136091345
137417110
136748755
136350984
137061879
136711085
137113505
137155322
137424274
136067664
137482768
136983553
136844076
137168782
136545407
137295226
137066643
137142074
136897428
137119446
130453478
136744255
137440071
136735615
129748914
136894009
136995894
136738197
137144426
137262901
137312918
132344238
137280282
136863023
135975272
137539871
133014814
137263105
136452517
135998935
136960855
137528543
137278452
137099737
136687675
137465411
137462743
137517507
136998032
137199430
137112551
137155281
137240038
137120022
137157301
137055115
137492999
137533037
136884907
134357585
137064198
137170441
136999925
137330684
136988207
137097774
137198881
136998998
137000409
137191899
137317988
122025348
136092482
137373074
137415777
137499469
136849740
137394936
136819840
137496666
136887798
137251538
136185323
136462063
137426117
137497667
137539539
136613588
136953179
137096334
137290404
137364003
133880107
136894147
137361053
137073492
136607223
137117629
137367387
136952069
137435309
137517249
137044307
134689339
137245319
137302499
136991195
137160975
136905795
137214026
134206139
137382663
137352844
136908598
137001374
136644123
137364070
137416805
137493635
136965261
137544355
136999077
137535182
137007020
136405360
137313942
137048618
137468988
135724877
133290122
137447033
137193434
131613447
135095869
132348151
137056283
132942449
136859437
136901455
136802823
137437059
137247148
137430111
136458853
137280142
136932614
136203367
136964170
136563842
137453873
136558881
137369380
137431522
137416815
136990498
134259935
136833853
137146949
137137256
137255879
137371044
137531799
137191300
136898025
136322941
137509893
137000118
131310304
132210185
129706671
137364354
137475786
136961514
137382538
135034246
137177362
137381039
133112604
133763496
134772044
135441196
137455872
135202744
136857894
135899844
136955863
136883253
136069999
135624316
94344592
136921746
136963086
137010647
136096382
137534423
132790894
137057322
130312950
137421233
135992580
136511505
136887473
132499415
136411370
137279342
137120203
136433867
134445324
137160054
137266754
137120917
137457538
137492995
137483283
137430487
137127207
135872776
136955861
137169128
137094047
137472558
136529504
135987236
127852456
133004047
135586969
136967885
137376104
137266767
137437346
133071337
137349308
132840094
137114260
137452592
136601381
137166092
136639237
136417681
137521105
137070320
137023041
136925155
136385267
137042973
137266843
136960285
136570946
136997245
137300432
137520493
134585426
137202051
137131208
137052279
137365958
137435068
137492569
137090601
136785779
137531509
134455660
135248315
137291957
137202933
136993776
136927601
137191638
137417805
137037926
132847958
136973136
135830927
136892655
135262692
136717257
137179769
136989251
137481880
137059934
137243513
137495629
137226480
137351951
137482671
136344168
134585861
136967676
137194984
137235957
136698016
136905654
136647210
137128210
137099150
136703837
137026634
136656616
136942519
137373941
136986121
136967144
137359729
137313927
137532604
136966354
137155639
136635624
137129832
137359653
136806249
135925189
136997023
136135447
136991490
136897726
137380373
137526104
137201085
137103501
137354503
135056780
136845781
135834652
136837376
136898997
137318881
137075916
137239897
137001933
137523142
137151486
137056291
137311644
136512407
136654419
137199373
137146714
137171795
137394123
136584240
137255441
136998959
137539834
137326387
134227549
132325681
137123944
136394713
132687134
136962868
115936466
137328635
133323220
136889734
137415168
137526254
137126438
134198160
129068354
134672077
137132485
136980844
134278872
137194119
137025173
135202328
136966380
130995657
136825809
137096349
137496165
136547102
137246871
135708623
132432774
137241126
137019356
137291886
137146445
137341994
137199431
136681171
136989275
137452221
137236485
137368135
135854484
136638256
137528007
136885409
137151410
136477904
137022102
136355078
137071878
136882131
136947706
137110000
136236186
132421157
136981496
137280565
137440206
136874952
137055576
137209923
136907877
137353946
134722465
135631242
137428120
137468089
137155557
137525036
136956889
137218544
137143002
136560911
137417274
136792799
136817175
137266827
132650192
136368282
136900021
137266758
137229601
137513014
137440056
137481944
135187949
136458900
137075935
136838378
136840308
136103054
137355119
136900378
136999078
137416684
135937823
132824894
137127018
136158388
136146281
135900624
137043248
137492779
136550285
137140621
136624128
136855846
136009339
136930969
136095425
137520270
136856816
137005916
137047487
136546001
136821008
137177175
136853214
136878284
136257561
136558908
135192006
137493851
136958127
132283212
137483051
136810961
136904890
135946150
137043796
136875693
137003848
137156994
136897152
134940774
137092115
137527671
137290257
137216209
135358665
137363284
137107629
136933102
137512168
126637351
136952733
136443416
137364023
136070195
136858582
137199861
137386950
137199124
135588764
136968133
137368488
131779598
137460652
137366064
137547934
136963705
130492043
136472229
133101667
136330740
137425817
136341491
137472918
133099584
137231083
137097168
132980938
136976622
137124377
136240692
137508291
137195243
137057683
137305547
137396351
134835731
137212377
136465236
135154601
137196849
137543167
136876857
137448780
136346989
137139091
136936179
134720998
136967309
130453459
137186189
137232547
137090922
137194710
85943366
137068423
137517925
136605809
135774582
137520867
137040264
137050361
136894966
137357941
136680369
137050650
137286813
137320976
137340819
136884057
137288344
136884826
137160497
137002892
136988736
137392362
137163523
137461235
136885809
137471617
137146577
137307888
136563704
136121399
136766795
137339312
137203495
137089687
137415362
137069803
137285671
137079724
137031628
135276472
136046373
137313442
137127174
137277627
135420374
136965072
136888827
137201474
136538018
136897862
137127617
137127549
137290437
137364319
136656808
136928996
137519790
136719133
137316639
137530406
137302090
135621262
137010711
137391081
136849965
137294833
136908032
136814831
137518596
137301449
136738346
137481290
137154437
137417828
137492941
137310916
137472739
137254575
136397026
136952731
135121124
137309192
136888461
137380941
137465397
137090899
137292590
137142803
136344640
136838698
135297058
137143172
133832312
136544413
137198493
136953302
136916196
137042123
137251903
136495520
136689186
137453187
132618856
136352155
137427541
136711870
137534091
136065440
137119069
134993301
137057718
137359406
137486768
136689512
137154112
135992092
136842036
137194604
136898260
134618419
137111979
133792019
137022072
137194445
136882399
137181645
137022046
137389648
135831463
136587980
136240819
137495718
137105309
136643184
137444616
137382360
136089286
137322475
136620912
137043784
136555509
137468047
136993596
136820801
137312342
137000631
137244284
137361955
137482832
137107967
132830953
136902911
137149240
136792725
137171007
136575423
136358881
137282720
137118430
137406445
137193691
136853596
137138755
137064148
133461988
136843962
131577051
137189526
137239342
134217469
137545709
137044510
123595600
137052022
137074102
136955781
136945063
136224151
135953206
136908182
137006893
137461231
137051910
137205680
136976245
137008089
137463838
137388829
137218950
136224856
136852132
136485516
137233956
137531017
137135736
137518929
135962293
134674453
134745721
136984897
134990816
135433351
137272526
137495212
136917218
120855552
137098177
136859259
136564684
136867873
137464917
137369899
136994140
137395237
137319332
136887556
137235607
137048601
137022067
137300957
137430538
137004936
137466262
137470682
136188675
134948949
137423402
137422184
136809371
136833469
137119092
137399549
137245238
137058982
136828260
136108004
137549554
135218370
136997830
137421902
136398929
137368123
134654807
137229976
131880310
137539548
137283560
137421863
132283257
137101690
136192762
137446930
136341493
136999400
136451804
136524601
136940445
137455809
137412656
136987450
137138868
136181888
137479469
135489074
137167175
137245487
136967456
137234056
137497341
136009493
137342017
136888158
137331385
136648851
137010284
136810925
137493556
137302959
137019760
137117245
137210401
127887087
137538013
137218944
132327563
137311190
137381256
136974600
136928880
137281580
136225780
137194760
134721214
136505220
136994253
136211476
133339844
136628367
137074045
137048657
135982457
134484113
137156837
137448473
135995642
137536004
137047047
137492565
137152825
136728225
137189461
137023057
136714374
135590522
136857870
136984478
137201720
136917858
137089619
137153312
137239693
136661423
137045335
137293047
137075946
135011705
136306296
133271318
137076369
137333595
134074926
136885343
136456656
136070359
137252214
137467118
137111030
137538598
124835453
137022049
133868690
137539048
137253112
137046133
136809323
137017894
137267683
136899592
137524939
135877508
137251633
137040960
137496459
136822997
136963284
136743388
137101663
137302159
137538098
137166920
136608164
135518130
136202266
137312587
137523359
137295038
137491427
136957598
137043728
137152954
137036211
137257425
137475081
137461514
137249405
137049315
136677577
136056129
137078100
137481241
135984874
135846302
137137838
129586923
137106674
137484227
136455898
136840469
136901015
137516193
133604543
136837878
137276894
136857225
136503244
134479713
135354206
137096562
136505383
136877807
137050547
136657534
136888309
132439558
136305607
137042554
137288683
137368213
135420307
137123266
137039683
137159625
137385753
137310979
137095183
128970414
137481431
137148581
136824140
137440375
137077682
135349976
135419138
137483233
134558949
137070643
136858472
137537099
136805886
137145482
136433244
137200634
137482095
137301029
137515261
137357683
136927806
137069233
137063266
136919641
137048738
137455975
137423838
136412391
137091114
136493713
137106167
134438827
137199516
136939551
137166270
135755051
136124016
137002176
137198320
137415007
137171451
136733290
137042379
136242948
137061848
136725558
137142102
137342092
137297175
136979080
136944997
137011207
137453059
137361012
136550336
137452317
130865678
137534644
137022084
136430895
137171558
136836144
137485921
137205582
135940527
137212250
136970206
137271060
137284603
137176593
136322122
137515875
137532406
134075490
137547104
136933408
136887830
136200356
137370935
137251529
136292640
137365774
137254115
137076904
137520225
135835055
136417891
137315118
137227414
136418078
137255827
136862506
137472493
137477544
137231119
136547286
137241398
137515681
135212989
92183909
137210130
135675301
134897420
137315242
137530901
135509318
137465580
137162007
137249403
136811576
137093377
137068575
137241091
137539509
136985637
136406199
137537358
137064834
137133307
137232980
137481959
136657086
137010633
137498771
136359844
137256324
137095214
137547922
136528677
136163004
134270561
137069507
136775928
137088779
137493494
137116831
137497819
136891203
137101098
134048373
137524680
133296034
136599347
137006832
137067732
137305482
135901643
136885034
135219219
136199617
124971814
134025956
136417195
137076086
131940231
137257571
137352368
137419864
136883383
136944014
137346470
136839890
136667858
136857380
131459543
136799959
134973134
137474310
137306663
136433421
137480470
137167027
137366989
137421590
135663172
137265410
136822996
136718661
136927125
137086960
137476085
133895772
137193000
137528308
137205083
136214465
136461117
137491864
137251672
137416488
137112329
136158471
136064426
137042525
137259190
137354165
137011399
137427281
137060477
136865351
137134154
137153676
137510790
137310066
137533556
137356436
137124130
136165248
137495523
136734201
135739096
137076206
137476614
136877248
137016446
137254209
137538213
137296524
128506568
137436329
137475871
136590977
137496961
136967681
137281798
136693759
136076084
137472319
137055050
136856028
136740885
136838866
137477928
137497210
136901538
136981711
133481023
137110035
136900205
137185299
137118846
137302456
124083135
137254429
136957458
137445241
136061894
131945622
137070319
136863721
137433931
137521252
137208068
134485888
137154964
137309086
137246373
137466492
137055332
137046048
136414205
137300084
137200186
136461985
137363345
136442748
136485088
135207799
134177197
137372206
131411496
137516549
135692320
137103560
136919738
136437070
137491419
136606358
136999481
137207508
137317700
137511526
137097064
137266883
136882196
132830955
135838240
136905682
137042409
137304659
137010438
137099717
136921363
135521794
137440658
136856022
132896101
134495716
137164907
136297627
136904597
137500344
136899000
137153319
136979900
136574396
137127201
136899100
137365138
137086624
137548344
137522341
137011346
133604612
137535772
135238130
137129587
135542085
137059574
136863586
131543603
136824823
129274991
136904812
134594918
137266131
136896435
137199866
137491582
137109881
137524257
135903699
137495621
137548269
137482860
137520494
130084171
137091240
134891789
131560060
137117693
136080040
137003107
137416211
137463089
136995170
137264531
137134361
135880043
137463207
137326239
137530220
135786159
133004916
135161431
131281062
137385101
135932941
136061853
136608576
137033555
135202837
132414258
137449274
136906696
137166880
137123804
131619940
136616261
137352828
135662071
135345687
137083596
137549576
135016797
137292578
137136810
136787241
137073972
137342423
132366596
137075914
137235233
136496600
137073586
137221620
137300247
132670934
136999288
137068069
137364832
137069732
136500537
137083605
136352023
135693822
135116974
134551744
137071480
136686210
137504035
137085737
136049042
129429639
137478144
136442781
135850751
133249102
137051829
137215697
137473084
137019090
135179425
137393484
137432498
137434862
137192471
136630202
137108600
132282904
137289574
137343906
136926997
136567442
135158465
134087202
137481949
136544354
137433208
137149902
137364778
137215434
136460625
137221422
134091463
136963499
137235335
120687303
136584901
137056135
137407983
136896128
136744119
136905668
137464061
137383592
132927704
137099039
137417339
131080399
137066760
137432261
137171409
136856800
135881113
136913515
137521759
137348127
137067744
137032724
135944866
136438056
135544731
104795646
137080420
133283889
133085193
137126371
137302281
130350208
137369805
136810974
136511498
137009946
136815732
137122412
136729246
136952250
137105668
135266029
135900625
136909252
137141503
137067906
137506361
137283417
136145339
136926153
136079060
137242641
137358291
137170499
137330720
136957606
136049043
137191873
130767173
137426291
137236459
135888260
137098826
133961201
136830807
132291330
137364027
137466108
136511492
137427265
137060323
137224131
136409645
137476481
137524404
137104494
136904323
137353510
137152743
137093944
137113885
137342985
137473600
137066684
137339052
136680372
136907045
136705046
137215291
135693788
137257841
136527179
137203070
137280835
136836141
137239785
137097448
130995632
137134047
137247194
137237156
136694504
137252645
133259917
137119895
134056147
136559018
137134606
137242014
136958019
136877683
137104788
136957485
136212154
137284820
137299414
136090253
137022262
136955390
137153328
137411716
134942162
137527395
135023047
137436181
137005681
137380614
134884104
136894099
137250941
125699610
136180169
136966891
137144501
135161436
136239770
137136840
137516292
137408958
135388309
137527861
137472736
137023106
135781389
133009985
137369496
136932327
130452943
136961492
136863947
137257331
136988925
136879794
134150044
136919351
136990727
136892707
134075491
135485541
137417176
137467747
137533115
137285802
137208959
137180965
136476563
136672606
137136589
136476651
136918995
137446086
135410394
137534010
137343023
137430253
136881413
137222004
137415329
136777180
137269124
136958712
134307136
137116585
137051090
136898021
137283048
137308772
137421702
133099197
135297059
137082230
137514625
136918283
137236102
137548022
137049353
135711798
136460521
136639249
137088296
137320316
136409543
137437188
136187860
136579891
137364332
137539006
136820579
137010526
136702743
137162836
136994188
137393550
137093489
136258258
137514409
137124111
136661558
137251150
136841691
137239215
137544488
137436500
137063170
136906468
136349308
137023031
136302464
136927887
134208653
136321879
137208312
136938302
137035465
137168665
136989741
136092434
135661026
136836434
131027958
136995160
137128029
134074923
132985515
136888219
135741142
137542606
136704439
134836935
134169603
137279688
136486243
137389831
137424794
135946534
136952917
136889707
137082346
136841255
137157540
132899345
137214064
137424352
137490062
132195994
136796382
137487265
137111741
137518670
136903158
137079395
137095688
137080335
137386403
137449396
137170533
137482765
135922265
135968441
137364068
136006095
137485519
137111749
137482734
137523904
137472510
136648920
137499095
136186099
136889526
137534743
136756528
136920876
135907632
137145718
136703355
135889296
136890788
134785913
137003927
137294991
136832503
137300252
136457754
136641429
137119854
137311525
137371140
136983307
136739882
137052395
137076900
137008320
137246634
136888608
100401905
137066659
137027770
137010049
137365737
136743017
137225614
137233212
135724878
137133808
137459844
136589922
127627887
137440370
121431371
137135968
136780753
134700462
137257568
133265956
134556298
136594589
137483103
136886260
136545871
137007043
137428888
137162943
136891688
135856690
137544256
137314085
136670595
136841502
137235469
135981965
136897156
136854615
137066904
135923582
136202139
137201329
137269191
136550471
137429894
132282846
136920205
136018039
136568589
137066667
137519638
137319502
136060132
136993869
137058823
120464161
136609745
136631331
137141465
136980020
136850422
137210004
137407030
137140583
134738655
136934833
137184262
137328629
136940410
136874386
136573909
137538862
136930326
134826849
134992532
136493703
137305712
137289018
131983053
131680678
136605662
137016448
137278218
137493918
137518675
137227563
137053258
137351335
137040205
136018034
136884528
137099685
137295771
136971752
137082454
135737888
137441910
137132335
137197733
136324311
137376692
137186341
135458461
137545123
137253396
137146077
130023724
137151200
137483300
137448397
136460557
137139748
137175529
137197600
136730773
137416807
136926212
136831129
136884957
137149501
133118757
136830939
135394629
137406667
124370345
136327371
136357740
137539588
136359266
137128685
137022118
137259857
137480923
136212552
137330359
137445193
134370914
134522458
137167572
137364349
136654850
136906855
137481954
126356622
133041650
130452681
137119620
136982691
137384343
136675234
137101869
137192954
136996791
137345873
137137112
137426926
136956952
136982818
135160885
136923975
136903298
137298953
137297291
136647118
136895619
130452825
137212428
135970226
137342132
137185708
136941707
137280929
136911186
137484153
136927189
136326767
136832426
137416022
137131694
134185124
137036495
134930300
137364466
135107053
137085268
137486539
137014763
134800289
136898085
137379324
137110248
132022374
136966979
137333472
136964468
137527570
135423350
137438956
136975894
137193958
136633286
137464246
133604736
137538880
136550493
135557774
137238307
137443120
135658817
137208905
137468046
129340117
136928308
137001730
137355215
137444130
136908759
137291212
136409323
137299100
137042033
136824915
137471392
136887395
135518148
137453793
136860114
137152534
135342589
134044478
136354935
136873682
137194550
137430595
137520724
135378924
136066956
137347785
136104603
137190105
135023730
137279719
137472845
136722428
131327239
137380685
137267207
134102195
137341367
137016452
137090284
137248735
137373031
137423302
136165308
137512433
137456655
133136449
135584995
136979272
136207977
136317846
137211333
137423367
131623595
137126355
137127413
137288251
135974413
137483709
136672748
137196126
137197332
136603259
137434643
137249783
137073977
137477210
136067141
137196858
136811087
135233726
136744960
137066605
136783549
137354677
137373973
137254186
137170050
137174777
137174833
137469830
137166190
136493434
137265099
135466994
137254313
136900465
137167029
137066598
136867479
130534929
137011241
137016923
137049613
136464447
137291641
136462073
137141307
137158527
136996007
136930107
137391257
136876429
136948979
136834008
137419536
137518665
135227104
136913468
136141920
136890845
137452658
136887718
137307734
135720652
137484102
137009971
136226099
136978966
137391714
133504285
136455999
137154619
136119053
137202937
136206224
137247348
136693150
137166731
129266955
135286005
136256849
137414970
137298369
133241992
137008656
137056406
137185342
137494521
137126497
136923034
137499136
135140366
137157231
137195418
136324979
137372515
134254417
137252092
137527555
137287396
134914520
137258729
137092287
137162389
137348948
137089926
136874357
136984184
136234099
137339241
136905656
136452082
137029723
137107339
137521530
133856529
136091023
137077174
136835193
136989168
137364146
137023517
135307188
137477289
137301070
137206255
135517825
136733257
136090817
135253889
137308382
137024417
137283820
137525289
137163201
136924360
133114071
129398706
131458676
136442706
137232572
136958706
137534951
134914523
137412158
136945756
136825550
137339383
135832022
137312174
136791915
137333325
137361103
137461580
137356118
137360728
136952732
137087099
134386619
137104554
137210369
137355527
137474025
137235751
137187124
137355150
137491355
136877063
130510313
137122651
137266614
137070646
137515108
136008812
136884074
137519311
137459671
137418061
137459512
137526351
137442404
137189101
136228034
137067228
137088747
137023030
137396941
135751866
136903218
130313505
136874838
136897151
136498916
133867063
136839898
136931936
136171140
136790433
137491997
137310784
137259498
137422519
136630539
137431262
134907877
137481796
132943015
136837397
137090807
137389649
131075830
136580828
136453800
130995651
136880253
137121041
136382604
137041354
132562489
137442352
137352812
137306921
133137271
137359838
136000223
134819832
136727620
137368199
136897323
137508872
137364382
137283328
136873311
133995944
136955559
137392814
137110496
137103585
135378358
137357705
136797406
137169777
137143046
134900408
136332502
136988459
136386820
135226254
137496513
137117310
133357432
135654265
136373250
136258903
133447337
137379606
135362436
137019353
135897996
134767364
131748695
137363204
136070865
137472742
137188235
137406953
137033958
137482600
131235847
137519482
136639310
136676490
136895164
136907266
136908551
136668801
136958396
137533338
136646435
136835684
137191712
137289484
137525106
133348852
137352125
137292656
135925203
137216059
137171674
136656298
137540094
137495590
135450147
136340446
137271002
137526037
137365910
137255024
136621534
137101399
137026219
137117184
137141240
136320467
137099541
136917427
137037530
136942228
136675417
136967674
136976997
136482776
136891998
136714870
137290863
136533342
137329358
137370654
136993088
137118773
137003988
137044827
136413720
136901363
135985252
137360027
135397154
135361356
137177464
136677500
129947738
137071695
137030579
136736929
136419970
137123279
137528992
136831563
136534790
133176488
137365086
137422353
137205605
136743327
137483949
137475201
136103683
137362035
136854311
136905799
137203001
133553946
137011254
137005359
136861617
136991936
137000280
135303474
135207796
136878875
137392697
137089800
137425918
137029442
134826665
137076365
136554276
137358653
137317896
137101881
137342153
137513892
137317609
131401964
137539103
135407667
137097927
137462566
135126431
137127780
133149718
133807522
136841693
135539139
137281310
137493500
136857975
137191771
136698007
137466591
137431897
137349366
137176918
130451683
135430537
137110640
137427304
136589249
136501269
137015972
137150696
133270919
136442801
135993546
135031738
133736952
137216754
137417861
137045671
137103949
137127635
136892015
136906246
136906492
133828692
137490487
136361427
136882994
136734157
137469515
123288918
136912159
136321847
137123520
135750425
137008573
127351844
137439094
137391552
137195780
136864699
137524775
137030442
137167998
136128285
137096000
135939783
136578355
137329879
134291132
136917931
135661900
130344904
135940986
137141774
137255437
137125686
136771253
137354562
137063764
137153533
137246716
135378415
136904905
137453849
137497799
137440719
137097419
136701322
137307448
137383257
137457123
137147496
137255223
137314886
136349877
137204776
137136349
136965071
137107209
133877228
137168690
136489944
137011644
136775722
137016475
136600156
137449869
137384274
124153769
136289808
136996298
137207625
136962028
136895139
131819141
137473982
137266613
137391939
137483701
137342216
136928017
137219926
137537436
137312258
137075003
135987938
137118207
136997190
135441732
136639236
135503689
137006177
137244968
137334753
136954492
136863412
136176829
137458411
136882673
134419898
136960574
137531763
135245796
137417494
136926260
136810953
135871325
137046817
135817124
135735055
136188084
137493737
136866381
136483182
130899399
136442709
136421239
136630063
137313472
137259778
136675023
136815530
136952309
134832065
136957224
137544356
136885181
136673206
137311444
130452947
137329609
137444542
134971702
136833869
137101868
137048824
137001046
136955310
137256881
137098085
137051816
136882547
137122907
135974423
137106507
137462369
136968393
136877380
137349298
136092442
136578059
136979966
137127211
137219866
137166050
137046360
136910339
137008124
135203163
136829217
136930708
136343995
136384035
136179717
137364384
136920949
137068820
136824241
137002604
137481955
135461002
137159216
136783421
127612451
137034894
137052993
137371319
137517085
137472728
137209884
137292287
137417689
136461154
137184585
137538913
136817361
136239016
133529779
137436841
135587522
137411238
137518768
136727982
137076193
137413171
136415721
136917330
136391882
136913469
137059856
119766974
137071649
136550614
137371000
137249756
137048699
137465632
136996779
136414432
137419867
137108110
136741322
136013013
136602807
133804565
136862002
136325338
136580458
137197596
137494129
136249201
137192200
137016455
137099612
137169563
136907655
135743080
136617386
137259519
137521075
137040658
137354140
136705842
137419780
137092379
137438997
136074281
137318577
137292374
137083242
134471613
136486560
137539724
136019010
137243149
136738749
137170536
137189074
137268301
137383800
137199887
121652840
136481864
134780757
137472476
137256322
136932275
135463438
136383152
136550498
137148939
137076249
137039287
136650467
137382902
137291740
137159224
136689623
137202797
136915031
136873761
137510264
137458289
133959976
137121383
136996935
135526625
136920973
137479045
136865428
137531889
136810977
136879945
137114801
137409473
137428703
137204195
136481836
137468974
128966039
137142781
134682631
137134405
134368213
137394576
135987537
136972664
136888014
137516010
136628167
137177072
137266842
137329245
134074038
136896092
137006304
129704065
137233852
137474096
137100486
137153067
137381407
137045280
136036280
136229709
134246951
137485524
137518678
137177028
137246555
135488753
137249288
137043363
137433865
135762729
137452253
136657729
136334786
137253353
136960208
137157546
137495132
135706045
136991478
136060986
136923817
137424326
137500107
135793967
137325564
136888251
137046840
136678395
137289014
137049955
136437641
137062690
133764420
137283484
137292183
137432660
137216126
137423722
136960700
129944214
136978513
137433803
136296407
136658029
137214466
137221145
137272991
137494120
135516330
137304631
130346056
137111011
137016890
137538707
137116238
137524600
135775997
137109634
137538508
136568382
136312170
137510789
135180823
136957214
137248860
137528329
136857419
137266939
137005883
137241519
135542634
137424306
136119778
137157068
137518729
135525617
137017862
137441385
136666234
137260631
137326451
135847029
136876366
137400803
137406182
135924032
137248481
137092802
137107460
137537541
137116164
137051609
136867745
135189264
137139083
137276787
137250639
131217125
137193216
137241368
135968604
137046188
137084911
137469394
136901841
136637787
137232106
136812148
136485031
136671488
137305902
137207876
135930262
137403514
137106132
135276475
137271309
137547085
137532017
136828352
137258094
137453601
134737281
135242076
136084467
137372059
137361193
137364855
136400871
137111643
136885484
137395644
136704970
136516185
137465840
137491908
137425890
137530884
137192814
137382540
136987052
136558440
136859024
137307322
136939567
137535339
137096426
136656933
137514190
136967633
137060363
137308911
137357432
136992260
137109756
135649414
136926477
137533702
136891772
137328128
137232744
136920447
136466407
137478572
137401299
137340797
134158511
137205679
137422601
135925494
135863815
137000401
137364155
135905638
136871847
137538024
136878285
137027625
137071447
132813559
137011252
136238579
129349187
137254230
136432740
137514966
135716729
137524475
137259198
136683488
134949278
135514227
137478070
137293876
135988802
137460923
137027593
137438561
136961988
137532503
136594024
137539297
135926607
136358177
126100518
137440362
137047262
137378138
137088722
136924477
135917490
137227035
137117844
137350550
137003226
137108799
137101230
135182494
137486901
137234187
137119682
137369130
133604561
136962585
137088919
135227112
136225286
131856506
137526314
137069907
137497348
136700174
137064626
137161622
133248140
137034536
136818585
136918043
136209633
136442789
137368009
130452676
137208558
136923890
135891466
137039937
136462942
137006731
137545586
137496973
136360657
136859783
137248813
136841332
136394682
133548157
136562520
137009940
137244236
137118217
136897918
137259476
137266888
136588568
137031876
136956444
137049826
137126936
136857540
133193999
137266845
137100683
137004460
137443177
136308904
137002869
137091648
136655570
137145026
137428535
137444577
134826595
135759103
137154274
136372031
136888015
136639013
136784325
136233930
136320891
137250863
137016469
135834127
136164753
137172517
129267567
137535295
136745759
136981006
136298932
135975736
136134569
134948948
127356205
137402183
137088153
137345891
136810971
136831046
133475880
136480590
136796134
136767896
136822526
136103428
137364435
137319339
136697425
136923320
136313399
137523015
136451116
136682452
137388804
136838365
135349964
137486648
136908144
137097257
134220976
137394175
137211648
131996902
137335064
137209341
136862263
137508494
137418410
136643931
135883060
136079228
136996144
136889720
136992820
136487932
76630371
137089914
136822233
137380135
137436862
136188631
137300881
137048497
137091194
136690007
135508435
137194549
136132574
137095883
137003937
136984458
137098532
136966883
136872135
136999176
136567909
137260269
137455730
136975276
136916348
136350637
136919190
137539462
136822633
137247757
137382359
137029683
137358410
137287975
136851252
137121003
127814877
137356182
137371214
136535816
134995680
137147389
137478632
136798476
137465502
137312098
137136591
137199371
137540497
137248927
136901983
136881121
136501308
137170789
135205088
129591369
136316149
137266879
137358033
136860544
136889324
137038515
137315534
137271971
137358270
131177004
136813087
135389282
137465039
137464571
136173940
137517296
134025524
135885680
137219158
136856195
137249061
137266824
137167831
136963782
137048146
137073451
137209928
137178235
137099642
137219873
131690206
136836487
137418369
136951641
137233689
136318469
135900626
137380097
136902863
137085965
135855291
136566055
137047100
137194384
137445332
136908241
136924201
135114254
137316006
135941399
136075717
136168308
136536699
137361620
133891845
136303489
137134287
137258320
135983974
132302190
136878049
137211010
136954275
135262359
137347982
134240014
133715240
137437049
136537412
134156383
135320275
137217122
130995649
136955503
137007264
137449444
137456522
137490854
136930285
137194785
136511511
136769537
136896284
137095288
137088060
136981226
137441450
137386640
137525171
137518293
136885865
134794827
137072244
137371333
134480756
137068353
136959180
135158219
136788675
137156537
137453027
137466491
136889813
136906134
131502060
135768828
137488974
136243155
137140194
137123670
137534152
134295591
136193715
137229291
137010248
136913804
136962543
137038216
137051190
136983474
137212289
137394643
136882372
135306602
137495225
137433577
136096997
137480218
136899601
136122945
136859141
136480220
136847002
136930128
137249161
137133367
137260546
137239663
137055315
137111349
137173832
136917751
135486588
133540530
137064123
137199416
137359058
137518047
137293478
136403398
137328353
137088731
136433380
137015649
136371367
136963513
136891657
136291056
137036897
137193475
136758820
137076097
137193850
137002039
137258276
137055167
136929757
136919887
136963925
137438313
137352426
136033992
137245082
137345977
135997113
135067691
137005989
135371585
137431365
137251249
135327231
137416803
137517106
137462878
136843949
137119920
137055212
137050215
137486862
137310112
137076232
136913282
135168955
137443933
136036130
136359593
132305740
136861931
137331330
136550900
136889294
137417972
137235070
136857043
135729130
137345399
135120363
137057492
136929749
137062357
136897994
137431824
137124514
137192953
137221416
136896748
137206241
137473243
136356300
136176420
137075919
136893245
136135117
136642763
137043901
136930423
136715508
136668473
137386693
136548943
137046864
136964374
136922357
137313676
136835977
137123702
129970158
137229603
137518052
137194219
135877241
137069473
137138902
137221352
135967196
136676736
136978102
137073767
137527557
136898416
136916178
137257158
137378490
136972123
137093943
136927216
137539773
137432739
136077425
137066646
137167054
128999737
132712983
136904134
137241087
137127659
137157237
134272793
137432793
137094489
136368420
136892477
137452722
136861726
136409727
137314730
137259465
137401175
136581066
136521759
137414351
137361474
137501189
137309000
137195944
136883222
137071997
136987422
136991522
137207261
136266983
137357598
137317983
137312888
137356641
136595248
137412851
137008103
136991526
136351150
137097259
137004862
137237612
137533385
137002878
137107851
137351690
136641821
136878914
137104229
135703039
137518234
137289095
134940219
137367192
137097543
137448992
136958587
137281325
137049577
134704078
137236420
134448870
137062643
135831078
136963951
136818091
137149683
137149713
137531172
136659449
135899609
136889840
136966756
137262256
132524202
137242778
136853601
137534197
137393373
137545704
136400953
137296678
136942283
136447088
104491865
135885325
130687729
135489073
136229705
137249283
136710193
137134692
137242310
135903644
130451698
136925625
136806770
137519441
131621710
137127674
137251042
137174611
137247703
137089516
136409153
136657326
137080009
137516451
136037096
137416643
137489825
135277310
133743161
137111203
136318508
137116402
137188594
136905655
137434396
136410100
136904798
134991388
137487194
137298716
137425908
137032196
136990648
135527583
137531268
137015096
137530714
136852269
137037665
136895237
137176860
136069357
137188770
136137747
137071729
137254995
137180496
137471140
135203957
137016463
135691121
136886771
136686610
137223578
137008412
137499063
137361958
137002927
135894903
137005068
137214041
137499002
136656418
136794534
137330247
133291633
137079414
137446489
137475435
136892888
137254192
137088903
137216196
136788337
137049504
137393477
137124574
136482366
137297951
136228624
137217068
137205403
137259904
137448102
137176770
137383514
137047161
136113017
137534141
131703724
137512102
137033107
137293208
137444979
137041513
136141186
137075937
136955872
137522081
137470929
137493391
137507606
137252116
136593124
136587400
137503235
136896828
137120649
135747675
136904825
137368805
136821692
137199440
137257291
135323586
137117821
136451806
136919222
137038702
136976885
137501191
137120715
137249852
137483486
137167318
136995221
137216871
135317153
137166245
137490532
137444778
137357999
137239300
137477387
137496950
137471670
137266595
137215013
136958092
137230231
137157182
137514818
136075667
136904848
137466983
137109631
137207411
137127492
137393472
137504258
137127774
137412032
137426219
137240582
137074481
137039941
134722439
137129699
136555649
135390596
132205872
137517850
136798190
137258903
137463289
136987021
137054839
136070189
123200429
136695469
135491724
136363040
137466489
131806870
136823604
137308550
137060366
136718899
137123656
136844631
136623100
137247755
136917078
137259366
137337217
137441499
137246153
136983787
137067553
136869871
137357727
137140573
135846721
137075874
136904575
137001848
137072816
137372051
137357234
137497428
137433981
136856049
136985570
136830320
134989380
136108672
135204879
137122918
137276767
136073335
136069934
136387918
133518402
136830898
136421380
136213501
137104483
136312652
136095907
137201450
137152874
136992735
137176734
136918118
136342362
135853107
134431284
137113404
137149701
137244586
136874791
137543700
136855850
130907513
135596753
136703182
134222380
137365055
137390324
134662399
136341995
136233880
136834658
137545983
137153614
137525708
137538103
136960390
137329232
137435294
136790654
136987865
136872587
137382052
136974390
137235889
137323128
137129991
137368229
136945385
137359850
137427941
136857452
136256199
136567950
132056203
137170566
137436353
136097279
137152760
135561247
137199412
137211101
135475651
137058465
137186878
136125498
136934814
136240284
137033141
137158470
137532949
136865551
137370847
137204417
137113401
136839002
137038234
137493911
127236346
137107762
136990665
137444014
137400395
137421998
137230285
137440316
136833539
137256085
137452989
137253902
137535062
137198115
135113527
137103867
137527383
137266850
137470136
136833425
136999990
136830975
137288877
137426530
136550205
137285850
136109063
135446657
137511383
137203618
137171790
136876987
136356809
136976877
137258919
137266600
137486083
136723915
131451588
136977742
136917687
137151613
137247662
136639307
137221505
136920411
137508212
131751771
137114694
137483304
137006563
137221640
137256151
137481960
133250354
136853781
135837149
136858309
137513945
136826857
137249399
137456006
134575860
136991780
137460561
136225688
136927494
137157451
137309940
136093024
137062965
137098343
136970306
136649660
132157921
136762592
136810970
136412940
137114954
133604703
136957128
137425588
137153022
136485515
136882802
137034224
137515990
130995634
137493566
137494691
137004662
137302560
136840159
136895764
135412857
137296259
137091560
137525873
137476700
137127627
137158343
137417413
136007785
137437214
137247881
137478471
137250289
136227922
137218138
137371320
136640384
134312549
137306716
137035202
137103774
134542231
137124362
137549379
136332858
137256677
136907262
137295541
135363656
137282398
136638586
136342469
137464611
137049866
136907117
137363983
137517357
136906081
137310577
137417481
137418745
137221100
137097896
137199519
137532829
137480204
137352574
134518125
137345020
136950702
137127741
135444488
137097676
137495713
136988477
137219020
137535328
137364245
137069764
135660521
136702276
137184450
134215543
137314695
137119320
136377276
136955433
136491560
135180328
136925949
136347799
137204582
137294990
137498842
137538493
137198383
136930393
136287732
137155187
137085748
137532211
137023065
137429785
135180767
137518666
137410744
137098225
137130066
136903569
137489806
135634753
133799677
135732316
128875034
137199114
137317204
137153209
135464971
136872182
137284597
133454325
137416941
137237634
137472504
137472999
135997288
137330643
136766581
137042971
136973797
135467050
136892134
137009752
134063417
136080980
136059345
137205860
136456148
136312342
137200546
136967349
136694806
137347992
136999583
133858117
136486252
136987860
137196155
136960080
136523322
133994760
130389781
137063895
133045237
137388779
137430148
136993378
135056639
136834045
137185332
137428012
137052329
137428530
133082794
136385069
137113622
136806013
137167049
137434553
137483689
135247849
137174591
137462993
137094344
137053222
131786031
136856737
137329897
137244588
137313070
137466600
137522718
136856024
137329258
137470681
137520500
136833187
136668731
137211457
137351960
135437299
137472478
137351061
136973075
136876311
137121010
137535173
136907572
137524585
137365681
136096513
137481273
136808157
137315621
137071680
136880608
137252691
136479138
136803945
137160300
137060738
136581092
137082761
137179671
137043051
137005380
136786315
137212564
137432806
137090533
137305567
137199441
136930871
134115899
136603039
137077458
135428501
137155001
136935943
137207439
136833260
136740285
137266822
137311350
137208146
137362994
135464862
137418599
131482164
137136032
137072774
137108134
137413256
137303286
136544523
136602497
137220207
137257851
137463012
136920425
137036465
137106813
137342226
136893346
137500524
137235420
137513799
136906598
137292466
136771741
137230661
136925984
137015204
137225147
137483533
137244538
137112390
137411852
136418048
136554441
136967695
136164335
136163685
137232685
137507638
136825990
136930818
136876432
136900418
137412796
136920158
136818039
136882667
137360467
136063848
136112998
137173425
137426899
136986114
137279685
137481292
135463801
137150916
136235022
137283989
136899501
137515687
136655695
137383438
134652411
137073981
137421329
137266764
137531708
137550067
136640242
136642871
136222212
136981894
137515888
137468936
135899039
137339427
135620577
136877384
136021503
136828200
137262320
133910539
137484985
136561822
136654907
135123485
136324492
137067990
136955407
137069412
136927091
137526452
137370665
137470786
137532800
136852558
137356141
133006020
137357310
134738770
136984401
137449178
135941891
136069273
136995222
137318856
137196689
136426223
137549326
137424366
137247802
136931453
136725099
136922015
137201423
137099117
137254011
137549041
136550516
137308412
136973550
137075900
135530347
137107351
131902963
137257260
121906254
137302849
136838062
136150446
136969902
137172586
136958953
136344543
137321654
137163618
135881913
137116156
136879082
137428482
137293390
137194086
137302450
136816807
136312172
136998903
137250348
136857734
136977249
136902396
137437013
137029679
137330133
136866092
136989762
137294565
137462600
137357485
136995285
137027688
137464861
136092431
135937699
137481965
136264753
136008558
137010075
136347072
137192973
137204812
135911807
137252693
136551581
136583457
134983771
137368164
137145169
136865840
136489660
137062450
133612709
135883375
137442258
137167041
137066905
137213740
137329656
137437630
136752552
137501181
137341130
136879853
133712173
134051166
137145045
137087151
137523894
137380684
137225658
130452678
137505897
137301609
136874301
136144364
137022061
136705538
137494238
137395461
137296612
137175853
137516645
135634670
134949565
137518669
137294316
137069299
137248962
136728349
137254416
137255297
133035270
137420932
136784192
136830619
137143279
130817312
137492593
135896184
136574483
137410882
137380274
137363326
137206247
126528740
136818570
137001294
137334591
136832639
137233188
136840062
136930381
134294897
137164597
136884950
134740278
136299594
137218102
137049626
137504506
137192665
137383099
136658161
137480202
136862711
137107612
135586827
137071611
137342555
137350680
137005122
137156685
137367561
134896516
137509693
137481385
137014792
137002191
136792723
137341697
137280092
137312085
137032553
137174903
137434460
137475327
134720001
137248617
131308969
135935268
136824057
137453437
137487808
137505921
137203023
135231906
136181730
137198593
137334589
136313934
137255773
137522735
135987764
136829922
137523377
135856105
137381255
137199141
137393832
137370609
136032799
136824769
136792026
133659964
137057887
137245092
137075911
136986374
137418639
137016412
137218692
137471019
137512101
137313126
136437177
134657708
131489990
136125546
135996398
137066475
137406405
137355277
136999074
136556943
136198355
137333685
137428483
136475836
137452238
135512235
136818041
137143207
133291993
137160450
135680029
137255771
137532033
135548133
137146572
136641574
136810963
137133836
136469879
136984135
130327327
137160956
137230720
137157398
137297811
136971363
133391091
137427277
137362842
137095736
137064503
136917494
136476399
136967140
137006615
130176339
126369257
136913615
136671857
136924603
135880433
135618831
135620979
136987259
136901641
137467301
136825380
137029720
136884921
136990841
137385699
135846315
135185029
135311278
136898452
135972331
137295099
136897847
135984561
133455326
137499011
137435551
137000963
137319650
135928776
137361604
136603503
137236174
137166791
137285424
133354110
136842868
137494113
135396735
136926943
135422803
137054369
137490977
136920747
137097132
136667045
137032956
137289097
137239952
137193316
137241903
136967683
136303877
136420835
137266872
135396185
133904972
136245537
137393673
137372004
136193668
137249702
137026631
134537599
136304810
137327534
126581878
136834905
136807536
136813192
136112768
136617302
137045802
137539451
137153493
137360081
136972769
137022060
135623135
137266611
137432430
137348371
137381041
136476804
137104142
137416162
130995630
137026035
136550523
137221577
135935342
137213548
137485947
137391711
137303204
135827397
134649994
137069982
136624185
134772804
137532137
137075938
136083295
137532375
137320902
137533158
136885762
136188273
137361860
137394198
137209839
137060158
135661027
136856044
137549551
137452767
136827148
136860500
137169539
137458450
137037869
136928557
137140898
136821236
137020118
137442470
136622602
137040036
137353029
137424744
134907919
136887839
137239864
137245300
130440673
137230129
137253905
137496872
132830958
136984744
137244692
136807582
131823050
136986041
137528175
132294552
137539123
137521030
137500005
137532738
136865268
137412297
129286539
137098370
136853484
137379625
136898794
137386213
137194534
137364020
137433920
137501266
136565138
135722219
136357830
137026126
137190364
136547509
136787507
137357840
136877503
137114940
137210517
137034432
137160472
137249549
136921929
137336818
136840014
136920017
137359652
136953207
136900914
137024373
137490617
137400737
137413460
137121126
137092944
137464019
136604689
136979674
137138867
137418653
137388781
137474281
134129721
137253932
137368754
136385269
137346047
136964499
137110315
132288383
137112597
137250804
137307463
135750974
136656498
137242079
137370045
135236072
136586316
137127620
137358206
137343917
136127147
137528784
137527295
136651502
137028441
136646192
134938250
136442793
137349012
136957971
137042613
137004303
136234978
137293281
136883112
137471160
137453120
136863659
137152828
137004525
136882939
136216009
137395293
136605202
136559954
137154114
137349369
137129851
137138406
137324536
137147331
137126227
136883883
137472730
137494316
137110563
137235148
136957794
135009199
137296525
136939462
137199314
135820412
137257863
137258314
136165732
137075912
117697804
135321410
136711871
137188907
137433444
137276792
137128992
137003116
133392124
137286976
137093945
136873690
137112404
136843992
137518672
136602679
137303763
136877098
137126719
136856376
137215655
137452792
137156493
137259043
137278182
137236309
137375940
137252418
137291931
136063717
133202287
137514600
136185647
131401006
133234121
137445232
137499241
136881914
137319267
137245446
136462041
135996913
136959485
131461548
135213457
136930503
136940453
137066415
137045050
137466870
137357346
137259485
135672740
137157285
136316807
137094751
135906496
137160654
137492536
137089238
137206524
136608926
136824626
135315844
137136863
136987248
137106522
136440244
137234028
137039134
129338763
136502039
137206672
133854106
137276796
137460658
137510066
136133849
134989629
137462747
137041853
137127705
137139340
137360197
136914974
132418029
135646105
137046953
137533819
137058682
136824506
137044353
136899684
137204597
137256684
137285687
137424335
136481781
135513554
137041190
137207396
129768519
137097527
137497678
137464699
137146715
137097594
137479479
137238846
136921991
136842086
137449506
130153393
137540127
137238915
135351337
137473134
137055994
137527125
136405560
136136040
137383253
137004944
137364000
136994244
137104455
136953151
136836741
135319504
137383960
137022054
136077478
137117372
137222089
137364371
137137797
136868730
137439057
136687051
137266839
137088756
137302320
133727591
136179716
137127630
137439148
137084735
137257773
136906429
137005049
137499240
133225337
136857948
137061633
137088303
135199382
137073033
137526135
136594367
137379301
137251430
136896129
134056092
137411493
137300547
136872453
137196254
136850828
137157401
135446380
137299394
137509971
135862725
137473139
137467152
133462024
136942123
136961085
137201126
137479962
137311179
136689142
129000302
136487966
136913820
137330088
136927142
136502960
135702695
137310902
136030379
136444487
137546908
136681224
137241961
136321491
137478141
137298908
137224005
136923222
137297810
137348253
133856955
137066912
136785645
137243947
137067477
130471442
136924119
134808591
137176698
136197241
137067067
137054317
136864242
137231525
136645211
137209498
137518566
136605245
136851224
135111971
136780411
136828173
137248753
136645408
136930986
137311529
135140162
136561534
134517646
136511502
137396329
137235666
132122811
137338427
137233961
137075889
137474604
137525066
136932353
136285114
136912317
137328838
136929235
137305615
137453251
137497405
137168436
136900859
136898990
137241540
135562658
137207412
136908887
137330433
137351961
137178327
130452847
136898028
137477711
135503461
137293661
137365272
137227058
137441775
135895281
132793381
137320142
136900927
137290129
137199444
137207331
137356792
137188945
137363635
137157316
135781955
137471009
137546539
132871492
136907437
137145950
137249394
137419081
135429086
137442893
137311417
136882410
136480328
127271552
136220582
137254449
136875084
136910913
137254096
137154881
135730656
137221444
137394496
136034910
136358466
137160277
136166656
137364782
136872385
137417859
137515512
137142901
137496968
136647256
137030441
137158790
136985854
137057601
133593402
136501199
137460135
136454380
134427427
137449266
136957103
131296469
134452942
137472494
137382379
134944437
137390335
137383240
137433305
137240672
137300277
136856741
137086891
136157301
136978449
137124365
137310218
137141543
136464752
136825040
137424246
136563593
137319927
136808835
137257990
136412764
137098959
135236081
137308176
136557906
137194060
137219074
136818453
136889376
136373068
136930175
137470675
136164353
137241088
137181560
136963410
134979246
137442080
137064615
135885280
136364642
137107346
136916208
136657854
137445642
135732315
136741803
136229703
136835951
137061275
134938252
137313392
136810957
135592317
136046415
137214114
136891586
136810949
136213882
137227561
137254211
135017104
137063387
117486286
137149454
137333023
136822994
137251161
135483638
137186566
137453589
136511500
136810918
136989985
131996415
137101636
136985001
137236445
137315388
134152016
137516992
136991399
135988983
136857016
136825406
137288264
137267770
137248470
136530740
136668644
136997698
137057167
137484244
137349249
130409810
137129849
137371672
137480280
136913563
137052924
135639530
137523843
137077664
136672091
137449424
137492989
137064225
136182388
136165441
136853365
136932061
137289194
136818815
137481942
136895252
137307744
137257793
137076707
137298393
136613344
137534294
137214461
135901999
137089267
136313492
137360047
136159030
134966468
137168197
137066771
134978700
137038199
136125641
137052876
137016461
136847020
136119780
137393616
136285096
137000326
135158708
137519383
135204352
137339257
136946008
137155061
134890640
137441421
137440282
137438563
137100672
137127290
135097078
137232292
135835007
91986196
136975068
137067857
137052881
137478815
136957151
137306434
137137168
136095404
136791353
137437809
137480788
135195466
136901079
137308401
131693690
135465599
137008043
137155864
137444770
135220120
135046408
136720924
137255022
136867925
137328564
136301230
137071742
134086689
137303578
136365283
137028496
137307730
137282058
137098246
136641778
137276773
137051538
137074469
137216422
137313971
137486052
137414889
136927003
136889169
136870213
137317939
135824684
137174613
137209752
137054265
136651477
136203976
136987028
137465721
136984541
137213424
137186356
137416764
137538684
137371321
136758137
136911314
137439005
136967565
135893508
137383353
137260829
136855520
137239053
137047379
137296952
136489743
137170320
135488475
136817185
134455383
137529893
137453102
133082832
136203447
137205648
136896542
136145110
134682988
136489895
137549566
137232806
137433307
137120112
137520182
136861673
133294549
137490499
135396836
136900578
137011591
136087898
137316358
137391192
135454106
137196221
136175192
137539774
136564617
137281843
136994249
137199862
136674947
136892295
137531641
136865573
136065590
135457673
136630698
137544849
137284753
137203940
137053963
137430722
136877864
136876354
136809162
137096499
137495255
137056041
136999554
137123730
137123259
137251155
136442755
133134555
137344329
137376111
133014818
136987456
137246785
123869225
137305937
136956005
136566474
137529006
135879282
136862872
137358869
136965328
136135335
137266861
136676415
132913642
136975522
136221270
137328654
137464493
136901896
137026469
137212172
137266597
136962604
136967652
136114084
137315311
137456014
135002396
137082051
137396356
137447622
137023056
137038170
137483034
137075903
137073115
136788036
137538164
136893431
137380568
130451681
136833402
137124074
136732310
137497416
136439440
136542993
136724779
137220679
132154034
137075887
132718151
137169018
137111460
137371228
136899899
137308706
136390036
137091558
137318996
136557864
134869369
137200674
136029260
136577645
135898998
136722987
136950231
137419518
135236467
137108267
137209890
137115218
136557247
136827855
136540662
137354648
137185785
137461423
136960926
137357561
137357158
137345398
137025172
137453319
136251242
137492696
137047566
137049998
134815439
137535859
137009867
137059572
136824575
137436394
137310442
137098988
137086140
137014882
134585968
136992620
137259582
132766519
137447052
137106620
137139284
137356310
136472288
136907272
136353435
137361422
136681233
136829580
135793615
137204416
133291992
137395656
137206874
137055333
137056893
137045940
136972655
137256941
137429616
136553659
131930644
137546196
135851765
137144907
137138885
137499330
136981713
134947195
137238871
136259279
137203558
137251739
137187302
137104607
137518680
137247632
133363824
137354532
128905442
137112084
137162811
137480299
137439289
137466102
137540612
136481988
136856667
137462529
137126233
137091628
137044366
134229809
137136670
137370424
136656950
136300517
136834609
137343134
137089716
136928584
137068291
137517707
135427005
137532310
137037848
136225463
136007993
137266505
137362084
137355183
137296068
136905777
131670364
137023059
136883170
136883018
137277970
125244026
136683159
136626564
125175096
137041990
137296728
136924787
137504693
136876555
136639243
137142881
136354527
137533673
137326476
137073974
136389101
136927857
137380390
130993497
135242584
136957579
136955473
137008903
136911998
137416256
137170854
137313136
137075939
136833761
137545574
134654745
136628090
137040273
137067690
136007299
137305687
135912312
137010463
136395955
136193406
137247664
131181308
136603842
137206931
137536675
136474921
136481605
136655611
136161749
135031896
136810027
137308677
137150200
136835528
136351323
136890732
137366339
136838477
136184654
136171134
134455128
136487124
137412849
137458157
132464520
136119958
137247304
137076726
137432494
132067644
136642957
137427303
136853034
136928889
137269949
135553337
136665688
136836014
137244900
137520310
136004986
137143121
137431564
136885655
137220928
136926671
137199469
134064356
136869494
137046658
136920036
137449376
137003066
137092527
135236584
135821777
136866425
137327754
137193131
137064664
136830133
135296490
136030090
137548668
136927461
137049430
137391834
135187899
136858851
131789253
135493005
137433281
132660894
136534068
137223837
136975311
134121476
136845800
137116291
136647662
137191520
137041717
137492260
136958837
137280258
137504259
136902181
134765863
134829476
137355569
136882469
137294530
136892285
137397090
136857073
137309100
134451944
137321288
136506061
136851716
137198329
137342983
136900593
136117226
137526108
137266832
131169081
137266615
137337986
137422172
134174603
126818619
137272072
137177442
137271035
118780490
137210415
137051043
137324377
137127626
137384172
136889038
137483824
137472507
137205723
137362962
137377910
133176460
136143844
137436366
137301026
135408054
136581222
134617007
117326467
137355567
137360622
137164200
136830203
137356598
135660787
137447920
137121502
137010604
137316221
137250658
136900342
137312557
137370879
137545023
137099194
137119075
127447665
137372470
137136867
135161211
137248076
137043286
137103109
137256272
137068915
136960491
137287911
137068829
137236107
137192131
135972041
137359402
137072474
136738596
137549571
136915544
135943017
137372556
137518674
137076716
136628207
136866326
137142736
137238801
137366372
136810917
136373397
128506770
136868589
135944188
137250484
137162494
135523439
136475238
137199738
137269961
136930747
137443713
136704068
137019144
137407092
137422151
137293601
137126555
134693744
136145677
136158998
137472741
136246236
135673442
135264127
137003161
137064448
137194021
137439127
134654669
136964269
137394008
137077847
137436564
137270247
137285082
137342470
137220718
137301734
129287031
136909232
136995514
137070690
137380148
137460684
137474689
137127315
136791763
136511480
136824655
137260071
137230462
136881306
135083998
136918794
134878628
137003651
137529666
136930460
137527754
136852184
137266621
136107203
137365668
136375063
135225549
137232461
136855311
137235701
136841216
134522934
137070820
137187231
137495405
136544934
137361013
137057692
137427298
137008090
137382524
137486929
137262199
136026894
137099046
136958961
136256908
135749921
136894904
137327668
136643258
137431142
136736441
137207341
137111955
137061293
136923453
130453395
134907901
137485693
135491719
131038195
136362553
137532030
136372604
137127193
137234169
137282382
135973797
136679084
133735969
137394761
137122485
137472498
137098621
137516224
137118356
136805425
128665574
129547603
137427035
137357414
136901356
137531882
135578657
134288068
137095000
133363821
137343441
137154210
137428105
134122508
136313698
137483014
137329454
136828824
136386339
136845113
137358531
137067263
136509237
137282924
137441026
136587386
134842061
136958445
136554481
136888528
137221396
137053138
137151668
136994262
136398488
137127606
137062516
137127676
136237449
136549184
137211392
137509494
137220847
137453274
136504393
136183093
136348400
137236146
137154378
136093149
136655375
137295986
136797463
137227869
137495702
137162619
137447916
137377209
135901306
136326115
137020201
136875115
129467767
136851711
136900616
135831639
137141918
137088642
136722848
137498640
136921403
137304209
137432539
135184853
136550515
136858012
136705474
137436572
137069733
137535102
137535086
136844200
135919525
136421616
135426368
137357487
136426101
137044019
135901680
132191836
137175886
137509132
136511509
137361344
133025670
136897988
137247630
137526999
137362866
136658578
137532399
137391270
137537412
137063384
136708362
137449603
135939630
136856265
135989759
136126658
137388555
137172679
137438478
137101277
137532351
137352242
133236098
136813651
137391985
136922097
137013500
137286865
135318375
137486361
137128939
137300938
136957130
136816952
137079467
136255553
137308888
136310073
135274222
136968921
137281045
137120719
135484349
136442744
133183518
137444043
136243631
137336563
137371313
136502397
135494676
137110742
137123193
137228122
137292692
128366077
135718557
137379092
137284018
136974185
137250281
137356163
137064376
133019502
126070833
137535572
136953544
137147203
137438411
136923113
136227132
136838885
137224132
136578587
137109334
137271093
135517855
137296427
137216259
137380340
137179975
137120047
137202365
137298304
137117357
136854533
136927243
136994298
134880443
136901230
133712096
130995650
130879129
137257021
136986358
137212755
135875587
137495027
136901261
136616754
137175178
137432851
136880860
136990756
137038177
136905991
137196309
137315812
137018701
136990361
137201110
136859049
137517999
133775428
137470992
136972619
137168932
137298443
135207797
134544857
136458335
137412125
136644019
137537929
137309865
137345337
136372479
137418823
136916108
136881076
132856378
129849236
137140559
137199780
137369293
137127616
136794506
137167576
136487548
137242055
136774111
137440308
137252735
137202976
136073195
137213837
137187126
115622254
136653076
135373273
137144036
137112922
137532383
136848989
137520258
136830718
136365085
137176659
136600869
137519310
137409045
136896330
136703996
137485690
137174819
137140843
137161862
136415656
137530069
136180981
127249680
136302626
136742202
137384764
137358344
134371884
136928073
136273649
137102520
137442042
137530575
137126871
137425889
137394185
137425897
130452664
137299290
136515620
137171222
137215108
136970314
135487418
118990654
137483447
136981596
137364047
137438977
137215520
134545875
136810924
134451134
137460322
137195744
130451711
137522791
137053717
137483647
136989761
136486367
134842734
136794328
137396975
137233857
137317230
137148291
137464720
137486809
137233900
135457938
136989657
137520879
137360573
136825788
135992372
136918298
136649254
137411841
136209498
134953099
137296546
137484293
137520843
137276788
136980156
137073461
137431488
137359859
137333580
136572953
135794411
136166073
137393644
136988176
137485958
137222286
136905823
137266626
136816688
136588900
136868854
137092666
137277296
137420134
137422139
137509183
137360567
137172269
137380913
135913158
137519440
137127750
137266891
136930646
136840053
136997088
137203041
136018590
136341882
137199878
137364002
137410905
136683259
137421328
137308093
137057066
137446639
132686590
136917188
137006083
137526491
137518194
137206269
132320030
137341111
137378349
136843001
136119776
136982140
136740842
137091249
137174898
137233744
137142939
137512202
136743959
136483405
137362085
137065775
137445704
136194199
137084324
132128566
136723947
134675324
137547361
137192264
137423664
135491722
136970041
137128084
136021276
137193872
135508722
135646167
136885113
136967883
137364375
137497406
137426602
137486494
137146718
136393661
137255857
134992916
133185847
134498853
137266599
137300727
137379835
137364395
137549567
137041680
134795239
136946120
136943414
133561475
137439941
137379713
137103348
137329762
137298034
137147339
136956536
136965167
136293474
137443719
137151612
137155654
137153960
137073203
137106808
136917394
136966738
137291071
136610692
136462294
137250782
137251462
135253478
137210723
137465828
134109305
136992645
137031810
137471943
136927190
137015861
137520758
137068497
135732605
135394240
136608119
136563011
137439942
137412078
133476220
137295284
135720915
137325536
136995743
136882785
137137928
136634527
137441757
133397162
137005513
136351310
134822539
136903533
136826049
135138249
137044177
132830952
137517849
137271310
137198546
137492257
137216355
137109490
137204521
137241638
126658800
135995713
136605000
137380811
136882142
136743951
137055314
137316471
137210514
137442269
137409894
137422550
137030997
137038356
137438015
136848653
137374448
136986582
136913644
136201629
135814904
135308525
137532594
137444792
136822998
137176594
137002385
136855274
137545164
137112595
135334008
135028475
137137743
137395192
137334718
137420542
136882461
136728097
137046806
125277920
137144684
136830653
136984566
137037350
136144130
137143363
136367950
133991997
137069125
137093523
137084309
135781771
137254758
137292941
137365294
137189129
137377319
136369826
137370191
137181452
137540413
134702846
136538138
137029089
137419316
136905653
136220798
137326480
137048615
137524116
137166924
137000036
137002152
137086699
137512909
136721978
136712611
137384583
136969549
137251848
137042565
130298994
136127982
136878271
135848614
137198541
137221695
137435884
137199233
136490051
137112574
137475461
137054546
137394159
137481154
136089655
137380547
136185221
133732887
136136856
137294027
137259592
137205082
136393642
137055269
134088481
135902612
137126955
135934291
137151798
136683253
134853385
137453541
137470684
137326453
136854403
134020501
134271433
137043767
123451644
136354699
136649457
136884742
137315952
137371584
137371335
136450306
136859635
136563086
137034367
137356640
137077485
136889995
137122486
137339492
137474783
136550640
137451767
136905990
134807591
136767468
137308063
135501897
135679129
121370571
137325537
137418714
137359781
136992580
137284361
137196184
136824283
137070979
137358205
132306400
137249595
137213912
137383793
136052143
132989459
136838381
137371984
129791987
136480923
134144062
136975525
137198074
137193281
136590169
136900841
137254208
137200266
137148337
137417830
137238911
137252318
136838387
137241735
137210526
135458331
136855580
135781411
135755810
137093712
136902040
137162492
137157070
125391508
137411889
136299408
135849316
136881276
136855525
134076165
137530596
136901328
137534777
137492336
137328875
136901417
137359788
130973068
137204767
137186883
137213688
136328172
137512746
137380831
131063864
136555552
137474482
136230318
137353468
137341572
137266875
136262538
137203112
136089728
137016246
136955874
136871631
136773526
136961609
137199864
137107874
137395774
132129857
137544353
131209873
134807413
136855947
136142300
137452278
137287444
137191951
136921295
137526859
136962272
137170685
137113305
137350978
137155541
136974897
136851739
137373111
136745420
135829589
137377683
136844305
131246140
137199000
137134582
136416720
136892426
137201144
136477426
135875552
137348161
137540074
136643480
135965942
137249091
137157790
136164511
137458457
135902476
136826591
134275718
137213683
137327233
135815023
137151627
137355614
137343141
136639475
137123787
136659620
137496952
136965349
137010029
137184494
136873586
137415980
137496527
137252548
137199417
136898813
134907945
137158265
136756794
134710223
135607844
137242974
137232242
136822470
136894011
137238621
137413543
136185339
136137592
137270605
137482945
137017838
137531060
136816487
137171638
136579713
137216543
136555567
137520591
137242551
137076642
137191366
136081719
137354480
137248238
136897405
137333811
137145562
82351268
136683124
136871933
137095005
136432222
137167560
137474629
137433360
136998613
131787922
129625590
137353394
137492603
134739035
136015223
136841654
137306586
137492935
137527164
136465583
133271136
136956781
136264636
136438022
137480281
137030614
136941297
137011235
133821963
134844305
136998767
136886162
137127194
135419849
136229704
134245763
131693649
132052172
137063033
136457848
136539428
137161169
137512084
136844588
137216853
137266776
132070206
137470679
135554559
135731434
136565306
137075502
136078755
137142283
137408404
136740187
136568277
137332146
137498495
137357887
137075376
136994246
137491999
137070017
137364390
136960910
137124582
137231428
137165272
136182972
136573297
137200199
137044577
136578604
137111095
137382944
134486192
136997922
137115222
137364058
131239133
137417273
136560550
137393709
137251401
137336629
136964820
137290999
136855838
135901606
137498380
137313390
137141744
137269684
136975909
135923540
135911393
135433274
136854549
137085656
137209335
137397524
137060324
137075901
137464515
137480566
137539419
137364396
136886382
136635388
132847308
137039770
137177341
136990759
136838992
135154238
137257353
137298276
137485694
137038616
136862718
137078402
137511586
137210507
137350525
137121887
137251530
137338424
136298735
137081086
136917480
136920875
137047555
136830205
137293867
137116356
135249995
137214012
137460654
136893337
135467204
136744685
136939845
137315360
137110368
137258643
137413588
136710996
137050910
136991508
137168903
137200536
137472316
136860783
137351435
136032861
136850740
133234119
136901686
137066060
135981324
137379237
136928536
137236752
137495362
137276777
136547334
137186340
136665848
136334892
137069674
137200627
137234118
137194036
137170416
136725470
134896770
136863658
136743224
136858816
137070429
137146717
135236077
135504276
136841971
137376107
137394705
137070091
136927152
136066531
137484234
137156726
137139133
136828470
136851127
134654229
137535539
136599468
137364040
136564681
136989647
137106278
137256119
137544358
137360375
136902770
136559939
137398102
137201054
134901646
137214852
137420987
137032795
136642090
135512809
125501948
137112340
137008150
136442796
137146491
137380271
136601102
137531856
136433494
134212274
137124197
137463124
136643775
137259434
137210420
137520179
134170046
137266865
137493063
137011369
137485046
136397452
136962345
137157620
137288599
137299707
137485464
136920694
137169006
137370106
137199414
136957335
133249292
137306780
137520850
136186058
137509184
137483468
136248020
137061650
137206955
137240597
136899203
137366052
136340057
137233038
137095450
137382224
136125609
136861476
137073395
137500390
137211785
137253874
131324472
137294341
136325140
137209326
137048235
137369500
136311821
136987233
137457534
137327669
132248048
135549460
136550508
136742313
133332021
137435493
136869456
137168861
137525403
137461554
136626809
136923658
137518988
137420052
136768600
137298396
136842213
136835610
133267043
136259860
137276791
136264546
137513769
135411339
135305202
137051648
137049230
137426328
136593818
137121857
137033537
137279591
137285178
136643373
137056974
137369679
137005270
137389494
136893706
136954432
136835135
136860272
137310306
137229339
136851277
137483806
136915944
136997682
137197014
137159585
137005059
136862992
136962091
137296224
133125397
137360495
137412584
137177153
137195018
136704791
137418525
137074479
136182893
137250254
136782475
137507496
136375763
135201660
136323721
135420138
136875860
137477768
136967678
136629413
137470953
135703466
136152721
137529011
137380903
137494764
133249404
137479967
136982228
136819135
137057642
136960223
137293802
137204111
137382029
137532685
135981347
137433922
136375417
137440268
130451686
135236085
137518051
137143786
137118054
137434699
136932887
136337829
136720440
137032105
137430959
137510267
136864245
134587212
137146623
135631346
137348673
137422778
136951457
137289571
136581951
136909405
136353013
137132250
137341325
137518420
136477433
136610564
135712683
137290047
137044993
137200404
137157362
136918286
137170012
137083253
137371857
137102574
137094159
136904172
130451689
136960778
137002166
136913191
137453208
136823941
137083601
137189174
137515911
137514644
136977421
137533168
133137550
137104526
136556591
137439309
137119067
137453791
137537218
137246370
136444080
137498492
136947079
136240897
136994376
136859248
137372656
137448491
137311214
137203733
136868532
137369987
137194183
136422855
137157472
136913942
135979559
136882726
133945449
135786696
137071829
137150636
137266783
136321880
136713118
136706263
137513730
137199871
133326515
136838002
137472238
136983998
137379076
137535758
137447977
137035097
136455678
136894118
137276784
137226974
137310263
137096406
137266785
137422965
132549144
137174781
137104228
128970481
137446748
104013885
127315417
137048480
135875718
137484086
136989587
137116159
136373626
137037392
137423487
137140695
136932079
137291827
136075060
136445153
136820753
136991579
135909536
134540704
137234542
137290284
136879917
137094694
135898613
137041670
134516752
136958050
137387268
137346379
137256617
131751798
136389759
135841877
137406581
136818680
136825471
137234301
137106937
136440231
137390860
137270331
135604705
137520959
136397816
136676727
136550506
137219985
137054978
137514667
136549374
137284308
137527769
137495522
137213411
136591286
136582707
137106403
136908556
131771612
132790979
137016471
137315527
137216935
137121580
134324561
135817133
137150502
137355570
137397873
136183299
136381015
136884510
137528419
137442452
136786228
137317385
137151499
137197753
136830552
136986836
133749556
134614117
137084178
137266848
137443520
137312863
137312673
137373983
137514452
137337377
136990293
136137574
136919298
130430989
136899745
136081428
137433364
136989015
137249387
136611193
136834403
137519238
137065810
134485685
134583880
137337499
136878997
137206735
137225437
135078614
137104487
137211847
137327882
137352371
137424876
137150954
137159793
136487691
137053427
136827899
137513002
136262993
134758549
137023042
137046602
134981478
137210387
137120546
136323210
136294365
136435321
137533142
136161568
137508658
136959482
136827886
137035259
137486876
137394190
137236264
136962286
137457476
136703185
137044661
137057782
134758085
137352542
136298295
137099010
137106275
132980218
137380361
137532677
137513139
137507271
137491965
136989896
137151868
137067840
135488754
135752298
136716172
137251539
133471459
137380702
137221470
137528637
137547456
130452949
135523502
134226965
136629929
136511518
136962433
135756964
137082709
136872567
136877632
136998372
134009014
137496931
136630232
137266590
133292664
136351073
137215261
137441229
136810967
136994234
136348302
133571864
137422428
137516423
136008992
137237942
137284832
136500016
137112468
137448316
137176839
137022045
137001035
137544354
137369558
137150645
137537108
133979047
137142452
137509547
136456584
137472731
137047056
137210953
135321718
136889127
134257523
137178285
136082774
137237863
134893736
137496921
136940626
135889716
134603514
131347339
135463555
136705495
128530115
137242493
136836204
137000752
135016298
137090852
137444018
136245784
136892614
136988100
137272166
137312737
136996751
137523231
136165772
136558373
133554066
137211540
136854326
137296172
133727151
136563592
135870223
137327765
136883783
137286881
137357215
136639245
137434413
133770307
137266619
136075982
137501282
137414480
137494609
135884218
137104773
137101638
136682954
132766484
136867192
134174289
136498382
136442759
137427361
137358169
137054596
137217052
137003260
136503131
137037429
136092703
137434054
136973667
137532784
137412420
137046835
137452798
136153322
136995602
136750040
137071126
122004619
137433073
137141282
137151063
137429580
137103807
136733806
137356489
135028280
137134136
137081131
136160169
136898050
136079116
136995383
136902186
137528638
137393562
136072665
137487421
136912192
137100351
137251540
137303185
137511624
134678415
137381659
136375897
136860639
137118867
137333986
136301231
131132639
136989439
137458682
137514832
135173991
136946732
136095813
137059610
132288197
137193166
133666394
137385828
136697969
137444575
134103685
135020422
137083581
137123034
137381216
136930098
136031457
137454430
137440452
137153976
136830095
137495669
137500309
132217984
137216124
137107410
136877381
134441443
137122099
137124607
137033026
137026295
137330495
137382832
137145416
137293759
137302532
136966508
137146402
137107174
137120320
137291072
137305966
137379564
135559785
137418068
137309207
134722235
129263830
137506362
137050747
137240589
136962233
137520528
135127905
137197772
137221090
136940571
136211895
133546618
135396574
137483306
136921478
137374171
137258315
137011234
137110831
136920971
136434246
136171351
136818583
137064049
132112597
137080126
136800058
137417272
137480374
136896296
137497821
136351921
119066525
136957135
136903384
137037415
135542088
137184656
136994304
137309681
135772646
137339364
134867381
137406350
135198268
136077644
137034086
136999370
137154769
133704963
137295021
136697980
137065896
136892874
136929784
137002155
136968142
136962928
137420484
137253274
137393619
137533501
136049040
137364955
130593351
136646808
137369129
137225534
137005522
137245882
136216068
135743070
136175089
137499215
136657466
136993469
137188306
137066786
137448132
137495874
137518673
137358782
137538629
137532965
137246629
136681348
126534185
137077568
137530018
136932258
137500872
136776744
135998015
133324572
137064923
136991152
136867531
137172018
137106202
136886759
135997071
134214297
137359841
136826280
136929783
137220587
134262504
137509422
137498049
133996325
137114912
136511501
137472514
137159705
137498427
136444075
137426390
137184565
135984873
137508289
137266868
137238766
136980621
137291015
136896401
137314448
135040992
137341880
136901639
135834394
133984341
135836787
137053826
137353774
137209707
137307957
137078547
136480315
137203993
136822121
136090183
137465856
135831506
136985175
136959818
137423301
137193796
136501589
136838377
136579442
136357671
137491801
137492838
135203369
137153653
137145415
136880000
136963204
137075933
132793345
135967662
137117563
137297021
137251943
136493601
137529772
136935577
137508123
136874481
133917885
136975125
137202145
137128408
137032609
137300078
137126416
137213504
137484392
137491900
137160451
137423214
137528228
134740492
136830435
137529345
137039319
137395600
136579214
136649076
137527123
137475949
137175454
137530301
133765410
136455618
136898385
136965337
136261279
137143612
136249229
136813792
136841824
136879580
137022053
136841066
137515952
137276849
137274290
136874239
129908809
135477698
137204303
137201079
136501444
136864901
137073632
137139030
136240890
136987140
137339824
137371806
137384233
137181522
136934872
136890058
134155329
137301403
137495750
137530947
137172241
137211275
136693215
137533610
137210105
135288098
137195865
137093145
135275972
137098667
137312361
137284488
137370081
137510417
136293578
136109483
135500054
136104602
137197751
137215091
137043024
136818884
135896920
136999834
137369460
137535455
136730978
136838009
135891438
136906190
136187807
137295248
137008902
137145420
136942255
136857556
137425696
130995647
137448762
136748332
137437166
137174442
137192197
137059671
137414378
137128761
137527969
135348646
137193509
137122061
137296930
137076039
137334568
136740224
137105510
137199856
136097138
136966358
137238982
132913040
136999094
136143890
136582022
137070644
136944566
135516673
133388200
130247647
137061156
136838884
137500518
134742083
136853871
137294864
131821671
136718321
136819891
136482639
137500127
137177205
137408458
135288634
132396931
137448420
136919166
137428325
136696007
137360006
136668606
137317895
135128136
135023533
137492996
137102610
132282963
135483527
137008831
137341131
137495310
137549559
136828631
137437511
136536339
135150203
137056619
137278058
137394163
137466922
137371790
136326659
137276775
136839261
137356099
137073698
136448350
137321128
137431778
135558722
136649081
135994664
136958561
134428276
136604817
137532706
136385270
137436955
136442753
135623018
137423748
137393556
134809972
137255010
137485687
136908705
137296998
136904828
137199888
137199855
131727991
136466378
135718558
137085686
135275020
137140622
136759099
137297738
130995652
135347292
137532660
137473050
137244512
136770762
137530091
131441564
136876994
135478113
137254275
134230551
136595055
136926638
136417118
137176690
136563620
137008070
136693926
137328331
136257428
136957665
137435521
137486483
137204188
136953072
137276799
132376518
137040910
137136528
137328197
137205641
136123786
131581565
137499736
137372295
136030986
137506115
137134675
137096092
134674373
136442790
137181417
137494602
130566314
134563448
137413709
136136847
136365506
136821433
136995045
136910759
137092594
136257359
136610136
137198221
136157319
137185485
136968214
137199863
133662201
137463376
137135847
137317982
137447055
137075973
135659670
136832222
136998196
137154863
136873897
137258812
136372649
137122455
137431600
136956030
137118790
124852083
136962722
136932740
135984777
137266777
136669955
137165779
137022090
136494341
137527992
137251187
136868594
137136508
136946877
135826918
136416076
136479247
136630992
137439113
137037472
136353936
137325333
137511585
129287140
137098243
137266853
135654230
136892620
137068624
137266768
133791408
136867883
136845429
137064981
132196203
137433839
136087213
136867348
136794972
137312981
136898450
136362778
137329461
137061931
127271037
137192135
137042864
136496675
136816984
136869460
135418184
137432010
137176639
137005199
137245974
128540300
136829059
137249663
136986780
136328868
137452357
137127092
137515802
136895391
134265283
133237136
136550393
136386641
137141408
136371715
137430781
136904806
137071843
136398427
137483807
137471394
137394838
137114942
137523269
133708178
137429762
137367108
137353819
136228362
136705816
137000614
137312644
137534029
136711984
135447318
137298737
136512520
136832402
137421856
136536532
137244386
137101947
137199437
137428926
137524258
136848612
135561592
137210128
137361753
137005597
137307179
136741358
136895625
137132481
137176769
137241094
137523138
137496971
136400907
137016332
129997933
137010901
137170957
137118881
137433402
137147285
134177651
137072472
136911185
137299872
136998008
136791565
136035316
137539094
136375819
134446573
136613342
136550499
136141385
137362593
136635597
136858453
137196871
137380766
136429405
137122186
136833757
137048989
137194099
137252303
135708376
132275084
136724820
137008422
137175096
137040489
137436387
137400546
137108065
137354341
137527097
136818829
137112104
136893731
137466484
137370087
137172001
136178107
136875615
136346216
136907866
136895376
137144662
134885954
137119818
137231388
137158717
135992351
136957163
136990963
135396771
136827947
137160898
137089427
136719187
135749144
136962315
136720918
137468123
136883080
136848780
136841540
137323460
136852309
136075885
137158828
137080107
137092936
136981188
136903161
136072697
136211840
135366056
136560606
136892167
136550487
134248077
137467382
137210425
137242397
137306342
136921229
137488351
136983941
136872472
135589723
136524810
137429960
136873521
136851130
137229181
136993534
137362090
136829885
136981546
136792438
137531758
137496789
137209392
137520949
137436178
137461504
132447289
137411625
136297544
137200656
137534705
136615136
136903793
136892413
137241095
136977810
137377362
137138741
137419973
137297797
137436090
136413155
137340062
136968332
137538855
137302979
136833576
137200786
135794227
135231803
137091027
136988934
137219413
137140495
134000626
137061425
137348984
137127655
137365705
137124679
137255452
137427628
136647401
135887514
137430964
137166598
137227698
137200348
119227637
130995641
136228791
137321287
137226972
137103359
136703580
136409595
136550532
136330968
134292909
131979777
137443685
137212680
137321485
136889457
137489063
137043439
136312171
135380190
134387221
136829952
137314087
137121635
136537995
137205678
136202471
137061237
136926267
137425102
137052054
133367477
136988386
136083714
136967689
132090935
135866115
136852125
136867759
135592387
137037905
135217351
128077653
131257673
136483724
136893895
134503254
136678519
136637892
135652647
137185438
129156320
136890779
137282562
136816552
137380813
137438995
137073177
137244507
137050153
137208408
137156709
137519312
135268441
136102031
137431702
136036676
136932655
136946122
136895898
135426706
137240259
137311947
137031131
137054378
134962722
137516976
137219450
137236534
136568096
137157397
136961489
137095659
136859030
136186270
137391957
136810956
137011242
136537322
136924412
137167319
137214022
137365503
136461287
135202906
136486979
137229320
137025361
137414817
137524973
135949635
137143830
137075913
137521646
137527699
136853207
137496257
136355083
135444055
137524443
136885579
137127595
136639586
136830607
137010121
137163125
135783849
136893500
136878077
137250337
137239453
137195346
137294942
137511538
136193838
137448071
136023063
137530952
137076466
137216199
137022114
137315972
137515354
137362274
137168678
137411538
137241488
136826369
137305807
137046459
137213520
127369453
137293220
137422557
136133152
136639671
136830067
136880863
136325093
137287205
137060338
137313131
137232697
136541320
136769276
136973402
134665906
137031862
135438074
136313578
136162052
135277519
135703251
134017855
136596132
137426439
136892296
137145432
137221233
135220809
136892694
134213917
136947368
137087164
137127614
136818391
137033453
137369945
133460353
137449245
137011643
137068438
134829924
137153078
137530653
137227493
135437776
137154823
137213393
137035640
137003493
137463278
136796200
137476154
136714909
136657377
137525083
136831006
134108646
137161299
137312304
137049494
136964664
137432963
136873145
132330846
137243177
137119936
136905296
137119265
137307606
137258156
137126250
137253331
137154282
136766169
136297803
137097207
136341537
137523926
99160886
137266608
136828969
136901576
132117336
137435560
137518556
137170888
137531790
137295717
132209166
137015657
137065454
137145972
137472350
137107494
136428286
137520930
137438861
137484873
137266895
137211863
137521112
137185272
134559150
136984588
137242233
137494250
137406666
134820079
137449508
136550490
137064571
137380348
136962891
137154932
135180276
137165725
136167318
137096776
137016457
136854468
137058334
122219604
137435060
134181793
137499429
136873138
137293642
137047195
137233480
136967411
137266769
136668623
135266646
134806202
137328427
136900456
137171480
136299699
136499376
137236455
137491425
135523508
137091675
135437325
135724913
137416637
136916492
137432031
137550403
136959140
125501551
136359059
137527384
137219356
137069439
137499742
134859593
136847846
136116077
137361020
137323217
136962824
130995658
136265140
136187173
137453953
137419680
135884983
137100879
137370159
137151149
134962383
137071582
137317927
137547924
137241546
136985394
136327107
137075487
136852183
137163444
137057744
137496975
137388924
137251373
137167491
137127623
136111001
137423692
135801080
136881301
137364710
137399401
136407669
136879907
137358181
137190476
136428354
137253417
137302199
136734934
136808768
137079342
137187348
136840408
127190969
136488840
136916923
137305813
137076538
137122603
136837825
137379393
136775183
136859139
117104666
137122201
134298718
136163684
137311867
137055213
137126696
136028636
136862148
136853436
136604852
137396276
136984491
136400912
136155394
137045720
137194318
137233040
136555508
137498289
136536294
137306680
137512156
137022202
136929558
137016467
137519740
137199891
137454400
134764261
136412446
136946753
137329344
137117752
137294961
132942448
137335542
136999705
136790850
135524450
137105542
135183677
137211374
137062484
137146096
137113631
137358480
137490864
137547943
137215416
136347819
137419692
137283682
136237413
136119111
136178817
137243409
136254326
137533286
135557328
136743603
136439987
137430350
136547447
137307068
137237761
136519490
136445426
137222202
136638573
137005357
137002331
132804365
125687192
137290461
137258095
136373951
135430150
137465916
137438656
136953204
136656588
137502500
137072111
136902664
136103055
137340263
133657982
137221561
135964929
136442714
137430273
137359739
137070434
136774593
136631661
137524803
132856626
137538867
137175533
133712095
137220857
136902214
136135255
137493231
136972672
136864900
137298432
133049725
137055054
137113838
136216922
137424284
134978806
137192395
137421370
135644599
137061568
136350537
137106463
136918238
137326475
137128384
134947494
137518320
137258054
137205724
137037499
137487757
137398045
137043744
135915609
137284559
137364031
137220682
137535746
136504875
136836140
129974651
136124787
136959162
136864244
137251951
137348976
137437628
132595826
137467168
137019201
137497013
135122331
137517998
137429165
135524448
137534453
136930025
137146403
137197395
137302928
137453205
136934289
137139267
136917522
136918767
137311329
136286423
136376285
136807133
129925811
137307680
132186654
136590690
136963794
136945992
136608753
137118660
137367546
136121153
137240405
135379923
136869833
136119306
137429096
137252074
136059128
137169049
133221550
134584370
136456809
137337216
136923936
136886414
137368940
137199881
137373984
137447165
137221572
137192017
136138183
131741882
134983864
137514608
137027905
136913276
137195822
137380963
137031361
137145181
137139518
137067681
137504584
136320625
137498816
137047197
135685766
137198021
136186619
137037677
136722782
137001140
137158628
137315535
136210136
134961251
136106868
137297230
136892466
136075157
137418021
137287941
137357760
137328356
136531743
136007651
137495519
136874639
137121503
137299035
136888154
137499160
134312497
137195733
136905574
134419548
136887449
136918985
137354206
136485154
137209940
136962430
136374396
137470760
136667069
136872225
136883171
135877987
137328871
137066532
137124308
137252506
137199880
136783399
136876027
127419438
136550527
136810935
137516616
136875926
136085244
137023037
136975947
136856023
135513462
136790543
137050326
137333722
136718753
137141504
137384679
137254214
137497639
137416576
137165302
137086972
137118313
136086037
137419047
136143972
137495499
131852071
137446140
136122375
136250478
137477415
137294138
136989358
136882687
136400748
137113478
137109238
137383012
137123856
135096906
133745211
133631081
137500614
137259467
137353189
137188869
136906538
137456530
135849006
137350395
136899537
136389132
136023022
137118259
135992534
137325595
136434212
136944492
136995076
135363001
136291178
136707139
137259732
137438087
134383154
135690389
136901548
135901656
136929679
137259169
137328973
136442122
137518054
137511032
136982638
135020388
135263927
137093176
136992067
137216554
137201140
136811662
137196129
137002185
137291925
136839850
137491753
136231733
137240255
136635754
136254251
135226134
137016428
128054091
136610264
136289295
136953772
137419359
135793094
137068279
135536449
136959779
136462144
137117830
137246210
137063597
137226372
136475190
136527460
137238684
137057248
137531490
137323559
137487453
137095817
137358392
136864240
137159600
134334258
137379418
137286927
136819187
137155511
137077889
137533446
137247768
137057748
136561222
137209491
136372928
137363441
132432758
137366228
137331328
137470676
137538447
137251965
136852993
137070642
137129000
137526053
136550460
137186147
136297629
137538376
137290810
137381773
136868268
137433824
136674024
137329680
137495403
137240930
135269494
136960987
137143684
137394610
137513217
134592093
134887240
137042591
137419588
137106396
137303285
135523594
137547197
135821349
136894870
137003095
137009897
136178866
136831067
137208559
137497663
137181653
137369585
137303828
137182099
134780027
137018894
137517675
137518679
137051416
136573952
137006330
136187280
136359567
136464677
136906571
136639247
136389722
136346054
136854522
136116693
134059985
137155054
137016468
137521671
137476012
136104350
137364344
137449688
137435454
137033057
137289606
135973840
135760093
137248549
137452219
137163905
137435078
137055016
137388797
135258765
131104041
137180397
136920455
135779065
136981845
137234444
136950586
137158737
137254189
135603933
136686644
137089468
137255311
136993390
137449497
137528654
137497195
137170827
136070899
137453406
137249109
137304039
137256086
136890671
137480340
137276782
136094312
136546102
134970842
134979172
136899222
137453012
136652464
136902564
136321502
136819667
137227583
137335541
137481226
136418134
136860966
130312841
134365065
136596175
137139350
136674194
137413268
137167482
137383833
136409391
136963712
136977726
137317248
137519361
130396924
136421228
136896138
136910187
137206505
136810969
136790952
136922712
136967007
136931276
136331965
137209478
136893906
137142303
137485520
137329007
137432714
136855689
137115867
136734544
137409811
136005918
137308214
137421621
137495670
136929192
136994241
136816126
136778474
136151224
136975526
130698457
137154172
136173604
137431982
136810943
137074237
137430486
136482277
135842355
100362023
136962289
137096469
136919956
137170049
136954180
137208522
137364438
134042284
136375662
137514167
135421914
134877786
137075910
136567863
137116597
135311490
136746365
137216157
137069632
137166088
137276061
130453388
137297168
137051930
137444613
136135011
136261662
133326708
137549545
136874427
137517454
137441295
137330864
136066034
136405838
137071350
136087631
134704702
136458177
137320392
137519439
137199411
137210531
137124247
137394253
137343839
136823370
136414513
136987147
137105047
137302168
136955229
137208042
137244206
136773137
136955900
137065764
136901131
137005630
136991782
137060729
131306403
137470961
137478022
136498796
137517387
137352277
137258391
136361634
135557339
136994390
137103621
137435059
137209006
136811358
135935302
137260753
137317824
137250897
136683252
136386994
137023064
136893430
136963931
137496081
137032682
137406664
137127690
137380790
137515787
135269055
137349346
136932700
137368499
137048069
135543748
137289418
137151917
136986742
136838873
136994243
137549564
136967145
136893739
137210129
136962720
137038254
136902853
137391610
137283057
137234291
137059880
132295887
137422244
137189364
137126657
136005635
136310636
137448215
137494216
136434473
130203329
137038211
137156095
134147501
135721405
137088619
137315852
136858670
137152569
137050230
136869044
136967673
137159493
137478102
137119705
137082758
137534490
137457010
136711613
136962528
137499494
137538459
137532490
134717166
136777411
137349123
137072630
137247093
137341402
135856937
135614438
137051273
137043301
137411237
137299339
136907464
136818632
136901429
136906121
136968918
137406673
137094014
137483067
137176847
108648632
130453460
137066575
137276789
137309516
137357266
135958469
137318344
137297173
136163629
137509163
137447056
136229040
136920513
137419287
135693407
136083556
137366834
136789195
137139476
135826541
136479258
137030039
137518758
136370133
137350487
137527901
136988994
137188071
137509546
137046304
134971776
137523928
137519682
135191081
137143386
137312898
137237503
136908201
137080108
134896469
136382580
136997367
134901345
136538462
136815838
136468797
136830570
137317039
137053282
136240023
136688005
136783925
137224125
132751150
137195478
137088537
137307944
136736236
137372561
135879746
137027768
137298486
136964363
136967636
137155358
136874839
135218676
136279735
137509991
137150033
137021931
135922363
136834100
137248942
137519540
125502122
136994248
137356083
136952329
137076043
136825518
137056374
137275158
137293840
136677171
133022298
137067556
135984268
136960082
136450709
132622366
137067985
137054905
135846903
137189806
136249637
137071313
137382222
136989310
136813516
135245776
137299262
137452784
137080716
135545261
136999139
131729623
137008458
136457404
137101682
137075472
136297817
137240655
137136757
135602805
137234902
137357699
135689975
137316663
135992480
137383357
136883174
137415566
136963652
137128108
137406662
136174271
137173248
137293502
137508187
136120451
137367260
137106320
137388533
136889138
137156741
135611028
132767729
134337361
135848626
137332989
136969333
137364094
137353099
131853098
137311215
133250550
136373236
137420409
136864248
137481134
137422741
137517908
137250271
136861488
134074037
137315355
137189672
137083228
136575551
136743007
136691383
137252334
137518993
137291485
136285168
137035199
137209511
136482679
137414470
136847893
137104843
136493799
135972464
137089878
136536966
136476301
119950864
137276741
137221575
137216089
137146512
135348327
134299651
137418421
136857729
137000585
136132539
137050755
137512517
137347618
136256451
137256076
137372257
136836154
137256273
135480275
137330899
137327287
137384943
137318632
136161415
137247685
133980020
137283053
137145646
136053656
136596765
135900747
137112368
137544870
136657185
137411095
136398961
137401492
137063337
137156688
137267108
137380276
137393610
136839014
137415136
137157184
136073102
135389283
137112663
135831075
137483441
137488865
137449529
132855013
136248151
136259974
136500969
137124277
137319264
136364759
136866648
137115772
137298440
136951430
136946852
136593386
137357312
136480671
137190567
135445880
137005671
136638058
135347679
136841388
137000187
135651580
136917189
137215780
137518646
136354597
137525288
137281214
137076549
137337472
135175023
137515267
137111461
137532688
137492994
137105443
137296260
137401242
137518668
136739718
137427852
136286517
136304552
137510766
135544809
136878705
137315378
136035121
137297151
137345665
137303371
137033077
135919399
136022030
136900509
137452127
136565644
136967060
133712103
137218928
137433088
136442701
136870294
136507303
135016296
137056764
136906669
134890465
137064805
137323178
137252316
137248438
137528715
136130500
137006105
137184175
137395500
133945451
134904133
136442756
137419585
136974814
137220113
137073052
137147284
137441627
136122532
136218415
137172333
136339420
136535080
134061410
137375861
136925146
136851834
137060068
134966192
129264212
137044794
134646858
136533503
136859504
137531664
135295099
136468409
137066526
137445401
137059771
137035298
137019433
137203708
137130367
137323758
137507642
137254879
137343371
136860911
137372849
137371348
137203507
137089785
136394698
137006539
136405712
135221422
137086041
135901820
136907270
136553173
136502817
137047131
128072467
136907086
136854836
137116091
136450047
137492773
136956306
135389286
136977121
136322830
137300809
137415932
137102222
137460996
136224242
136777214
137214896
137507656
136313391
137056877
136863596
137096407
137525018
136971901
136859502
137333107
136933564
136934774
137040957
137521750
137243523
137369080
137098048
137227780
136856355
137313499
137194695
137160952
136228442
137180362
133777333
137154040
131099437
135917824
137254222
137428711
136860823
136721525
136355001
137092520
137511966
137251198
137079465
137481517
137367775
137213905
137221798
137486149
136539295
134896179
136867846
136701182
137228253
137186885
137358146
137181798
136981799
136974806
137394759
137290405
137099072
137355218
137064284
137363999
137431426
134941723
137188842
137271602
136159339
134147454
137339531
137251923
136482572
137083163
137119173
137091623
137143045
134984793
137266603
137314989
137341113
136552797
136834608
135921411
137093760
136810978
137107119
135697814
137531419
136841589
137039366
136437160
136979014
127983803
136894154
132422603
134489433
137394369
134055493
136335111
135824615
137515564
137001492
137248979
137333025
136906088
135244435
135491720
137294506
134044787
137024477
137491473
137297730
137365708
137437039
136962029
136880861
137466714
137533192
136965025
137189481
135664142
136816351
137292218
137186202
136550467
137121018
137220341
136824233
134745332
137246933
135187573
137259260
137453784
137085026
136951211
136154277
137360282
136853022
136946774
137430596
130407919
137234002
132879098
136989046
136883117
136939770
136528720
136858171
136832635
136224718
131452579
137312865
137181921
137295281
137519040
136924270
137420710
136305493
137414312
132211306
136126744
137229216
137279724
137200946
137043916
134063394
137186139
135849212
137123029
137306109
137159416
137480133
137487990
137485696
135422254
136959471
137159957
137431704
137302124
137447980
136950767
136493939
137476916
137124282
137512706
137199418
136833777
137495591
137195275
135503456
137292835
136910115
137408952
137529552
137372210
137244784
137372757
137511725
136536169
137238784
137443135
137466012
136716356
137520710
137069759
136560559
131979683
134300063
137167048
137193871
136421771
136924227
127868561
136261853
137242287
136552556
136111584
136891700
137163764
135969010
137243172
137206183
136105432
137191756
137342678
137086785
137540375
134966592
134416709
137276766
136127159
137493805
133513789
136727482
136550474
134346433
137337883
137119847
136705644
136935946
137335674
136886599
136963306
136289725
137035733
137383518
137266856
136856771
135195640
136898540
137453366
136597901
136801908
137050364
136351797
136256703
136667859
136897149
135854291
136144057
135921294
137302867
137248797
137412951
137469963
136968336
137065645
136893863
136195379
137481249
137215378
137103948
137302889
137196224
137042077
136667862
137493057
135888173
137029973
137452575
134748294
136824479
137259517
137022536
137176615
136442798
136907996
136374899
135225889
137129039
131819425
136509571
137332265
136181454
137061746
137254399
137087964
136824245
136433880
137241038
126124879
136574721
137481946
136955867
136292276
137310282
137089906
137320630
136841799
137266849
135120517
136511496
136820118
137294508
137343275
137366280
137292987
137055796
137216545
137302913
137151190
135367807
137527751
135936942
137352986
137415912
132220936
128235730
136985713
133908581
136895161
136065698
137550201
136886061
137545741
137060496
137293722
137266794
137198508
136917712
137482548
133181091
137047776
137329193
137040935
137188549
136862848
137035900
136830655
137364079
130555276
136448932
135613902
137095741
137328961
137232047
137022064
137522174
135041010
132917536
137517508
134948947
137303024
137357478
137105137
137139458
133665139
137469964
137079722
136901212
136997918
137308810
137142870
137033313
137104613
137428672
137495597
136643774
136988050
137169821
136355077
137460682
137061244
137509199
137201331
137167026
137207828
137016453
137022087
137492681
135855493
137154380
137466637
137195143
137354142
137406272
136967529
137098299
137004284
136905117
137101906
137380298
137427251
137208349
137211998
136943113
137517337
137099484
136565250
137094206
136145832
137050968
137129970
136488591
135910485
136472613
137166733
137002533
137082865
137036603
134012898
137113039
136986403
136955947
137250739
137209954
137005778
137369868
136450188
136906361
137492934
137073344
136703402
136398979
137496969
137481176
136868011
137075944
136908236
136414833
135039168
137079454
136946799
136927922
135911661
137524969
137448428
136885455
134453968
136928645
136598010
134802214
137434369
136636249
134233323
137377504
137033123
134521596
137457730
136545835
137504824
137040249
136354739
137463896
137295103
137192596
137266786
136544829
137112810
135795980
136452262
137064265
136876778
137520790
137407987
137296261
135236074
135831619
137028497
136850035
137102493
137061737
136285344
136993843
137190387
137305211
137414276
136867609
132777036
135237097
137303130
136125218
136645462
137521263
135996354
135791119
136563793
136867234
132026923
136921870
137168455
136975754
136840275
137546897
137266858
136647546
137108157
137311158
137342210
137455973
133462993
137097021
137518049
137192347
136906721
105951137
136952130
132856310
137206274
137529643
137434855
137031778
137341855
137361102
137237898
137136479
137165435
137269524
136904733
137434740
136869208
137149821
137442724
136910247
136565543
136967004
134777737
132541403
137003306
137475152
137304172
137064419
137527171
136168318
136815163
137067839
137114099
137519225
136405493
137292393
136968917
136836220
136825444
137233459
137510124
137472518
136984424
137466270
137269627
137210570
136556905
136816108
136264583
137216223
134229266
136407463
135050033
137055261
136998898
137280771
137205894
137184567
137313654
137369699
132830959
136676889
137311639
136428844
136392301
137517020
136971364
137171430
137343020
136254695
136602250
134445418
136810941
136864591
136734939
137049737
136511475
136485109
137330238
136884653
137299854
136706920
133732875
137088716
137120963
137494014
137041854
137506800
137266823
131693722
137127212
137486838
137033901
136987145
137472503
136876697
136501524
135500651
137368990
134292954
137147196
136833289
136984368
136475229
136340784
136723526
137239720
136862875
135542086
135914157
137221657
137066860
137395511
136852601
134981539
137077803
137015770
137023025
137266841
136452861
137266840
137234049
137419948
136744892
137379127
137087251
137140890
135503457
136895469
137467051
137037342
137239271
136364550
137393497
137126352
137436157
137167212
137120323
136886660
137235619
137040200
137151393
137524158
136994834
136832189
137372097
137289273
137457081
137453913
137064105
136822224
137391280
136032073
137021577
136699201
137472489
137197770
137036397
136992907
137312747
137099756
136083854
137372651
135359356
137105758
136580614
136887348
137430734
135948191
132077979
136884517
135507267
137444189
130767616
137227036
136090684
136765324
137382512
136469472
137134408
137107431
137150343
137293875
137162273
137425818
137011227
136702878
137004299
126635810
136602650
137260699
137341574
135864422
137002915
137464437
137100724
137294995
136705225
136874497
137398281
136716156
132157189
135133004
137367984
137218598
137303180
136652663
137350963
136920211
135299826
137160993
136201630
136890927
137128063
137146808
136927144
137294413
136968920
137240546
136897719
137219072
137527807
136413404
136505068
137285917
136987398
137182041
137304721
137459270
136494152
136344665
135521342
137445834
136742220
135477125
137381469
134528709
136849845
137270118
137103259
136343905
135936183
137463517
137266475
137316489
135136777
137393936
137123709
137240822
136235362
136667632
137432175
137239254
137496193
137316384
137095356
134002362
137549556
136139881
137484927
135206610
137467078
137235708
137482861
134916842
137281930
137034415
136914864
136930478
134536885
136987105
134536883
137044973
136793518
136158433
136810973
136416207
136220515
136592134
137441415
137172114
137060743
135031858
137171195
137329681
136159330
134231645
137258537
135772495
136065849
137001058
136482673
137022042
137424416
131976736
137163517
131037992
137364351
137033650
137049582
137544511
136714074
137395359
137276755
137522233
137518292
137179370
137194794
137245152
137057080
136853631
136211501
136997164
136621311
136262388
136970366
137507486
134914522
136112523
136821670
136877166
136598851
137530201
137024527
137455820
136981879
137538600
135623312
136182039
137401276
137444818
137449206
136319118
137157724
136929432
136927770
136921424
137162405
137395636
137301740
137449786
136901544
136830237
136866814
137066809
135223087
136227762
137494595
137541608
137530323
137381587
136423371
137453777
136705133
137424429
137148351
135203282
135528039
136640934
131301285
137520187
134750948
137082347
137326153
136738885
137215816
136547227
137440177
137362382
136008721
137429610
137448121
137463195
136074893
137517152
137104486
137371325
135964815
136828485
137165886
137443398
136929809
137153767
136150061
137237197
136766128
137147114
135995707
136862018
136990093
137390872
137023043
136335940
136327627
136735919
137192444
137394278
137300738
137009796
137478871
136402415
136981172
135928450
137116640
136987153
137472734
137288111
137198767
137306575
136185479
136910644
137136722
135167087
137516876
135912410
136995444
136758161
136849188
137366918
137093345
137467284
137366148
136841965
136992974
136476883
131137654
137199443
137266894
136414225
137189852
136363375
135033143
137211851
136918907
137168683
137281447
137359880
91292232
135988811
137266886
137050419
137477930
136843931
136630007
136592135
136919850
137068709
137384389
137129718
137103947
132281675
136862579
137266628
137437721
137480814
137072309
136654795
137166979
136964963
137139734
137539276
136986402
137456750
137215603
135475434
130453410
137481950
136902445
136143289
134956838
136144329
137151919
137002493
137538315
137301261
136867255
137045745
137258609
137128492
137453631
137096542
136586714
137193377
137308301
137444485
137499738
136131289
136906963
137254019
131236428
137472481
137076134
136423025
136476812
135692582
137230192
137228049
137187736
132076403
137199381
136480063
137379598
137484307
137465827
137247673
136297742
137475310
137356154
137042718
136911184
137487460
136622724
137241049
137484919
136828965
136184354
132867094
137369904
137210002
137483745
137443839
137476703
137062800
135444211
130328767
137299299
137523048
136835634
137453697
136889654
136558512
137163298
134952158
137357678
136787002
137463900
137248128
136947560
136140690
137528324
137037947
136008670
136184624
137486656
137114042
137365160
137097596
135229452
137131950
137186337
135263928
136729090
137279100
136882874
137216519
137335133
136485701
136184553
137363349
137146162
132870817
135649708
136013881
137329498
136170111
137299364
136323448
137415949
137067533
137266762
136497606
137210698
137480282
137123703
137361744
133338559
137456523
136536102
136856025
136963401
137242331
137198199
137254911
136914452
137534119
137171816
132685799
137295458
131000938
131450315
136433935
137297760
137238295
131318315
137369401
137534416
137085027
136895736
136087383
137153657
137151392
137439226
137519788
136750385
137446115
136214013
137324895
137466787
137508711
136906119
137499567
135644898
137155522
137162922
136882565
137089201
137408367
137314286
137395327
137426387
137493000
136807429
136903239
137296410
135225623
135302459
137102419
137392004
137313330
133642963
137266835
136807115
120442881
136712335
135489969
137446738
136999186
137449247
137077023
137096797
137520280
136775362
136490609
135863485
137093990
137293538
136619449
137514496
136892861
137237823
137318876
136908225
137110972
136590213
136312073
137156630
131450313
137535513
136816188
136840622
135716564
136584707
137311770
136095000
135739512
137412812
137383328
136465939
133194809
137245472
137063184
136991735
137342356
136964322
137049036
134881112
136703748
137091337
135198019
136791373
137011228
137050242
137504852
137289442
136180537
136674891
137149750
137266606
137240086
137095765
136185022
136876777
137435236
137244038
136832945
134975751
137453525
137517432
136741896
137172524
137541774
136114353
137246268
137050241
137140543
136064425
136306982
137362262
136976323
137122457
136212161
137472201
135825126
135827231
137159399
137205215
133805162
137221970
137089438
134682634
132631059
136390869
137151611
136958731
137127200
131355234
137114660
137146557
136906933
130878154
137471264
137137101
137312704
137093202
137431788
135830058
137145866
136361373
135034285
136863657
136874185
137267399
137523933
137271154
137098181
137471058
133859058
137050335
137254221
137231249
136382632
137531436
137030399
137521594
136989843
137354254
137341541
136135669
136214052
136545726
137516232
136841903
136898671
137266623
137493822
137096381
134432108
136908265
137118880
137041528
137047044
135664143
136740281
136226386
136980004
136831523
137060004
137207320
136501310
137290904
137226464
136933531
137188559
137537885
137359954
137524777
137117013
137161494
137260593
137419865
136855349
136897640
137043420
137486905
136027454
133579676
132327654
136908247
137528485
135893935
136917481
134989641
136739902
135670466
137095761
137338512
137044534
137383993
136411256
136888850
137032312
137500649
136904477
137161763
137063021
133950281
136363037
137117981
137266860
135377424
137356825
136991010
130582276
137170970
136495688
136374290
137076892
137515516
136864355
137026633
137155923
128906350
137517471
136957432
137103631
136831675
136760910
136930327
137037397
136942663
137348805
131752756
136898723
136913697
137041857
137006788
131892103
137172113
137005398
137375207
137276776
137541547
137428611
137537346
137232196
136873167
137443581
137434883
137042238
136389064
136824940
136321058
137088428
134487073
137152944
137441207
137354077
136821559
137522695
136479190
137341129
136990220
137526488
137047746
136889479
136550497
137155310
136892666
137362867
136554402
137011236
136341489
136831966
137062021
134563419
136957291
136783326
137076628
137436271
136484987
137344554
137368351
137292891
136833596
137247408
131081937
136993639
137295795
137519308
135675165
137187269
136845001
137060354
137364367
137122515
137126953
137475538
137266893
136889411
136994813
137218915
137339589
137056361
137474129
137409809
135760639
130452669
136405427
135890285
137444162
136993369
137475958
137539194
134143906
136586943
137309652
136895038
137177531
137206127
137497911
137361124
137257416
137429811
136841680
137382890
137452161
136961613
136482815
137412283
137391835
137035421
137425744
136256287
137069139
137440890
133987272
132078147
137311827
137495638
137169769
137116691
137449315
136964966
137101493
137196119
134758066
136988582
137484675
132066978
136994259
137190702
137136944
137095138
137203802
137236947
137254232
137298423
137147311
136036508
137209929
137295755
137452063
137197615
136836139
137200200
136819959
135895092
137328307
137541453
137457729
132116734
137472483
137409527
136838728
137124011
137216173
137300981
137127198
136935902
136285186
131793092
137247282
137533434
137445542
137250129
136898578
137476167
137103436
132964181
137425587
135036303
137549555
137179770
136346213
137483540
137215558
136839653
136987196
137379132
136961784
125687193
137117820
136878249
135020537
137527307
136696240
137346771
136977268
136930284
137343242
137378325
136958240
137155286
137164661
137549573
136502952
137094116
137188310
137258283
136581707
137056481
137472472
134363213
137108416
137048754
137530598
137319254
136899210
136682832
135509928
137528804
135660933
137499444
137299266
137366197
137525156
137447518
131011749
137124483
134310138
137015411
137134068
137037538
137442159
136983332
137160769
137203048
137089056
137408496
137051658
137445650
136873239
137159139
137057964
137300857
135013413
132373463
137132226
136913195
137429732
134084632
136442804
137219960
136511484
137070632
136723663
137082355
137191669
135419238
137409647
137520209
137206068
135396053
137321174
136880546
137342424
135590540
137319204
137363328
137353197
136465101
136689953
137080130
132875273
137301258
136886261
137002747
136358907
136749940
137180516
137132498
136917463
137076700
137519531
137492170
136886826
137541943
136823962
137087534
137435507
131063820
136818092
136955584
137382689
133140921
137251971
137494306
137266854
137444293
137250660
136988941
137266770
137431830
137191565
134514926
136351415
137295141
137355983
137120447
137534239
137111012
137290431
133192222
135987817
137256347
136974621
137122030
137245182
135436490
135683993
137511604
127320756
137260721
137066919
136613361
136093946
137355505
137528365
136364461
137455736
137153701
137303927
137531358
137524431
136984185
136888198
131959285
137515508
136854995
136966500
136942212
137047297
136882266
137497411
137037988
137442626
137043664
136859308
136928886
137485130
136959259
137461633
136092395
136546933
137387153
136839691
136887722
137344900
137049341
136938535
137423208
134377242
136446162
137341724
136815029
137290817
136211656
137532839
136601828
136928348
130196524
137507852
133553517
133405064
134074925
136972681
137276735
136962149
136830636
136537590
136325379
137217511
135443604
136220394
137255227
137220647
136076292
134882229
137293884
137494486
136478769
137197907
137485695
136891639
137479291
135488895
137324370
137539274
137088846
137282437
137537299
135900849
136996786
137103835
137454298
137318223
137076241
136960433
135635011
120442005
136636357
137485190
136735168
137073518
137045685
136290380
137472525
137484653
136879339
130327328
137334896
137429187
137421396
137002670
136798991
137361409
137509740
136930178
136313152
137486048
137534781
137212438
136496443
136567151
130452908
137006478
136559937
137244453
137437717
137495282
137319302
137127619
136827458
137266625
136982858
137151185
136977390
136886816
136718678
136028119
136117982
137127779
137250300
136077246
136930202
137127206
136500757
136903837
135353953
137516620
134902451
137429768
136885329
137035811
133342727
137474438
137005978
137155235
136893009
137159096
134965707
136663586
135913966
137157071
137275310
134984698
136861784
137050391
134806955
137192667
136931879
137313431
137157603
136397945
137371317
137525102
135437939
137537708
136863775
137352842
136849875
137391771
137234172
136849884
136090581
137069617
134635509
135992601
137286241
137293005
137539219
136898960
131858467
136854131
137058633
137206774
137436212
137441700
136673796
136810968
136930960
136927567
137430422
136465000
136730307
136976085
136448850
123362799
134754718
137209002
137438850
136224218
137112594
136838032
137297870
137540901
136882622
137403846
136548394
136901244
131282761
137268802
137364203
137472434
136954170
136975438
137368548
136423458
136898252
137167769
134905569
137336466
137472727
136923052
136917374
137535858
136443053
135441730
137311944
137212127
134722290
137163124
135902273
129712409
135201913
136855549
137443740
137445498
137503686
137391789
137456316
136587218
137430954
137201843
133820827
135464478
136554256
136919133
137496957
136777175
137393103
135313221
134928812
137160996
137362607
136980025
137037573
137220328
137466207
132659509
137423138
135942285
137238040
137530290
137245689
137206470
137447838
137083286
137041958
137206529
136563754
136821241
129286684
137126676
137479248
137434374
137000877
137196731
136956785
137293206
136949579
137441443
137384707
137522686
136589031
136810922
134305894
137195978
137067021
136177129
137154267
136070165
136889785
137503237
137436625
137190208
137232582
136343098
137224627
136534520
135508253
136883173
137121649
135182070
136931180
136354562
136361369
137127197
136559482
133292999
133831139
126418009
137073668
136483167
137103029
137529147
135600638
137546618
137075918
136856113
137260566
135461888
136499630
137181197
137128920
136775427
137102257
137368908
130612320
134590224
137095682
136995072
137002142
136550644
137472766
134896140
137395177
137529343
137259019
136891704
137504660
137455871
135439734
136992584
133360874
133076621
137270211
137266627
136976114
137313592
128921806
137414681
131846130
137072800
135774586
137094455
136989110
137513770
137549577
136825074
137313642
136391256
137294740
137466463
137236380
137173153
136923085
136918247
136214014
137429438
137329777
136966637
137371132
136550505
137523990
134515852
136652347
136838385
137369595
134346957
137142537
137259268
133383744
137438604
136822642
136977751
137005192
137187577
136246221
137138517
136561740
137115743
135967198
137486508
136556541
135631075
137185129
137391464
137436162
134075493
137537955
137236403
136600538
137023060
137046634
134953574
137514334
136890519
136591544
136157294
137447528
136289723
136903933
137127452
137299744
136885511
135909575
137472726
137151051
137533440
137524287
137461598
136863632
137047808
136416928
137146972
137423761
137214010
137197459
135296481
137443874
136343865
137524896
137036346
137238204
137111518
137500088
137212871
136928478
137490474
137229796
137526007
137320125
137346640
137313548
137040031
135482934
137494092
133356402
137305022
136822497
134967054
137437170
137542441
137266873
134371795
137465467
135890146
136961865
137192982
137326472
137057821
137098878
137524652
135226243
137211791
136867773
137490541
137348030
137085677
137254519
133390070
136898122
137300949
125501952
137537605
136731871
136981175
136995377
137124480
137218919
137240868
137009964
137069378
137290619
135217473
136154602
137418417
137044601
137141514
135560547
137052235
134050772
136300070
137213845
136118335
137302608
136899206
136562553
130349514
137186015
137434558
136919058
137017080
137274252
137170600
137224959
137252389
137072291
135901638
137152018
133308879
137481213
137528788
135925753
137195734
137481956
137492473
137446099
136485512
136611994
137046754
137033351
137470718
137112848
137443724
137376996
137521051
136874548
137023044
137238259
136254492
136847275
137022109
137280628
136330943
137293118
137174632
136263370
131038707
135652836
137472068
136594960
136937498
137324033
137382678
134894655
136918284
136375427
136643806
137435453
137350787
136916970
137492503
137277031
137354932
136675514
137395480
137057013
137312686
136897427
136810964
137129413
137201184
136113928
136408914
137069326
137047102
137073206
137350257
137426450
136956971
137126805
136521762
137343142
136964983
120854537
137031886
136947744
137153287
137296262
135459807
137486754
137435225
137120585
135879957
133863135
136483311
137317396
137186148
133866105
137060888
137358955
137103921
137315623
137257725
137037481
137043850
137041283
137483371
136974801
137504616
136827455
134427669
136825709
137062441
137299334
137461113
137051594
136858772
136851108
136250806
137287210
137517071
127419887
137266141
137531351
134611791
137411608
137510600
137064471
136892601
137356356
135535451
136218447
137308062
133942754
137498226
136978067
136989420
136080855
137142386
137059549
136298614
135923965
135647017
137009893
131397240
134920948
136926167
133965163
135274141
135990590
136704015
134870194
136238371
137010423
136905069
137110059
137139473
137495267
137411254
137468954
135691472
136639304
136961423
137258190
136834870
137318802
137064013
137056473
136962598
137165001
137220512
136509935
137135966
136256592
137184598
137466523
137419544
137301756
136014254
137507634
136740017
137352987
136882598
137418402
136445669
136898333
137156735
131795185
136894007
137434064
134760348
136852426
136957537
136780201
137175544
136877913
135901772
137132622
136639887
137258404
137266781
137166427
135108167
133822301
137453107
137032566
137136984
133397896
137416354
136285503
137165524
136997186
137546640
137050018
137459615
137215184
137520196
136979606
136983950
137519223
136443498
137160255
137494836
136864249
136851670
137305612
137318540
137278465
137188492
136941626
128061603
137368555
136801763
137099122
137391680
137348370
135093897
137394254
137364363
134990146
136578350
135307680
136402302
137302304
135649189
137527385
136877415
137253293
136237518
131407932
137191843
137355991
137395465
137532502
137128688
136835998
136903540
133810052
135997157
136851118
136031662
130452907
137246501
136076170
137013925
137499822
137046355
137506311
137313434
136958531
137475930
136792129
137462945
136994257
137364045
137213070
133547905
136125910
137199883
137075904
136319604
137298230
134907975
137343708
134822616
135596632
132016051
136500703
137346377
137208922
137153804
136988340
135043081
137371245
133955346
137311686
132293864
137375530
135633893
137363296
137153962
137473140
134275191
134603841
136908655
136864088
137104276
136651679
134606767
137199741
137295126
136954705
136382030
137099697
136916747
137250341
137331091
136442720
135927844
136629943
136969303
136917347
137197852
136889883
137207495
136903466
136991286
137276778
137165344
137540001
137530287
137046689
137481617
136771739
136189497
137005549
137010198
137090839
134165710
137416219
136939429
137149568
135772268
134768125
136156153
135485774
137472521
137307943
129810732
135480214
137452229
136131702
130968183
137406944
136298024
121664263
132461053
137149366
137006848
136414759
133896924
137164917
136361819
137474504
135788960
137495117
136325374
137483327
137527365
136993879
137443256
137046881
136502916
137266593
136769524
136074901
137300984
136988526
137392371
137491716
135903636
136910315
137317286
137204683
136810930
136694162
137379910
134160545
117391993
137449338
137079466
137090862
132484074
136236170
135903645
136116421
133099495
137519684
137444877
137272043
137460057
135644323
136861277
137344609
136793584
137196852
136981025
136806776
137162437
137237822
137390415
137001727
137150400
137100912
136739866
135777795
137164898
134174546
132146567
137534972
137453836
136941309
136892459
134308581
137368706
137461965
137075927
137075906
136639233
137390881
134804281
136479014
136558193
137446092
136818830
131975560
137124620
137257944
137466836
137010367
137049004
137284749
137051731
136525853
136681410
136574449
136903138
137000457
133767488
135902709
137110968
136849585
136901693
135686025
136846726
136974698
137459573
135022692
137136587
136330421
137163232
136885279
129371261
137305511
137059991
135621751
137355662
137331147
137254905
136948412
136886788
137123535
137316833
137123629
136248954
136550525
136990029
136888846
137266837
136967414
136433265
137221748
137255442
136768122
137448033
136394217
137003665
137429008
134984363
137369053
137080127
137155244
136776225
137003404
136178124
137352674
135607808
136956504
137089636
136927195
136207017
137377927
137476547
137003833
136117447
137496965
134077387
137219388
136926924
137548308
137051947
137039013
137207668
137083533
134099755
136892495
136934861
135908773
137202426
137283298
136257253
136600241
135757767
135325272
137266904
137150078
133458348
136562018
136818963
137367969
136257964
136897956
137353225
137294145
137247174
137366741
137007643
136957251
136082211
137340089
136076711
137246079
137038228
133310607
137490467
136200031
136884673
135231649
136872294
136081837
136166809
136869747
136810979
137172175
134878627
137459861
137527404
137176454
137401169
136917693
137214911
136980008
136922213
133215976
136881012
136732444
133712100
136904351
137219277
137074101
136770573
136264797
137090255
136112486
136826802
137022065
137044829
137167199
137103627
137413530
136895011
136920562
137436954
137430241
137388128
137472219
135847598
137524761
136845595
136736530
137084588
135852735
123130866
136839408
136992944
133064209
137525315
137339746
136851561
137244144
136889121
137420869
136952821
121567516
132527180
137298907
127658667
137289598
137214162
137105905
136922807
136081566
135360662
136569147
137491733
137266624
129528749
137137758
137330242
137248040
136993109
133312287
131566435
137025884
137147442
137319685
136898751
137190025
137196256
136187180
135308205
137429460
137210918
137545057
137290406
137478403
137549575
137090940
137141663
137132760
137330122
137512756
137360158
133185459
137276794
136901966
135901513
136896507
137413553
136664852
136742601
136094958
137485742
137163019
136396106
137340768
137005229
131327482
137084032
137509723
136620665
137059953
136869859
137515399
137327228
136879416
136805242
137419637
137383262
136994927
137252951
137201695
137239776
137302610
129725452
136426191
136995458
137073979
136927655
137101744
136966486
136874106
136103046
135470165
136863469
137037119
136635393
137458702
136976870
137254213
137449391
136810687
135558007
131179234
137491977
137525650
137387158
137489181
132667881
136787852
137003111
135247261
135662902
133248174
136546297
135826860
137300968
136857564
136900961
137465427
137538699
137354135
137292297
136629578
136828511
137244278
137011231
137176664
137141006
136213021
137301828
137335673
137376613
137302223
137367086
136898796
137303561
136982400
137483881
137071453
137242148
136848488
136951433
135051083
136649956
137202330
137538958
136959234
133650196
136032228
137139168
137498547
136855345
135205358
137198061
136894581
136186486
136809270
136981390
137362836
131891812
137441886
137127208
137518053
136841005
128070594
136177142
137442652
135130001
137300824
136975259
136557623
136655090
136701139
137518524
131453325
136882686
136977148
137013506
137004920
136309439
136704424
136298517
136060852
136916555
136487255
134817492
137304604
137500051
137474495
136939612
136961759
134520461
136884469
136885629
137416808
137147429
136991248
137020117
135177616
137160455
136536953
136980609
136988485
136904273
136502917
137109269
137258825
137537898
136765181
137394311
137494937
133602342
136093530
137369557
136925668
137517566
135981575
137370037
137388806
137066424
136967562
135889207
137348133
136996447
131384889
137427358
132342008
136586274
136840123
136769347
135662880
137045576
134961618
136884834
137366525
137447461
137466726
137047119
136900445
136917541
137266594
137161395
135324536
137075951
137150471
137167390
137236640
137346770
136907267
136876278
135348229
137016111
137472490
137306576
137485692
137146589
137485120
137540422
136827457
137341895
137155210
136768035
137144851
137321309
137163803
137266612
136966399
137435426
136929193
137440725
130427501
137120199
137343096
136450067
137171233
137257324
135465709
137341132
137105767
137529672
135922508
135786429
137481962
137102837
137150379
133661368
135501990
136457670
136975369
137158185
136971559
137098114
136919656
136895753
136774126
136897362
137510566
135642941
137125390
137533933
137383154
137047565
136986125
134877354
135133958
137104268
137022081
137398438
136682595
123497610
137393231
137194878
137011238
136955929
136667861
137264148
124768153
137022071
135023811
137002512
137024191
135081340
135918010
137541588
135550487
131098207
137070272
136800063
137077074
132342311
137434770
136950873
137372485
136995627
137266820
136903229
137237474
136321171
137145460
135323881
132531986
137484178
136852899
137065472
137026845
136497286
136921437
137128254
136898800
136067553
137266761
136363391
136878812
136902741
137328240
135936315
136784170
137362665
136963377
137238575
137007982
137063436
134309935
137138056
135892107
137215917
134846872
137482936
137259611
136770076
137431491
137472500
136188974
134920903
136890331
137295591
137144597
137531349
136223526
136963544
134145530
136917663
137072475
136355318
136816629
136464612
137114647
137303166
136637559
137022588
137433033
134930369
135232429
137534943
137257239
131453294
137194378
137111330
137038733
136985135
137474304
137231250
136991149
137343049
132164614
137095764
137513793
137355562
137102262
135942389
136520610
136180813
136467991
136887935
136849505
137082453
137445276
136959238
137472487
133403895
137384863
137441869
137534256
137237810
136951399
137355953
137428710
133288877
136875520
136918785
126798134
137364019
137509319
135887426
136856317
137375501
137258877
137424035
137199439
137321753
137027884
136558779
137196255
137049239
136934757
137338176
137507763
137296825
137142116
137086976
137446938
137371323
137162134
131940832
137531884
137376723
137082954
136818103
135893179
137265983
137295412
135389285
133596516
137418918
137426302
136456723
137068700
137371326
137079657
137137089
137099023
137481945
136989930
136866390
136956596
137305688
136860344
136569228
136737077
137341371
137146076
137414212
137066469
137239597
136559568
136549161
137311520
132855785
137277287
137463476
136118078
136922917
137473692
137266766
137216650
137342162
135325217
137358265
137247892
137080968
137165805
136884241
136884099
137416261
136983995
137212587
137042044
137266067
137487452
137473205
137315450
137492270
137296871
137207885
136509335
137213582
137231707
136918669
136851740
137189611
137199882
137063734
136920280
137254231
136656280
137526175
137315413
136930498
137350439
137161066
136919782
133064208
135908838
136964048
137371001
137336491
135967197
137429673
137235158
137085955
136884580
135362669
136889062
135984581
137317520
135565973
137321158
137227980
136974139
136787291
137219426
137440657
134255766
137194249
136907269
137512732
136719288
129739595
137223707
137294771
137118483
137230827
136121199
137383666
136580045
136565145
135421471
136990031
137201471
137145128
135074346
137382071
136903225
136882476
136628993
137011448
135280186
136839619
137107590
137369379
136839201
135875062
137090864
137220366
136070552
134451945
137379226
137539461
137368744
137266154
137003166
135422946
136772069
137421387
137415496
137230520
135438284
137540455
136597663
137022122
137509185
137391964
137381190
130983576
135541434
136107496
137527658
137399895
137108934
137069977
136854091
137199569
136706713
137128209
137292273
134420040
137413026
137128767
136841583
137098976
137475165
136050439
137259281
130452680
136975052
136897838
137441898
137266896
136958924
137267474
137031208
137351906
135260340
137464436
136973364
136898811
136701945
135195467
137196027
136210574
136316580
137280563
136969124
137298580
137159343
137333290
137278235
137216544
137374470
137455527
136988471
136540405
137055318
137154946
136978245
136680916
137533336
137357638
137380353
137480126
135878429
136627245
136906083
136540636
137162010
135585304
137235937
137362258
137339242
137535063
134965988
137491291
136966370
136694373
136960277
137498083
137367485
137517078
136921643
137278756
136901405
134197023
136892312
135082113
137266892
137068015
136236896
134303038
137034547
137245228
137218620
137141512
137251784
137361016
135819418
137146581
136511508
137114921
137075925
136851691
137190063
133252894
137150899
136075058
137242027
137294843
134265169
135468119
136225513
137535036
137521225
137237793
137022101
136817891
136141083
136177839
137492846
132434730
136916965
137412419
137531969
137302319
137168483
136566193
137493782
137181137
136562247
136935904
137302229
137480393
137220809
137299502
137248156
135446036
136929138
133063670
128464142
136888834
137358863
136925874
136999049
135816429
137297132
136904967
137224148
137414856
136857824
137364061
137127781
136138317
137244026
136040428
135649030
137054409
136487304
137034970
137382003
137126710
137313477
131256395
136247299
135758516
136918221
137016474
137372595
134279010
136585338
137440834
137314868
137463170
137200971
136861026
136906967
137119778
135982444
135399672
137034825
136991007
137099591
136907078
136715406
136060546
136406749
135041481
135251075
137449653
134717556
137293814
136880780
137276785
137266780
136530777
134287994
136913204
131346253
136846547
137308370
136832241
137239909
137069454
137078345
130451712
134383011
136693232
137213475
137250369
137532793
137313240
130453450
137507980
136396338
137237611
137482317
130833971
137077883
133194170
135899795
137498496
135239909
136942229
135216470
136892715
134485453
137530741
135967195
137485589
137151971
137154820
137086082
137072166
136998342
137154555
136921819
137364361
136164817
136359968
136912168
136897160
136137680
136181242
133447336
135371591
137186737
137059494
135132192
136327086
104157599
136813279
137334694
137211988
136979166
137513210
137388490
137207946
136888372
136821076
137360611
137136862
137250382
135517493
137117226
137145269
136925711
136551360
137417398
137421241
137358608
137523430
137147201
136967535
137022085
130452744
137076952
137171791
136928173
131406386
136883500
132776646
136571895
137064137
135928867
136657979
137464420
136229699
137264280
136609057
136853919
135902072
137460928
137238919
135388374
136925855
137104854
137438698
136313796
137035401
136010184
134525852
135380968
132633604
137364262
133437369
136612001
136989974
137248786
137076876
137237184
136771705
136177899
137135946
136922086
137216523
137364021
137310815
137520092
136442713
137016439
137341224
137095431
137331146
137336369
137080799
137426375
136917945
137527250
137154590
137417858
137255091
134541039
136967233
135276626
137069643
137080109
135035412
137445827
137085888
136326999
137101887
136904603
137149224
136956941
137011253
136397767
136868059
137438893
137177412
137426314
137016472
137048760
134519470
135507112
137134661
136787285
137233608
134007267
137161137
137313291
137181180
125826570
137379968
137153983
136985201
137372441
137070561
136913873
133406309
137154209
134603515
134477540
137496774
137362677
137390396
137522794
136264937
137022076
137169976
136856551
136643504
137436275
137093138
134280323
136421375
137266790
137312770
137070277
127057371
136937725
135540976
137188930
137300915
137297726
137198832
137381440
136964767
137106286
137098684
137425872
135878598
129951189
133948123
137393888
136967006
135896562
136161095
137445560
137531402
137224081
135558616
137094364
136119047
137058302
136883980
136817797
116747930
137354757
132804237
136744964
137252122
137436603
135588174
136827970
132536099
131774942
137471803
137181154
137472733
137360102
136477165
136391834
137063153
137055731
136915798
137307234
137322410
136943144
137209741
137116501
136503941
137102110
136455763
137254236
137382076
137119619
137199969
137483137
136541460
137481726
137368892
137507285
136979154
135815612
135479908
137027669
136810920
136866868
137378811
137339369
137289271
136873680
134879776
137517529
137118772
136300796
137106838
137129535
136220304
134008832
137118172
136654612
137519416
136600365
136339444
136907085
137424417
137530458
137441633
137242939
136817363
137339445
137172174
137140228
137481210
135112314
137096240
111556548
137361788
135884784
136880088
136805257
137050659
137508656
135491721
137351089
136705638
136987091
137098203
136742905
133039708
137409877
136994239
136327381
136942850
136991781
137392288
136575826
137341366
137005361
136993811
133054220
133297601
136873550
136324100
136900747
136807913
136986700
137050746
136448108
136496149
137100896
137179650
137452901
137233772
136892883
136964570
137421638
136686208
132283358
137486671
137171457
133974054
134505466
137150467
137474513
137206189
137204738
137001032
136999870
137097142
137495622
131982306
136956574
136225870
135093949
137042507
137233866
137185195
134572688
136894670
136735231
136881042
137353634
136929904
134108317
136981227
137166875
136884864
136675152
137461358
137063986
136991752
137500574
136696382
136673444
136841290
137165257
136362833
136335220
136611991
136967840
137188931
137196990
136967621
136691402
136678518
137190988
136898486
137040756
137203371
136980692
137086519
132283031
137402396
137269898
137024110
137538056
136828507
136810615
137071725
136205110
136988495
137171915
136121401
137438954
137280987
137364862
137472515
137497094
137106775
136903151
137338383
137171449
136834691
137254223
137465156
134748111
137112921
137064229
137540073
132990714
137146443
135196180
137443357
133852304
137232834
137096977
137189397
137236269
137321054
137245376
137363067
136995480
132769762
136887899
137237484
135890783
137252311
137171714
137170408
136901161
137171893
137002882
136995662
137173412
137140908
134829549
137510787
136029950
137531142
137161905
137072500
137384879
137376769
136897630
137066149
135247260
136531475
136998393
137127618
136225491
137055929
136703052
137547901
135665813
137521791
137097106
137151414
137022111
137195024
135388286
137249041
137115495
137300943
137242448
137365616
137290480
136993471
137053173
136575183
137153679
118248540
137061492
136984766
137301786
137266765
137497803
137210973
136596384
136914533
134736468
137328561
137367500
136265254
136855465
136750549
137291969
137445753
136785678
137250324
137448533
137382713
134882468
137246957
136413805
137153185
137197944
137322393
137379695
137506249
136898177
137387265
137064970
137547084
136718473
136393643
137534576
136070730
137430891
137438823
136607610
136371423
137277215
137363225
137394036
136358874
136131565
136090379
137528991
126528739
137205121
137243330
137215433
133647729
137353552
136119476
135557342
136922511
137042260
137073441
137449788
136547522
137394141
137523289
137079347
137217997
136998100
137399148
137022091
136875973
136308626
137487235
137298062
137352880
137390835
132388879
137228854
137058323
134816939
137403535
135825820
136856794
137388354
137114444
137313634
137360673
137205681
137370098
137234047
137023069
135154433
133568136
136207009
137496102
136461893
137186603
137521180
136544140
137463734
137383707
137165012
137421586
137444629
134457581
136036718
137358431
137275041
135188562
137083788
137197135
136789388
137190643
137373192
137152279
137043421
136857699
137486972
137031132
135924230
131899324
137459547
136293682
136459818
137369422
137430182
137038987
137492278
136565858
137330241
137313695
136684492
137059887
134063924
137138887
137022074
136811624
136305196
137044981
137526735
137334993
135363052
137190813
136485752
136825136
136387468
136197859
137131605
137181247
136495589
136830258
136904928
134545938
130995648
136443131
136418145
135302216
137371058
137094982
136550481
137170822
137461321
135879778
137445237
136136145
137445910
137284857
136913467
137026350
137421422
136125234
137415736
137228630
137042890
132653691
136952730
137046661
136828175
136547362
137257854
134252958
137445314
136897465
137097202
137487590
137092786
137145299
137427500
132689878
137372193
136680071
134905752
137071087
137202243
137197613
136884503
137043324
137356125
137366121
130434985
137514876
136915893
136639238
137048642
136783342
135870833
136892132
136501482
136993709
137419163
137502707
137095849
137245402
136962432
137087819
137153698
137239446
137332083
137303758
136219144
137089169
137179771
136985931
137497661
137070647
137242818
137073985
136323551
137352627
135623039
136432094
137157400
137061923
137221783
137115968
137266797
137434701
136587484
136835560
136593762
137250282
137185818
137438827
137427111
137185104
136825494
137321387
137127686
137379338
136855561
137283111
137038967
137205411
136904227
137249260
137428059
137170695
135698763
137419940
137288584
137126769
137248655
137441816
137123189
131435178
137317391
137496972
136979188
132943016
135232183
137383764
137483766
136109886
136301176
136707705
137536894
136333067
137365893
137128253
137083108
136338814
136998009
137526237
131751228
137099430
135823369
135297744
137505006
136718120
136521757
136860738
136904048
137250438
137097241
136969289
136878407
137528407
135846342
137224960
136903465
137350455
137215988
137248764
136074734
128966075
137047889
137368822
137046937
137145711
135793586
137070987
137286648
137248585
136255680
137521312
137534451
137241071
137534981
136575992
137073975
137415669
137201029
136440067
137134998
133515808
137018834
137200669
137434676
133984343
136879938
136594203
137056858
136879387
136554477
136540555
136310501
136202031
134342309
137372663
137161001
137433065
136847061
137062651
136779587
137069939
137391373
136657580
136975382
136066367
137301032
135939207
137481915
136192585
137452892
136652018
137001049
136362451
137093035
136965910
134572770
137545069
136576186
136229733
134799604
135869301
137443619
136964220
137197752
137223695
132295888
137447530
137040028
137097769
137433886
136045417
137474530
136860736
137434638
136922383
137030262
137382968
137110305
131913597
135155671
137371359
137526541
137060703
137210966
137481907
137097013
136154470
136967881
137169344
137146138
136923526
136906770
137138742
137414691
137055688
134375206
137530646
137317554
137116718
137509139
135312134
134930966
137335656
137549579
137492424
137213863
133192123
137170060
137357639
137022056
137349306
133206210
137518110
132790983
131428395
136975373
137367358
137383657
135475469
136975575
133195391
136964708
137424748
131296183
136394736
137182246
137386670
136853575
135992713
135900943
137196945
137146195
136453669
137119942
137167284
137045939
136997279
135439248
137522679
133249492
137051294
134074924
136483397
137047130
137312536
137040043
137430380
129144668
137053237
137364029
137524564
137253128
136990986
67762735
136735909
136542730
137543012
137216898
137186926
137247969
137142780
135396474
136821758
137266859
137447157
136904870
130427519
137472989
134929819
137236542
137321182
136901109
137145713
137427263
137526660
137101207
137176772
137381029
136886268
132914832
136996235
137428008
136605526
137022126
137277940
137018833
136925629
137046826
137199028
134531845
131602568
136988785
137457194
137082768
136775186
136032142
136837972
137437309
137362992
137445330
135843027
137511851
137094644
137365419
137168740
135458544
136320628
137266852
136834931
137357850
136986896
133506255
136739867
137069627
137191342
135364896
136287071
137009391
137246002
137522577
137399548
137259469
137266604
137213338
137435239
137478598
137118776
136929195
137107110
136868679
136939504
137199426
137032109
136820673
136274263
137289060
137086176
137189902
136511473
135871932
130582277
136682999
136776667
136979155
136118518
137076305
137299278
131676330
137056910
137137263
136822349
137062156
137353789
137483888
137251774
136959240
136533146
136896848
137348343
136665207
137105425
134635600
137037888
136920138
137527903
137418139
137539199
137135287
136955716
137531086
135823879
137299250
136830387
136885841
137050750
125153497
137408050
136891616
137198002
137083069
136895541
136975309
136826693
136935219
136372257
137144406
137328043
137460666
136511476
131290908
131215650
137441079
137055253
137310497
137472513
137246447
136324092
137149830
137064567
123026326
137101542
137518677
137096223
137531284
136922084
133797585
137318444
137163684
137266889
136592421
134093632
137448529
136836135
136200943
136597853
136480206
137095001
136049231
136816386
137350964
137433061
132001387
137354813
137220836
137353264
136453843
137523433
137006841
137075909
137218945
136967675
137138554
136345228
137496082
136982635
134451190
134202302
136035446
136769656
137429731
137244451
137364065
137122314
137431077
136858889
137402206
137128379
136921087
136937320
136603109
136919892
137027965
136446372
137316949
137447116
128194341
137471343
136296592
136869314
136442792
136862797
134205563
66818410
137154723
137517362
137134215
137498776
137506754
137527178
135932530
134273339
115898435
137443536
134939232
136824845
136639235
136289332
137198252
137243419
136945011
137084843
136648644
137420960
137353720
137442733
137538841
137092637
137018212
136816334
136301277
137039055
136897403
136407776
137364586
137234585
137189164
137347965
136603129
136919216
135537796
137247195
137378464
136356984
136961003
125501962
137383158
137342973
137257994
137382485
137364110
137423195
137198602
137471190
137502370
136911415
136401346
135309579
136977107
136910745
136543610
136987494
137340859
136996802
136116783
137035883
136919772
137209872
137029638
137187462
135472946
136989962
137155325
135986072
137464435
137140735
137209286
136957616
136074856
137288667
136519924
137257876
137379326
137408786
136957250
135925135
137532422
137420038
137369382
137153822
136541402
131998818
136963914
137041997
137136943
137302508
137082297
137046761
136148381
137193648
136855407
136878209
137255559
136993986
137023058
137507794
137016451
137190064
135876056
137214019
136840789
136975650
136987870
137347453
134077135
137361118
136456176
137276772
137422079
134541662
136876257
137549569
137303261
136881379
136145743
136967682
134735948
136990726
137000823
136636217
137531984
137109159
136908348
137197680
136550530
136868595
137044730
137100249
136100547
136917261
137043463
137184544
131884864
124630023
137167542
135910446
129429915
135154732
136961836
137514649
137038163
137391638
134493921
137046156
137171931
137434392
137518278
137533271
136682353
137194924
135173973
136998429
137412816
134058081
137497312
136561700
136485513
136836086
136892826
137498081
137146050
137235281
137318800
136894458
133040155
136352581
135423413
137295019
137377777
136723934
137098589
137180888
136921108
136898768
137202728
137195138
137412461
137523287
136505169
137372384
137415858
137465631
135634461
137113303
136908044
136888599
135850825
136084932
133798872
137065787
137103082
136658149
136948616
137533632
136921921
137199425
136927345
128079592
137407943
137442794
137209755
137229727
137120436
137307702
136911291
137186151
137474440
137046996
136112991
135554638
134558908
137250648
136918223
137191277
137312868
137389914
136903360
136376786
137364017
136125984
136624916
136897854
137484309
137215019
137526079
136966622
137102116
132425677
137042323
137068392
137022116
137496933
135420373
136956128
137327960
137327457
136897579
136926668
132826843
137045590
137156805
137289581
136732574
137168502
137266788
137342371
136120937
137522326
137493948
137440428
136879273
137127214
136168379
137245615
136988586
132584216
137044489
136627916
136443456
136952285
137036457
135658957
137158773
136356322
137167643
136139357
137362296
135944762
137520694
137525815
136982396
137359663
137292617
136053720
137421484
137314997
136833750
137316753
137366009
137132045
136889493
137442816
136975704
137257852
137540258
136822761
136237490
136920139
137547086
136551107
137191221
130705347
137424118
137434039
137150614
136475704
134705012
137148953
137355919
137529379
136957957
137266869
137472100
137075837
137414682
137331138
137527244
137538888
136897154
137322593
136550512
137242831
137219077
137456981
137070931
132256454
132828573
124982556
131164148
137177459
137174423
135856081
135709540
137213103
136854681
136239223
136890146
136972463
137307987
135835574
137295684
137266580
136999744
135219058
136442739
137358865
136166807
137350558
136296223
136093801
137259115
134753929
137481056
137452282
137048625
135927313
137104665
137441405
137382216
136959081
137022406
135926461
137178188
137192316
136828902
137051282
137153186
135692619
137001074
137471365
137481717
135055151
137146713
136839222
137186348
137011243
136716304
137315912
136855466
137444314
136883169
137249969
137159691
136639106
134709560
136880667
137173836
135762937
136822392
137517532
135888535
136501514
137027447
137092633
137199442
137001006
137366267
136858021
137018965
135686858
136844310
137036639
137446754
137369624
137161090
137069449
136795151
136871925
137083997
136596583
137393099
137006378
137517997
137514688
136896403
136880453
137406663
135813283
137325052
137481096
136414702
136901791
136966636
137487668
131246488
136486262
123979935
137333538
136853883
137144557
136833717
136979552
136574877
136299572
136899706
136198016
137439354
137492595
137215099
137347501
137269943
137005537
137311032
137357725
136442712
136946780
136859132
136344524
137124636
137448174
137151075
137165325
136362708
137252236
137539015
136444353
137505385
136833551
137286634
136703495
137068180
136973012
137394216
129468018
137357189
137044511
137533114
136079025
136286719
137435167
132122915
137239669
136974468
136442745
137518200
137396215
137517238
137328363
137115296
137299470
136860502
137539525
134338572
136954989
131988451
137005722
137282136
137348634
134340872
137470618
137068862
131411276
136878224
137144378
137549753
137085529
137189713
136388363
137232017
136929700
137525844
136806647
136906272
137138837
137321260
137477800
137100007
136439152
137119990
137413293
137266862
137166434
137064071
136185651
137194910
136960704
137052390
136694415
135020376
136482151
136485368
137022066
135126292
137146193
136531457
136885173
136903062
137487627
137163350
136876086
137259897
137449042
136493536
137069420
135440381
136996911
137026630
136171806
137371327
136852672
136833759
132619609
137324383
134537445
137350957
137358765
135777252
137114947
137508051
137535369
135348139
136694555
136865325
137463853
137424358
136868673
135216849
136534419
137052575
137095535
137406387
136983804
136921760
136976165
137101704
137359876
137077076
137312634
137089662
137024770
136885332
136549951
134477361
134101879
136460407
137037871
136919301
137060943
137496956
136904426
137208039
136124094
136773120
137474123
137294795
136935441
136918812
137316388
137111176
137187408
136502786
136954317
134069207
137357417
136608817
136391791
137150892
136939414
137180870
137381455
136861155
128021274
137454321
137200783
136867961
137329894
136126241
137276774
136094552
136657532
136590051
136297419
136907271
137394271
137056285
135602958
136496402
137431250
136926417
136903701
136989371
136874656
136858174
133130629
137140712
137201892
137409282
137411416
136992530
137248349
137472501
137031090
136895308
136899764
136958873
137102097
134826684
137363227
136835276
136511490
136650978
136562860
137526029
136993167
137042031
137525164
137523925
136908235
137293546
137093336
136975303
137364393
137043172
137354029
136962284
137140835
137053491
134837907
132414983
137117648
137108315
137044521
135018787
137453818
136897580
135557340
136268365
135236076
137064927
137195618
134288034
137432670
137534789
137316973
136997729
135346910
136463085
137453983
137354634
137481911
136266112
137114210
133082559
137316099
133980716
136908160
136141344
136984189
136947384
137293201
136811098
137156468
136995033
136858181
137000397
137534778
135702796
135970098
137467155
137209199
136928038
137018235
137062625
136131908
136818982
134975711
136715761
137472750
130452842
137161598
137341392
136957430
136254722
136483416
137447630
135491718
137079225
136598077
136511512
137538672
137146071
135767299
137415565
136885294
137534011
137192477
136031533
137197618
137385601
136979888
123755808
136945025
137276780
137198294
137491595
137309072
136301040
136824451
136550470
137246065
137478647
137078373
137494175
137193778
137017061
137440888
134540591
137139854
137339202
136229706
137258394
134874031
135485514
137067519
136928648
137073136
137417468
136146284
137544883
137524889
137294304
136851126
137146766
136199493
137203968
136694620
137376934
137509967
137354148
137452879
136109890
137096138
136886119
137466281
136915227
137258808
136905831
137010943
135975188
137289451
137487285
137364403
137499343
137497221
137148426
137202795
137092860
137023055
134071500
137098565
136886091
136590888
135555565
137441913
137120116
136815588
136351333
136187486
136894956
136881654
136878387
137290493
135301296
137494240
137531000
137241640
135304885
136145815
137167339
132592779
137401198
136830923
137262908
137440711
136990947
137513302
137500506
136902037
136792800
130995635
137511378
136777878
137047228
136845060
137170250
137503623
137085637
137353753
136577900
137106404
137141513
134565696
137229733
134233498
136759782
137380206
137233791
136551133
137037447
137445952
137043536
137476515
137067245
137294080
137259982
137448470
136524815
137331448
137366547
136656893
136492264
137171792
136119775
137163669
137023024
136886818
136550526
135986659
135983269
137481408
137440656
137195073
136422627
132838925
136302572
137223816
130815651
135884440
131269346
137449517
136858782
135503498
137172682
136914604
137397930
132427246
136156783
137444826
136537451
137134481
137384051
136824693
137395217
137538436
137448792
137093121
137446667
137502499
137314651
137444003
137149433
137364074
131975558
136217752
134195101
137060198
137116161
137296387
137097949
131327206
136096438
136698088
132853005
136354547
137507025
136733132
137525385
137522749
137418842
137379045
136550524
137431834
134018690
135834351
137198566
137094932
136835132
136038765
136720414
137450326
132573676
137520049
135259373
137077436
136389765
137079869
137162527
137234055
137533864
136957785
137167315
137219764
137208278
136401468
137131224
136889967
126418012
137499362
137513501
137215522
137477149
137011642
137227156
136119330
136954526
137277487
131532821
136822995
137349549
137203612
137364563
137320584
137292587
136100564
134246987
137466987
137126492
137199874
136012263
137312890
125501548
137442419
137517636
133825697
137200407
137005335
136919832
137280155
131748689
135326632
135767566
136389163
136874968
137431955
137016487
137294924
137300678
137006443
136880036
137016442
136966506
137440354
137349550
135126385
136823309
134989507
136147151
135560434
136787211
126155709
134825212
133966825
137252066
126835082
131642390
136719897
137119737
137252547
137003536
137421904
135612010
136551646
137092889
136857988
137155144
136907817
137223509
135996774
137482422
137084898
136440245
137165243
137363313
137463797
135970789
137192928
136984097
137527211
137441554
137190549
137404638
136352960
137443758
135017524
136533987
131729634
135503463
136590102
137205586
136641694
136993689
135479521
136905081
135553329
137499461
137308656
137491465
137254675
136433734
136737492
137280455
137022115
136339669
136927884
137512104
137330231
136832467
137212817
137085638
137442026
136822886
134662499
136936509
136443979
137493605
137516082
134169201
135391996
137264122
134326490
137330069
137098508
136835253
137073320
137051301
137033730
137341622
136864175
137233504
136957272
136498623
137530038
136827672
135611145
137376113
137000615
136178175
137053716
137432037
137209619
135009648
137301416
137043478
137058398
137530616
136983142
136988950
137432025
137338785
136473994
134141984
136607895
137461024
136964714
137443522
136962431
136733540
136146282
137146658
136385266
137433376
137107621
137141561
137073976
137452448
136981123
132166124
135815158
136631268
136814233
136956255
137545221
137230267
137236083
136951639
136889714
135521397
137046483
134974540
133953641
133296357
136017250
137472520
137030711
136068456
137329739
134068585
137470699
137151504
137158307
134927745
136901322
136903302
134070964
136479474
137162242
137535181
137207223
136639240
137002456
137452482
136970277
137167410
137236187
137025408
137064387
136831440
137354821
136215333
136821083
134481601
136815336
137510058
136766310
136920754
135195448
137344867
137295860
137129203
137347496
133497313
137389737
137493206
137388776
134707088
137428916
137394849
137357249
137498823
136894955
136259937
135916714
134064177
137021825
136597556
137123008
136727155
137303396
137406524
135784945
136229575
136998320
137369400
136643463
136902105
136798324
136322259
137296513
134431402
136865801
134092407
137330386
136900700
136838438
137459761
137483078
135593255
134146566
137246911
137462359
137510416
137478646
136830877
136999984
137000392
137233359
137252087
136720246
135708035
136927782
136881741
136941658
136588797
137073971
137055081
137118866
137527778
137111218
136429136
136648597
136571265
137360148
135236075
136958671
137442680
135208535
137518353
137532759
136701612
136969083
131821613
137534118
136976094
137307249
136324153
137061012
136993850
136951432
137237446
136919695
137530841
136387018
137364075
137266800
137522968
137129604
135833852
137055195
136181047
137126496
135420467
135889978
137527881
135821776
137113195
137043033
136879924
137493921
137488095
137438384
136900096
136410073
136886257
137170514
134904431
137046323
136445534
137462676
137422539
136929767
137248887
136031845
137357213
137044484
130485845
136869644
137150638
137463758
136919382
135660518
137406262
137139792
136848918
137021552
137167900
137075950
136998996
137195863
137396914
136356356
134628125
135218228
135709224
137097189
134704658
136413059
137074425
136904500
136683298
136126447
136874619
137011249
137124452
137011209
136119504
136028908
137375598
131653756
133947217
136938304
137534131
137186336
136823746
136876506
136295828
135607866
137518176
136855790
137444540
136892293
136133546
137186146
137362954
135835614
137344445
136498535
131862222
137390257
136595649
137196172
137205331
135875704
135416996
137046525
137314585
137476650
136610693
136737862
137266789
133291996
137380661
137094766
136442750
137362762
137326310
136900194
136420042
137203563
136945895
137527847
136974963
136573730
132774049
136462767
136906739
137294324
136626410
130230049
137156785
137218991
136064328
127271541
137169506
136848793
136864243
136321925
137481136
136403134
137311600
137534524
137524065
137286071
137328150
137246652
137213849
134880338
137240811
136597279
137293273
134198341
136922098
133974289
136968135
136846993
137116779
136489691
136921845
136927015
137313585
137073805
137474228
137114847
137199869
137311831
133994791
137293084
137258254
137372236
137497676
137481046
137123648
137153688
136221645
137435172
137266756
136917300
135825818
130995653
136111248
137527264
134880323
136895264
136980069
137341630
136192645
137252301
137251828
135898357
135424282
137314746
136905150
137050374
136406495
136586966
137219984
137492568
137506281
137202151
136300995
137076261
137158298
137302061
136883993
137088714
134145312
136930061
137203498
130831947
137515754
137022079
136214012
137250355
136639301
137122559
137288310
132635366
137364082
137075922
135398058
137449421
136931862
136994240
137427013
136999746
134714880
137253764
137158595
137255796
137131983
135373190
136212658
137436339
135140493
126743240
137066467
137353801
137482266
137446643
137321322
137532127
134470267
136295812
133949591
136958756
136491442
136789774
137176049
137370261
137212825
135949504
136952832
136842351
136957252
137165693
135508124
137437504
137385088
137229551
137378250
137207776
136320758
137200134
130195011
136229698
137527234
137445795
136846106
136927363
137070354
130309566
137483442
137315567
137354159
137219038
137247454
124785084
137412369
136957412
136681157
137388042
129378339
137453634
137360285
136115511
136888723
135941821
137303194
137031747
137031518
137105339
137043493
136911758
137294994
137185821
136977388
136705157
137000729
136983434
132955163
137452424
137348878
133333087
135319576
137528645
133032777
136893225
135945546
136906362
137515731
137549558
137343788
136391093
137127202
136714287
136996576
123701393
137239204
136163722
136991011
137258852
137008245
137047196
137043492
136980998
137440367
136093696
137349578
135424192
137266571
136892749
137444355
135355481
137302282
137509256
137153668
137075948
137086680
136869304
136259274
129196901
136675213
136926635
137159794
135815384
136814461
137316485
137436953
137211103
137316059
137341957
137219574
137199422
137319185
136640544
137334667
137248050
137496964
137533157
137382718
137455733
137446644
137322351
136824502
137072342
137132473
133728480
137530906
136220542
137316418
137531835
137196860
137036627
133453330
136957409
137220377
137443863
134565523
137090229
137173416
137256482
137237897
137035692
137466122
136536943
137437976
137253421
137432525
136864246
136437553
137254225
136899702
137501261
136492793
137354249
137073485
137115635
137280604
135435325
137153190
137258549
136888254
137103438
137005459
137296764
137087937
135276653
136229711
137546982
137033388
137339641
137443304
135020600
135939462
137071615
132217587
136867573
136994179
137052823
136851974
137038144
136973384
137291600
137367425
137549549
135896457
136892268
137448804
137126144
133978680
136422148
137407861
136835477
137258850
137419570
136930951
137241090
137056509
137126854
137022125
137157969
137056339
135262430
137016431
135511182
136926996
136627234
137068163
137107319
137490611
135207800
137006062
137162275
137064832
137301155
135410056
137035200
137398521
137069596
137519309
137210871
136681507
136898041
137496197
136832504
134993477
137236367
136010700
137500493
133184021
137060533
136449164
137194070
136822291
136590551
136943583
136735592
135853395
137380635
136956301
137067858
136550488
137381464
137416921
136995847
136715232
137004986
137332993
137244087
137422384
136880711
137163893
137359982
137058922
137476863
137442243
137117364
137519360
137069320
137266825
137444812
137064545
137421190
136547268
136295837
136968870
137401342
137481427
136838263
137328745
134316030
137522021
137485759
137195697
137093942
136894790
135476985
137435477
136930664
131113319
137248285
137366408
137190183
137097518
134210232
136750359
137281910
134515850
137139490
134227396
135525473
137458745
137287020
137384968
137486697
131596895
137386476
137287022
137188760
137293919
137067392
136876654
137140531
136928357
137358508
137193449
137358473
136645201
136910246
137089960
137179355
134543469
133014819
134564218
135476243
137385414
136008183
135889452
137319331
133332645
137072593
136821438
133945450
137125167
137167911
137125647
137472485
137140562
136851650
137409021
136918232
135853729
137055616
136236542
137188069
137472869
137466552
136952729
136769719
137509707
137430483
136997331
136229258
137483075
137415910
134076109
137068465
137001998
136957951
137518367
137452633
135383922
137095057
136060464
137241675
136939496
136990070
137174496
137233363
137429899
136830634
137090376
137331662
136403259
137046347
136220500
137341485
137465918
136885840
137205704
137422728
136993014
136317534
136392291
137384138
136963214
137475798
135496342
134526534
137138743
137134035
137384849
118225341
137002371
134545955
137530300
137534335
136937070
137159455
136927454
135299461
137487583
135674199
136988929
136962812
137319103
137057132
136966772
137444478
133763384
136560112
137232968
137355016
135517897
137524246
137426447
136604599
137139028
137393760
137276770
136922557
137111705
134198576
137055993
130995637
136477174
135919863
136742815
136904170
137525418
136895250
136065614
137481983
136857703
136172540
136645351
137205786
135361843
137190645
137246086
136919441
137100363
137218101
136365128
135815250
137443951
136153466
136930479
137206688
137459673
137461664
135239911
137342169
127150975
136501309
137195651
137216684
137200034
137247052
136971516
137331148
132790978
137095771
137265444
137504617
133977459
137136945
137031845
137098219
137110572
136989199
137005576
134943264
136547473
136315330
137372827
135875697
136962417
137279097
135434441
137249436
137103617
137467605
130452683
137446772
132325520
136087815
137221094
137157399
135992163
136229700
136511494
135914097
137127633
136938299
136825436
135323578
135934071
137254570
137072587
136548884
136601196
137103772
136874778
135689907
137513827
137353378
136588550
137539636
135297515
129509510
134945922
137297393
135901359
134151107
137087481
137140639
136948980
137016443
137112360
137471898
137432496
137208125
137276737
137341365
137417422
135922333
137016435
137394613
136153679
137036644
137195226
136118084
136904022
137118811
136897209
135464434
137343694
137219435
136402523
137123442
137099031
136487177
137224558
136305513
137092896
136838604
137160537
137000676
137038496
137168194
135587132
132229014
136784214
131130374
137207605
136932794
136928508
136938301
137514544
137219728
134480828
136781841
137422832
137045658
137362759
136962192
135502352
137460065
137336657
137001004
137228015
137355631
137030145
136841699
136893986
136869371
136496012
136574216
136442791
136909878
133113577
134984875
137136845
137259313
136986224
136376490
137128876
137145362
135979461
136832217
137320973
137408915
136986573
137098591
137150029
132989757
136073884
137094240
137177323
136713560
136929191
135830209
137107715
136981710
136521773
137462325
136860767
136827697
137177121
136813212
137076380
136859988
134300056
137383420
136845745
137084103
137481941
137291016
136832322
137359791
136346545
137522898
137532494
136905476
136992819
137253839
136897294
137517878
137259989
135884414
137512554
137173403
137311050
137494118
131871563
136441226
136814992
137187710
137153455
137510786
135278820
137443377
137127210
137380227
136490647
137509093
136900339
137531412
135713553
135767098
137361856
137103103
135993785
137266582
137390298
136643776
137103745
137022110
137531805
136588583
135689176
136998317
136533576
136783474
137049082
135052442
137326489
136971652
137073973
137378201
137452976
137000946
136832800
135141147
137085793
137160802
136790864
137101018
136974463
136260109
137035595
137430923
137141034
136960557
137120896
136884660
137119587
137254226
136924406
133373088
136830027
137110855
136437236
137415942
137149104
137212836
135661505
137208041
137093570
137155156
136326670
137124031
135893943
135406982
137176018
136875272
137199081
137093107
135973501
136357630
136869247
134444996
137346394
137000459
137331318
137394333
134093988
137207455
137176605
137471066
136704148
137360484
137037876
136078665
137237772
137011569
137021070
136894195
136905208
137240050
137200254
136832216
137430649
134986237
137314474
136652130
137095652
134150404
137154303
137056991
136922096
137540427
137420269
137464036
137397124
133080551
137006138
137067292
137357116
137257527
137329141
137338123
136824349
137375929
136956672
137108193
134796524
136654080
137189964
136891695
137415154
130452743
137048782
136967907
137046928
136557515
137154293
136692189
137441511
136323647
136160052
137102997
130121577
137330336
136831083
137496944
137010387
137016458
137321122
137116221
133862324
137005056
136957385
137370994
137321373
136852954
136810307
132083659
137480135
136892429
136042894
137057348
137354806
135485850
127330812
136905263
137428837
137215138
136186855
137273955
136998010
137116344
137189066
136855702
136922044
136206955
137434013
137023051
137101017
137436986
137525279
136839292
137387284
137371329
137436569
137058764
137211871
126962315
133151690
137298249
136394067
135371908
135364897
136323152
137539097
136974538
137176864
137266847
137194387
137040074
137075941
137145493
137091013
132239588
137342366
137495070
137241625
136511478
137006028
137167094
137322703
136807946
137362076
137238481
136465230
137462978
136881001
137190577
136917318
136840142
137064206
136978677
135326055
137526123
137444151
136573653
137142634
137113503
135236071
137420156
132275023
137016147
137391777
137225616
136994144
136859184
137200595
137003087
137006402
136810889
137053835
134271530
137363158
137276751
132335226
135689818
136350513
137260894
137441838
136565398
135365588
137347320
137205616
137523453
135479294
137452429
137104606
136907529
137102513
136871029
136964341
137521137
137074813
136558249
136869830
137237909
137472480
136891028
137296627
137469581
136664436
137093911
137266882
136864241
136882072
137299940
137521127
137251210
135841438
137104115
137288681
137382578
137209001
136839552
137011377
137154490
137390554
137531192
137481650
137510750
137240352
137003373
137080414
125440730
136954458
137485216
136544717
137478076
134565907
136979341
137227500
136962593
137034219
137355561
135903814
137351989
137461535
135350138
137245756
137266605
136877886
131884863
136291307
137115424
137022189
136832083
137256157
136900020
137158850
136478581
136575187
136064585
137192078
137291710
137494885
137236103
137266616
136888962
136369572
135188579
137116587
137145808
137199415
135417237
135470837
137053536
136918246
137483129
136621375
129746446
135244712
137066597
136905952
137465813
137076016
137141990
137491810
135299225
137294899
137127205
137197750
134930643
136667855
137154778
136927563
137193323
137359039
137359856
134895078
136314969
137229126
137113549
137134860
137474602
137549561
137210786
137109982
136296662
137050738
137370966
135898238
137016456
136836134
136837388
136927443
137238921
136594454
137202417
131959822
136776666
137226187
137490392
136290136
136474960
131570936
132530077
136864180
135155890
137316256
135287947
137214384
137187448
137219120
136836208
134400458
133367388
137259455
137312845
135831077
135417116
137381902
130333668
136284547
131842891
137301885
137010642
137088973
137348452
135122929
136882388
137124378
137438955
137496949
136954468
137441379
137163174
136893887
136298224
137246287
137485435
137111483
137057247
137085850
137253165
136093964
136893998
137156105
137378551
136142965
137350710
136956268
137539037
137235058
131428664
137207567
137359844
136710994
134600608
136423462
136434735
136998439
136478300
137248953
137345043
136351016
137394462
135051388
137042314
136574792
137039231
136594632
137235022
134704608
137285197
137170528
135995784
137367180
137297897
137198996
137094306
137342537
137196054
136626648
137066453
136130901
137114477
136860289
137317196
136860499
137520477
137532484
137082770
137494361
137070194
136511507
136468384
137441414
137156834
136200204
137206078
136778957
136067143
137102818
136928372
137074104
136141598
137480339
137212396
137296606
137100662
137387901
134713341
137285790
136511510
132600517
136472496
134866403
136339555
137064511
135397719
133951606
133023369
136882165
137155153
137321132
136784153
137416968
136853597
136477905
137524144
137544533
137406668
137189668
137485442
135624216
137438280
136883216
137296832
137146774
136878181
137307104
137056178
136904316
136267272
137040767
137009795
133362860
136881591
137311038
133744781
137466781
137256930
133822593
137210948
136998319
137423006
137282239
137172343
137150226
129467828
137123647
137221148
135420769
137239695
137371344
137476797
136503629
136257222
137527218
137365511
136394291
137339290
136610145
135989932
137192702
137202485
137206953
137527814
136931411
137307569
137364008
137237390
137213924
137339614
136067084
137192934
137101013
137331958
137305684
137258849
137001527
136856312
133087473
137483276
135654072
137262976
137445622
137306578
137356329
137127622
137395444
137022092
137361126
136307671
137493639
136840390
136550502
137525136
137069316
130373321
136861473
136551015
137414191
136889943
137491942
136506101
135194717
137539118
137073175
137041932
136530690
137017226
136860684
137142717
137016429
137380642
136490580
136012771
137254270
135145074
137215557
136179056
137203719
136810646
137362242
137472041
136703123
127834780
136597710
137496029
136681377
135503459
137231338
137437102
132333219
136144986
137221443
137194863
136823576
137219378
136950618
137023063
137070431
137305475
136901260
137174363
137138149
137220490
136161421
136244739
137093041
137040385
137442174
136446804
137119057
137318931
132298477
133978909
136991804
136857541
136258884
137324178
136861459
136259263
136938303
137219793
136984282
137447723
135865367
137083251
137202235
134792648
136407539
134754413
135896033
137217333
137359030
137415744
137200565
137349848
136866665
137314878
137194677
137472657
137073370
130632227
136119779
137146405
137284984
136411596
137356541
136157456
136967008
137433831
137385557
137133877
137094931
137054274
136999391
137364069
137133583
137388606
137427176
137375999
137027833
137533712
137250087
136743108
136973716
137484891
137186090
136838682
137369424
137250122
137529978
136647903
136511487
135738812
137527085
136638495
137006808
136254575
137542122
137176684
134601816
136101149
136120235
135116627
137134324
137359636
136810921
137352200
131381663
137154785
136503900
136828176
137522961
137353854
133524530
137485593
137169841
137297961
137086391
137362798
137467079
137121194
137169683
135949317
137173944
136600686
137345136
136736609
137228918
136219988
137464120
137311711
136062111
137333618
131333453
137305539
137258780
136992473
137097372
133604681
136549728
137264387
137460597
136738546
137085207
136985691
135711497
136903550
136092336
135613944
137164551
137134776
137440601
136833075
134970465
137096766
137235705
136976304
136898459
136967879
136916280
137452055
136705240
134955841
136905416
137520326
137072149
137060618
135442082
137427366
135972083
136863561
137100261
130451697
137153975
137196080
137266793
137058756
136881624
137528433
132190265
137244722
131395810
136117083
136805822
137332320
137291665
137432652
136981906
137311049
137003085
127055354
137287714
136598285
137154325
136900807
137118118
136914146
137043423
136471373
136962926
137427395
136583865
136890833
137437180
136839667
136919218
137237633
136284735
136962577
137317383
136987716
134731575
137541420
134342540
137001937
135560459
137445878
136949323
137452222
137348279
137272143
137121356
136919709
135898457
137451336
136594278
137534702
137291874
137022152
136713350
136566669
137220141
135942916
137054366
137033282
136672095
137489805
136599447
135390882
136840411
136894006
137250178
137277734
137353132
136444640
137023637
136955897
133638563
137187845
136751724
137357585
134481200
136999629
136898328
137043383
137074493
137276781
137059623
133010418
135517562
131026636
137145435
135830822
136877904
137005111
137046302
137485577
137466493
130156931
134995859
137009851
136797918
132721868
133453520
136794275
137239911
136943238
137520508
137181195
131039583
137440381
137316089
137497820
137350548
137005370
137233542
137441245
136841663
137523463
134825178
130995656
136718645
137287896
136500047
137250749
137172354
135520297
137383141
136592381
130452962
135902767
136073877
137075132
137362182
136461727
137040563
135887010
131444090
137168495
137287749
136371643
136840350
136986057
136140750
136989308
136602701
135694987
137465326
137266838
137546192
137018414
136908651
137095680
136538079
137177469
137199424
137186391
137360557
135610693
137364358
137420203
131722590
137239232
137221747
135206515
137525292
135473566
137203440
134277237
137499709
126056608
137201152
137046423
136550483
137364729
137434244
136889275
136487237
136976441
137506435
137371336
137421366
136977025
137257349
137448392
136719302
137154970
136476946
136488951
137540554
135489312
137453052
134567324
137521324
135361745
136485514
137276739
137292845
137174874
137429127
135458103
137534205
137258839
137299248
137316207
136497750
137256039
133821276
137048075
136604600
135661029
136961121
137461425
137357012
137326468
136890253
137102058
136740574
136958597
137486756
136457723
137120935
136523219
136321988
137199690
137192372
137186510
136973807
137285316
137494811
137380226
137281609
137250942
137481189
136334886
137209171
136658805
132007274
137073232
137055357
137425636
137486889
137085500
137071642
136823535
134941168
137547564
136185490
136983340
137513943
136957129
134077136
130683756
136841109
137444173
137457745
137247912
137203969
132420576
137005500
137054013
136299558
137241595
136855717
137189358
136107045
136887168
136856055
137184041
136435146
136923648
132284785
136363738
137281803
137056154
137184654
137175184
137535087
137141912
137363711
137231533
136301226
137386434
129144602
137243747
137120670
137538971
137073825
136311467
137327108
136705988
137397276
137416516
135179712
137116676
137353741
137011361
137241093
137142674
137251207
135881253
137229484
137244624
137524110
137159931
137372303
136950603
132943014
131030079
137449318
137442554
137094017
137407115
137212441
137075905
135557546
137122921
136992724
137135077
137187128
131990090
136222084
137289472
136799601
136703241
136845075
128760936
136905167
136718271
137058571
137189163
137197616
137515851
137154071
137430973
136982952
137156516
137057596
131111208
137299196
137544665
136967884
136350351
137057291
134670074
137266146
136853914
129957861
89775865
127173249
136927299
137217002
137098467
128271732
128506511
136606812
137209825
137305675
136990836
137157892
136890188
137215322
136869466
137307698
136967928
137245680
136613442
137442402
136474654
137430581
137116072
137435458
136381432
134784237
137199343
132592597
134111785
137427306
137048673
135815001
137097153
136956765
137056465
136742274
137137914
137373991
136879338
137048467
137463262
137527358
136901282
137255952
136717650
137346384
137498186
137534031
137436651
136605595
134683466
136839273
137050925
137207356
137163445
134661421
137356575
136998148
137157297
132600167
136956228
137478420
136833292
136966816
137476697
137539508
137259662
137373508
132164510
137356298
136769805
137237789
135469762
136397112
137251319
137368511
136856331
135875839
136823446
137096539
137317150
137372078
137516518
137037545
136505095
136552359
136676820
133855231
137162330
137416697
137368145
137061615
137394671
137431598
136882859
136861429
136787416
137435680
137535999
137303816
137234010
136964254
137291603
135560132
136689475
136848811
137043994
137458381
137252631
137491331
137394042
137147168
137189342
133262820
137128727
137259012
137424867
137468133
134973403
137216654
137366379
135224511
137450242
135976370
136880761
131347515
132790985
136928098
136202352
137519359
136887113
137091520
137101721
137390690
136394150
136262996
136193581
136793167
136864247
135810145
136758819
136768800
132405281
137523927
137496550
137219201
137488577
136361653
137514789
137170102
137010109
137241271
137315898
136337091
137272730
136855266
136745031
137118910
130453407
137063532
137373940
137145440
137056767
137068815
137186623
137250218
134301314
135430594
137520106
136983054
137257433
137520125
137014429
136883064
137042796
127249684
136876955
137369150
137199423
137163752
137163212
137537641
137050678
137193791
136886774
137350502
136984048
136967690
137253930
136668520
136965193
136363985
135825719
136971117
136374597
137031942
137254224
137379236
137102812
136640370
136963561
137006934
134193592
134966298
136690576
137096419
137023061
136228526
137173594
136921034
137033985
137209295
137534885
136153333
137095739
135945030
136464780
136885405
137510849
137495647
136919259
136880865
137317358
137417119
137372020
136683209
136331457
136904916
137039574
137329439
137134622
136981844
135411062
130950110
136248123
136579702
137491906
137197977
136923170
135230600
137471133
136962859
137434622
136500516
136833168
136158139
137146789
137363584
137049946
137254657
137422661
136319144
124630182
137044357
137226882
136407447
127188790
137342081
136682428
134825265
136140967
136181580
136402254
137329635
137523903
137379111
134654883
137500132
135508252
137223954
137160030
137279313
130452961
136184540
137294764
121117059
133545498
137266866
137357079
135983062
136089382
133717794
137472516
135101866
136889678
137071666
136898833
136848865
137076457
137066240
137433380
137470678
137257644
136968730
137446216
136884951
137064446
137361952
134057569
134369997
137072648
136495685
136953116
137370172
137059974
137290075
136894950
137476047
124013446
136864178
136511521
134991226
136508512
136511523
137424188
136792300
137368632
137322787
136135173
136900196
137549211
136888594
137528765
137293952
136928899
137492262
137298710
137441509
137171870
131119379
137047681
136223899
137353986
137486749
137185618
135963336
136049039
137326715
137040914
137547116
136852171
136414095
137480498
131811489
136880316
132467808
137418899
137182780
137305562
136602931
132330319
132896899
136678604
136817052
136975304
137444300
137023028
136895489
137121005
137364051
137533004
136842095
136941118
137329320
137136813
137539926
136990868
135878058
136224340
137394023
136437179
136876799
136566103
136816483
132975355
137526393
137151469
137370733
136284461
137006690
137432039
136965199
137278498
134149240
137292591
134423346
137371080
137199889
137473716
137189269
137548720
137041161
133184696
137318233
136891750
135887586
136483398
136968061
137362063
135878283
137016434
136655833
136828444
134107011
136833377
137219203
137086903
136522573
137062826
137237496
136311691
137005447
137202159
137392536
137313607
136923078
137000660
137208977
137271545
137037661
128836581
136607937
137512792
136964271
136158387
137129221
136726972
136823260
137046318
137231602
136590972
137481124
136992915
137095121
137399791
137445278
136810945
137144506
137106254
137216455
136430819
137497812
137145993
136978135
136451805
136488726
136964361
137278136
137421708
136929927
136810954
136785349
136330002
132026579
128028493
137492660
137239463
137370128
137537952
136187413
137004828
137532665
135838245
136776695
136777520
137155816
136366553
137093399
137423350
136994199
137000640
137190244
136653841
136564793
137342033
137055837
137115330
135440659
137054140
137425857
137369576
137335646
132364087
136511974
137243452
137140625
137302605
137338207
137453523
137512639
137174445
136217981
136962600
137327639
137452469
135125639
137095204
135992011
136973967
137216026
136904401
137096398
137526912
137046559
137156832
137205114
136826718
132515953
133509593
136338893
137534784
136816336
137149827
137500658
137435317
136900422
136986617
136225547
136937792
137252816
131039539
137290960
137056440
137227688
136823877
136995937
137074167
137380926
137071442
136216227
137445233
137532725
137064059
136358618
137512891
136854129
137075943
136822434
137465011
137224539
135945574
137252406
136933609
136903928
137142444
136891261
136640460
136143010
136704936
137238173
136222279
137292362
136533728
134070062
137515785
136520011
137449398
136581624
136892269
136996313
136680879
137161952
137458624
137195039
137365599
131429750
136587697
137000798
134004461
136836142
137176751
136864772
137075426
136968569
136916662
136762290
137357096
137241395
136828323
137070361
136835575
134577494
137021827
136973782
136330468
137179677
134208174
137349467
136967735
134498473
136892149
135941153
137496524
137243193
136134092
134867110
136156301
137475942
137534923
136345966
137504131
136442783
137060228
137221622
136597657
137487445
137518895
137428903
136818418
137419054
137368906
137233406
137112673
137022106
136831736
135274586
136921128
137197130
137316393
137532032
137275961
136901509
136994563
137441780
133043211
136957422
137525887
135743173
137526455
136596918
135855901
136837242
137132511
137290299
137033902
137300710
137307012
133888708
136989349
133022588
134558038
137512400
136175319
137219524
135438874
137266831
135943512
133851317
136916476
135120499
137248561
135197323
137218677
137412367
137534013
136459401
133511671
136160341
137251985
137371331
137519686
137204141
137090278
137375821
136289484
137034990
137199584
136656455
136414008
136151725
137353991
137294266
136407861
136520312
137219990
137302766
137105086
137014376
136840715
137520093
137431567
137253920
136953676
135551772
137173912
136156833
136902019
134224558
135524136
137022088
136551146
137246847
128839585
134061395
137330682
137009936
136085313
137392044
137218927
136918234
134925393
136238602
137525178
136702742
136984447
136295182
137304688
137317364
137268781
137441382
137533797
137208413
136902499
136812313
137461971
136866289
136119802
136229697
136074098
136992042
137314032
137055922
137377162
136879253
133325339
136851279
137011248
137011256
136038138
137067610
131429176
137192977
136642125
136867226
136953363
129515843
137496085
136613756
131373817
137445247
137292354
137440600
137201759
135304291
136719044
134890639
137232856
136467358
137209553
137360525
136674712
136629996
137430190
136482573
79382684
136967466
136289305
136656094
137253082
137395117
136953165
137154707
135236080
137105540
136654714
137092510
137204766
136230521
137258188
135823135
137496323
137517485
136893344
137206824
136066366
137181687
137496080
137050723
137045318
137292931
116359513
132333769
137348395
137123842
137090279
136690503
137331511
137011245
137077280
136957280
136590096
130995642
137358989
137040051
134485775
130583455
136821705
134057397
137533737
137238745
137286649
137161884
137316583
136209613
137223797
137470747
137117754
137041628
137106401
135718358
134301886
135437973
137527942
137149486
137384622
136717075
135811196
135417165
137486739
137516983
136131752
135794328
136923772
137431707
137095419
132665475
137005051
137034854
135737375
137266772
137171692
137490596
136744929
137024357
135050901
137075330
136986100
137036186
136491539
137205688
136898865
136989650
137535241
137190120
137534827
137481024
137061596
137481212
137378099
137445788
137066564
136172920
136908586
137250091
137408704
134930924
136620377
137177227
137356306
135940772
137189744
137064481
136898758
137426182
137059980
137108079
135993324
137499396
137434706
135258274
136628335
137271822
137329886
136861291
137330394
136855698
137520216
137383749
130580506
136810911
137318914
137051261
135385824
137040896
136909187
134595816
137200671
137005393
136885875
137071784
137517937
135947493
131657889
133186704
137243917
136262659
136299670
137078556
136083758
136328007
137216227
136577315
136796718
135139656
137408787
136683005
137427151
136751347
131975563
136872228
134158343
136028647
136741266
137241602
137430284
137256592
137075945
136109261
136556462
137258006
124936036
136649404
137112115
137452383
137493901
136925333
137416251
137274218
136977782
136322073
136895774
137439393
137006279
137071746
137528195
137170705
137512424
137530168
133392473
136855873
134601870
136740949
136884285
137151928
136126332
131990668
137523446
137278878
137186338
136883168
137202438
137063643
137199544
134510357
136835174
137427321
133996504
136255755
136890057
136321884
137005442
135158999
137063335
133479181
137513932
136899681
136855586
132889506
136995125
135278055
135784531
136230057
137319200
136823244
137502464
137234438
136608481
136511517
136991511
137302543
137330046
137222196
137474103
135731688
137075926
136859729
137385447
136930283
137120713
135203792
136635838
137241641
136489751
137328925
136581133
137153191
137427041
137365845
136907451
137148271
137242157
137545071
134661191
136996916
136605138
137162543
135301735
137326474
137423935
137540483
137221408
135507290
136771054
136212281
136440243
136907355
137502401
137453032
137075259
137201264
134039562
132119886
136065388
136690075
137045709
136226530
136954552
136993408
136889845
137329740
137153048
136011945
136924854
137257227
137363144
136027471
137439984
137417938
136442761
136988949
136202367
136227357
137473695
137225612
136776476
137248560
137154893
137075902
134586580
136978517
137026341
136858557
136179465
131424503
136184902
134990817
137059573
137286538
137294625
137150691
133009579
137509519
136970938
137025391
136189977
137480136
136738594
136071411
131405053
136533447
137500094
136989853
136784361
136894019
137266878
137376755
137507739
137319296
137223850
137465889
135327330
136923171
135114226
136853498
136962649
137539913
136960431
136689924
137354954
137302883
137134537
137498153
137068494
134921376
137483723
137161403
137229168
135485635
136635951
137144360
137122611
137509605
132718172
137313058
134767362
137393962
133965028
136833142
137177579
137076899
136545922
135932543
137473197
137350754
135918379
136661730
137260816
137180756
136362781
133145878
137441918
137438987
135919312
132754104
136053722
135522758
137497209
136952784
135997291
136538280
135988829
130347608
137397877
137238946
136810919
136850540
137313423
136998345
137495381
136727637
135875858
137510265
137167556
136836143
137196205
136552013
137316062
137418328
136968119
133371552
135245059
137218916
136835259
137438328
136834950
135580414
137526884
137230387
137100066
136397412
118046480
133147563
137100875
136222360
136968320
137329750
136245385
131335626
136284035
136933266
132304205
136021120
137381537
137442756
137051962
136070729
137363351
135278714
137365321
137098736
136952998
136864009
136787615
137065674
137370455
136975275
136238008
136299555
136258863
137416183
136826089
137090865
137241121
136325111
137430168
137435290
136915962
137037993
136035452
136904300
118172944
137099169
137136809
137522844
137053205
136436005
137294781
137370663
137199771
137023035
137299016
136810201
133086205
135183676
137254266
137221158
137493192
135168142
137525971
135543781
136995372
137122854
137294666
136967588
137214035
131101700
137361953
137056393
135853052
135928125
136855098
129836538
137341842
137096219
137443389
137527830
134995010
132877415
137189850
137031829
137185719
136875659
137139452
134612237
137184982
136604163
137313750
137477747
137143783
136966527
135978661
137435258
137177103
137266855
137254217
137235729
136110255
136665222
137534772
135066575
136607867
135774587
129580725
137069925
137413842
136426589
135188390
137436822
137444669
136840996
133917577
137023046
137209719
127761322
137069297
137279136
134767619
134521474
137342971
137266584
136851903
137361077
136945968
137000633
137098590
137055657
137155346
136924579
137496963
136595676
136955499
137528389
137466626
137383026
137445731
136841837
137117323
137188531
137221239
137295302
136828132
137523418
137112067
137427264
136998926
136983955
136958140
136966861
135892732
137423056
137041199
135891040
135736362
137199585
137260004
137248875
137445895
137258720
137199234
137020175
137186733
137496014
137104106
136221910
137199404
135273708
137499517
136991058
137442112
135479651
137058828
137077654
137443207
136862604
135476338
136819109
136829544
137238724
135607201
136836127
137154076
136855386
136859670
136734113
137497191
136979393
137023023
136032787
137162683
137063722
137103493
137139625
137383550
137245855
137506371
137199420
136769917
137503625
136573291
136558547
137250080
134955042
136892485
137144842
136849734
130692407
135938466
137069532
136874500
137431713
136958550
136213046
137474251
137321329
136954421
137241497
136984246
136610442
137283312
136498030
135961412
136143657
137510728
136588881
136999496
137189133
131923481
137400557
137491589
137255245
137266791
136926889
137509175
136362662
137319964
137365551
137418977
137417437
134174503
121886863
135900931
137153358
135043682
137531626
136992412
136721874
136144735
137141053
136892676
135743461
137484911
137088302
137494675
137002386
137165083
137360938
137166340
137526507
137291540
137061797
135702939
135840085
137364400
137153256
136868523
137434734
137432093
136603329
137238392
136885172
134503930
137113104
135251884
134027001
136927597
137214141
137394491
137363224
137139543
137516779
136855718
137001472
137165368
137098798
131963872
137238421
136938796
137516545
136902810
137188283
137045963
136455196
137432936
137486179
137105285
137204762
137057169
137099929
137465040
136501004
136069904
137294998
136913547
136704320
137266884
136768502
136991132
132303597
137393418
135930668
137482113
137127624
136829558
137042088
137149553
137350355
137504334
136881415
137196262
136790508
136930429
137531132
137073010
136877917
136853499
136294916
137043406
137528130
136995549
137055426
136479348
137320891
137176657
137493664
137246992
137046189
137199022
137242285
134067200
137372717
136095697
137326447
136327082
136591667
137326459
137440595
136294625
136375128
137055505
137027679
137123583
137531775
137186343
134972491
137204948
137266598
137123513
136982175
135186962
133525885
137510904
137103315
130206563
136721391
136658061
137198377
137452714
136409700
136627657
136946744
137165888
137046800
131677448
137099540
137515498
137437143
135485537
137369037
132925465
137342015
137531625
136442762
135273718
136442749
137447999
136897901
137360131
128951061
136926858
131976742
135905248
136224129
126870252
137492993
137293654
136832904
135290653
137007943
136831263
137364712
136301227
136600430
136547657
137362266
133490421
137434709
137093417
137000984
136955740
137348889
137096224
136957989
136874840
135113129
136968925
136680464
137267692
137342963
137189211
136992109
133213936
137090327
136918634
136066368
136305030
136363060
136094189
137351366
137227750
136884866
136995858
134616516
137063247
137178215
136861255
136884315
137229233
136842034
136681455
131333121
132510410
137144590
137538277
137235684
137097505
137495503
136998649
136838384
137097255
135147656
137030251
137306565
137065916
137446931
137231140
136883312
136712270
137251017
137364097
137321985
136075061
137258489
137137447
137456707
137470674
131464984
136955054
137058722
137043328
136481858
135405568
137053736
137395218
136974876
137041771
136186745
137451749
136645024
137373027
137068193
137531552
137380094
134065162
137117217
137527235
134416105
137294996
134501565
137518995
137245644
137044375
137098921
136914918
136933569
133129319
137162626
137181790
134488609
137336112
137285932
135193832
136966625
137041558
137156855
135443021
137269251
136442780
135943468
137307746
137193994
137306503
136187826
137439303
135935395
137158531
133840944
137468126
134882973
137445602
137170596
136919452
137016470
134767319
137535831
135892371
136563626
136875028
137440207
137360586
137306751
136801422
136322106
137076635
137441703
136998011
137340327
137076451
135886939
137419522
137523437
137251543
136997488
134826713
137155844
136953155
137371611
137517920
137483323
137491301
137109280
136397189
137022120
136767627
137549565
136873195
136503425
137452468
137430244
137462120
135262252
131482525
137200490
136898474
137313213
137119566
137097556
137167293
136927338
135417502
136656421
136832627
135996008
137523333
137500662
135435861
134177399
136987540
137342475
136194509
136363134
137199872
137280836
137459302
136685333
137312379
137479355
137098813
136462770
137216840
130431272
133592461
137233204
137142739
137525626
137364145
137482184
137431264
137138632
137269945
134147058
136810275
137120225
137093970
137510744
136983070
137487451
136662809
132287801
136646267
137308277
137449255
137421198
137070011
137108504
137187404
137029369
137307341
137315354
136993821
136866026
137290893
137351871
137529697
137042206
137296475
137110269
135876396
136976412
137389442
136388076
137123838
135823826
136462800
137524476
115794035
137382834
137360910
137241962
137475552
136549503
137161882
130520557
137117046
135625028
137336584
137434571
136915467
137085518
137149939
137486718
137443419
137251572
136927497
136542139
137050015
137105854
137255110
137314759
137252181
136294382
137197986
137364030
126969674
136001476
137550406
132508945
134457560
137537748
135178946
136584750
136636747
137071429
136447558
137501341
135610492
137039635
136093787
137267390
137311117
136177180
135277171
137126998
135550337
136842078
137185284
137476566
137499846
136990690
136026183
135124237
137092974
137424036
136955401
137226658
136880621
137518048
137225121
136988170
135243211
137329723
136832660
137516214
136731860
137039576
135184594
135503458
135726251
136143403
137336519
137371796
137203317
136870386
137360527
136511514
136602496
137519379
137487733
136826124
137010919
137037388
137466136
137033109
136491253
137435018
